dataset,dataset_stage,dataset_pass,training_stage,checkpoint,metric_name,metric_value,weight_path,net
KITTI,train,,K,kitti.pth,EPE,0.6136693358421326,models/_pretrained_weights/FlowFormer-Models/kitti.pth,FlowFormer
KITTI,train,,K,kitti.pth,IR_{1px},0.89073707601118,models/_pretrained_weights/FlowFormer-Models/kitti.pth,FlowFormer
KITTI,train,,K,kitti.pth,IR_{3px},0.971812373615743,models/_pretrained_weights/FlowFormer-Models/kitti.pth,FlowFormer
KITTI,train,,K,kitti.pth,IR_{5px},0.9856959502550248,models/_pretrained_weights/FlowFormer-Models/kitti.pth,FlowFormer
KITTI,train,,K,kitti.pth,fl-kitti,0.013775205333922,models/_pretrained_weights/FlowFormer-Models/kitti.pth,FlowFormer
KITTI,train,,K,kitti.pth,MSE,8.8541259765625,models/_pretrained_weights/FlowFormer-Models/kitti.pth,FlowFormer
KITTI,train,,K,kitti.pth,WAUC,0.8679971359880245,models/_pretrained_weights/FlowFormer-Models/kitti.pth,FlowFormer
KITTI,train,,C,chairs.pth,EPE,10.222094535827637,models/_pretrained_weights/FlowFormer-Models/chairs.pth,FlowFormer
KITTI,train,,C,chairs.pth,IR_{1px},0.397270390090472,models/_pretrained_weights/FlowFormer-Models/chairs.pth,FlowFormer
KITTI,train,,C,chairs.pth,IR_{3px},0.651664722340846,models/_pretrained_weights/FlowFormer-Models/chairs.pth,FlowFormer
KITTI,train,,C,chairs.pth,IR_{5px},0.7362838229120107,models/_pretrained_weights/FlowFormer-Models/chairs.pth,FlowFormer
KITTI,train,,C,chairs.pth,fl-kitti,0.3397561100888072,models/_pretrained_weights/FlowFormer-Models/chairs.pth,FlowFormer
KITTI,train,,C,chairs.pth,MSE,400.6820373535156,models/_pretrained_weights/FlowFormer-Models/chairs.pth,FlowFormer
KITTI,train,,C,chairs.pth,WAUC,0.4532577368795147,models/_pretrained_weights/FlowFormer-Models/chairs.pth,FlowFormer
KITTI,train,,S,sintel.pth,EPE,3.041105031967163,models/_pretrained_weights/FlowFormer-Models/sintel.pth,FlowFormer
KITTI,train,,S,sintel.pth,IR_{1px},0.7937138210516145,models/_pretrained_weights/FlowFormer-Models/sintel.pth,FlowFormer
KITTI,train,,S,sintel.pth,IR_{3px},0.9282180452750448,models/_pretrained_weights/FlowFormer-Models/sintel.pth,FlowFormer
KITTI,train,,S,sintel.pth,IR_{5px},0.9557389158356708,models/_pretrained_weights/FlowFormer-Models/sintel.pth,FlowFormer
KITTI,train,,S,sintel.pth,fl-kitti,0.0474273444184757,models/_pretrained_weights/FlowFormer-Models/sintel.pth,FlowFormer
KITTI,train,,S,sintel.pth,MSE,289.585205078125,models/_pretrained_weights/FlowFormer-Models/sintel.pth,FlowFormer
KITTI,train,,S,sintel.pth,WAUC,0.7757647806347725,models/_pretrained_weights/FlowFormer-Models/sintel.pth,FlowFormer
KITTI,train,,C+T,things.pth,EPE,6.194524765014648,models/_pretrained_weights/FlowFormer-Models/things.pth,FlowFormer
KITTI,train,,C+T,things.pth,IR_{1px},0.6398477208806507,models/_pretrained_weights/FlowFormer-Models/things.pth,FlowFormer
KITTI,train,,C+T,things.pth,IR_{3px},0.8237892136536809,models/_pretrained_weights/FlowFormer-Models/things.pth,FlowFormer
KITTI,train,,C+T,things.pth,IR_{5px},0.8694870330323172,models/_pretrained_weights/FlowFormer-Models/things.pth,FlowFormer
KITTI,train,,C+T,things.pth,fl-kitti,0.156295751503187,models/_pretrained_weights/FlowFormer-Models/things.pth,FlowFormer
KITTI,train,,C+T,things.pth,MSE,399.3922729492188,models/_pretrained_weights/FlowFormer-Models/things.pth,FlowFormer
KITTI,train,,C+T,things.pth,WAUC,0.6440453347006532,models/_pretrained_weights/FlowFormer-Models/things.pth,FlowFormer
KITTI,train,,K,matchflow-g-kitti.pth,EPE,0.6012875437736511,models/_pretrained_weights/matchflow_weights/matchflow-g/matchflow-g-kitti.pth,MatchFlow (G)
KITTI,train,,K,matchflow-g-kitti.pth,IR_{1px},0.8868224588621964,models/_pretrained_weights/matchflow_weights/matchflow-g/matchflow-g-kitti.pth,MatchFlow (G)
KITTI,train,,K,matchflow-g-kitti.pth,IR_{3px},0.9699645764627628,models/_pretrained_weights/matchflow_weights/matchflow-g/matchflow-g-kitti.pth,MatchFlow (G)
KITTI,train,,K,matchflow-g-kitti.pth,IR_{5px},0.9849518460252662,models/_pretrained_weights/matchflow_weights/matchflow-g/matchflow-g-kitti.pth,MatchFlow (G)
KITTI,train,,K,matchflow-g-kitti.pth,fl-kitti,0.013738554576652,models/_pretrained_weights/matchflow_weights/matchflow-g/matchflow-g-kitti.pth,MatchFlow (G)
KITTI,train,,K,matchflow-g-kitti.pth,MSE,7.385310173034668,models/_pretrained_weights/matchflow_weights/matchflow-g/matchflow-g-kitti.pth,MatchFlow (G)
KITTI,train,,K,matchflow-g-kitti.pth,WAUC,0.8642895237236449,models/_pretrained_weights/matchflow_weights/matchflow-g/matchflow-g-kitti.pth,MatchFlow (G)
KITTI,train,,S,matchflow-g-sintel.pth,EPE,1.2739834785461426,models/_pretrained_weights/matchflow_weights/matchflow-g/matchflow-g-sintel.pth,MatchFlow (G)
KITTI,train,,S,matchflow-g-sintel.pth,IR_{1px},0.7974645694930291,models/_pretrained_weights/matchflow_weights/matchflow-g/matchflow-g-sintel.pth,MatchFlow (G)
KITTI,train,,S,matchflow-g-sintel.pth,IR_{3px},0.9301173590667,models/_pretrained_weights/matchflow_weights/matchflow-g/matchflow-g-sintel.pth,MatchFlow (G)
KITTI,train,,S,matchflow-g-sintel.pth,IR_{5px},0.9585644684836688,models/_pretrained_weights/matchflow_weights/matchflow-g/matchflow-g-sintel.pth,MatchFlow (G)
KITTI,train,,S,matchflow-g-sintel.pth,fl-kitti,0.0442144766644075,models/_pretrained_weights/matchflow_weights/matchflow-g/matchflow-g-sintel.pth,MatchFlow (G)
KITTI,train,,S,matchflow-g-sintel.pth,MSE,17.9954891204834,models/_pretrained_weights/matchflow_weights/matchflow-g/matchflow-g-sintel.pth,MatchFlow (G)
KITTI,train,,S,matchflow-g-sintel.pth,WAUC,0.7799635675036397,models/_pretrained_weights/matchflow_weights/matchflow-g/matchflow-g-sintel.pth,MatchFlow (G)
KITTI,train,,C,matchflow-g-chairs.pth,EPE,16.136669158935547,models/_pretrained_weights/matchflow_weights/matchflow-g/matchflow-g-chairs.pth,MatchFlow (G)
KITTI,train,,C,matchflow-g-chairs.pth,IR_{1px},0.3657018989388718,models/_pretrained_weights/matchflow_weights/matchflow-g/matchflow-g-chairs.pth,MatchFlow (G)
KITTI,train,,C,matchflow-g-chairs.pth,IR_{3px},0.5709108026060941,models/_pretrained_weights/matchflow_weights/matchflow-g/matchflow-g-chairs.pth,MatchFlow (G)
KITTI,train,,C,matchflow-g-chairs.pth,IR_{5px},0.6412182377491833,models/_pretrained_weights/matchflow_weights/matchflow-g/matchflow-g-chairs.pth,MatchFlow (G)
KITTI,train,,C,matchflow-g-chairs.pth,fl-kitti,0.4264182996929173,models/_pretrained_weights/matchflow_weights/matchflow-g/matchflow-g-chairs.pth,MatchFlow (G)
KITTI,train,,C,matchflow-g-chairs.pth,MSE,670.22900390625,models/_pretrained_weights/matchflow_weights/matchflow-g/matchflow-g-chairs.pth,MatchFlow (G)
KITTI,train,,C,matchflow-g-chairs.pth,WAUC,0.4109299583047832,models/_pretrained_weights/matchflow_weights/matchflow-g/matchflow-g-chairs.pth,MatchFlow (G)
KITTI,train,,C+T,matchflow-g-things.pth,EPE,4.723527908325195,models/_pretrained_weights/matchflow_weights/matchflow-g/matchflow-g-things.pth,MatchFlow (G)
KITTI,train,,C+T,matchflow-g-things.pth,IR_{1px},0.6514616168354631,models/_pretrained_weights/matchflow_weights/matchflow-g/matchflow-g-things.pth,MatchFlow (G)
KITTI,train,,C+T,matchflow-g-things.pth,IR_{3px},0.8164658584826029,models/_pretrained_weights/matchflow_weights/matchflow-g/matchflow-g-things.pth,MatchFlow (G)
KITTI,train,,C+T,matchflow-g-things.pth,IR_{5px},0.8605390361183458,models/_pretrained_weights/matchflow_weights/matchflow-g/matchflow-g-things.pth,MatchFlow (G)
KITTI,train,,C+T,matchflow-g-things.pth,fl-kitti,0.1668066912295949,models/_pretrained_weights/matchflow_weights/matchflow-g/matchflow-g-things.pth,MatchFlow (G)
KITTI,train,,C+T,matchflow-g-things.pth,MSE,139.86277770996094,models/_pretrained_weights/matchflow_weights/matchflow-g/matchflow-g-things.pth,MatchFlow (G)
KITTI,train,,C+T,matchflow-g-things.pth,WAUC,0.6510220398804133,models/_pretrained_weights/matchflow_weights/matchflow-g/matchflow-g-things.pth,MatchFlow (G)
KITTI,train,,K,CCMR+_kitti.pth,EPE,0.744852602481842,models/_pretrained_weights/ccmr_weights/CCMR+_kitti.pth,CCMR+
KITTI,train,,K,CCMR+_kitti.pth,IR_{1px},0.8689044364819108,models/_pretrained_weights/ccmr_weights/CCMR+_kitti.pth,CCMR+
KITTI,train,,K,CCMR+_kitti.pth,IR_{3px},0.9586926962614916,models/_pretrained_weights/ccmr_weights/CCMR+_kitti.pth,CCMR+
KITTI,train,,K,CCMR+_kitti.pth,IR_{5px},0.9777633612169816,models/_pretrained_weights/ccmr_weights/CCMR+_kitti.pth,CCMR+
KITTI,train,,K,CCMR+_kitti.pth,fl-kitti,0.0194677935847313,models/_pretrained_weights/ccmr_weights/CCMR+_kitti.pth,CCMR+
KITTI,train,,K,CCMR+_kitti.pth,MSE,8.704629898071289,models/_pretrained_weights/ccmr_weights/CCMR+_kitti.pth,CCMR+
KITTI,train,,K,CCMR+_kitti.pth,WAUC,0.8427028672213234,models/_pretrained_weights/ccmr_weights/CCMR+_kitti.pth,CCMR+
KITTI,train,,C+T,CCMR+_things.pth,EPE,4.210625171661377,models/_pretrained_weights/ccmr_weights/CCMR+_things.pth,CCMR+
KITTI,train,,C+T,CCMR+_things.pth,IR_{1px},0.7328345368198603,models/_pretrained_weights/ccmr_weights/CCMR+_things.pth,CCMR+
KITTI,train,,C+T,CCMR+_things.pth,IR_{3px},0.8552246722415506,models/_pretrained_weights/ccmr_weights/CCMR+_things.pth,CCMR+
KITTI,train,,C+T,CCMR+_things.pth,IR_{5px},0.8884533870763045,models/_pretrained_weights/ccmr_weights/CCMR+_things.pth,CCMR+
KITTI,train,,C+T,CCMR+_things.pth,fl-kitti,0.1260080863272664,models/_pretrained_weights/ccmr_weights/CCMR+_things.pth,CCMR+
KITTI,train,,C+T,CCMR+_things.pth,MSE,170.1457061767578,models/_pretrained_weights/ccmr_weights/CCMR+_things.pth,CCMR+
KITTI,train,,C+T,CCMR+_things.pth,WAUC,0.7190143283246593,models/_pretrained_weights/ccmr_weights/CCMR+_things.pth,CCMR+
KITTI,train,,S,CCMR+_sintel.pth,EPE,1.0340161323547363,models/_pretrained_weights/ccmr_weights/CCMR+_sintel.pth,CCMR+
KITTI,train,,S,CCMR+_sintel.pth,IR_{1px},0.8330621234330172,models/_pretrained_weights/ccmr_weights/CCMR+_sintel.pth,CCMR+
KITTI,train,,S,CCMR+_sintel.pth,IR_{3px},0.9442793793265812,models/_pretrained_weights/ccmr_weights/CCMR+_sintel.pth,CCMR+
KITTI,train,,S,CCMR+_sintel.pth,IR_{5px},0.9670090386310928,models/_pretrained_weights/ccmr_weights/CCMR+_sintel.pth,CCMR+
KITTI,train,,S,CCMR+_sintel.pth,fl-kitti,0.0320922550224982,models/_pretrained_weights/ccmr_weights/CCMR+_sintel.pth,CCMR+
KITTI,train,,S,CCMR+_sintel.pth,MSE,13.412090301513672,models/_pretrained_weights/ccmr_weights/CCMR+_sintel.pth,CCMR+
KITTI,train,,S,CCMR+_sintel.pth,WAUC,0.8112930886651045,models/_pretrained_weights/ccmr_weights/CCMR+_sintel.pth,CCMR+
KITTI,train,,C+T,FlowNet2_checkpoint.pth.tar,EPE,10.641767501831056,models/_pretrained_weights/FlowNet/FlowNet2_checkpoint.pth.tar,FlowNet2
KITTI,train,,C+T,FlowNet2_checkpoint.pth.tar,IR_{1px},0.5242849452680168,models/_pretrained_weights/FlowNet/FlowNet2_checkpoint.pth.tar,FlowNet2
KITTI,train,,C+T,FlowNet2_checkpoint.pth.tar,IR_{3px},0.6881051094503009,models/_pretrained_weights/FlowNet/FlowNet2_checkpoint.pth.tar,FlowNet2
KITTI,train,,C+T,FlowNet2_checkpoint.pth.tar,IR_{5px},0.7372286972600719,models/_pretrained_weights/FlowNet/FlowNet2_checkpoint.pth.tar,FlowNet2
KITTI,train,,C+T,FlowNet2_checkpoint.pth.tar,fl-kitti,0.3055558128991331,models/_pretrained_weights/FlowNet/FlowNet2_checkpoint.pth.tar,FlowNet2
KITTI,train,,C+T,FlowNet2_checkpoint.pth.tar,MSE,396.5199279785156,models/_pretrained_weights/FlowNet/FlowNet2_checkpoint.pth.tar,FlowNet2
KITTI,train,,C+T,FlowNet2_checkpoint.pth.tar,WAUC,0.5356011272342619,models/_pretrained_weights/FlowNet/FlowNet2_checkpoint.pth.tar,FlowNet2
KITTI,train,,C+T,gmflow-scale2-things-36579974.pth,EPE,6.933721542358398,models/_pretrained_weights/unimatch_weights/gmflow-scale2-things-36579974.pth,GMFlow+ (s2)
KITTI,train,,C+T,gmflow-scale2-things-36579974.pth,IR_{1px},0.5819172103090533,models/_pretrained_weights/unimatch_weights/gmflow-scale2-things-36579974.pth,GMFlow+ (s2)
KITTI,train,,C+T,gmflow-scale2-things-36579974.pth,IR_{3px},0.7676916613896322,models/_pretrained_weights/unimatch_weights/gmflow-scale2-things-36579974.pth,GMFlow+ (s2)
KITTI,train,,C+T,gmflow-scale2-things-36579974.pth,IR_{5px},0.8182877603534792,models/_pretrained_weights/unimatch_weights/gmflow-scale2-things-36579974.pth,GMFlow+ (s2)
KITTI,train,,C+T,gmflow-scale2-things-36579974.pth,fl-kitti,0.2190271863604333,models/_pretrained_weights/unimatch_weights/gmflow-scale2-things-36579974.pth,GMFlow+ (s2)
KITTI,train,,C+T,gmflow-scale2-things-36579974.pth,MSE,245.28982543945312,models/_pretrained_weights/unimatch_weights/gmflow-scale2-things-36579974.pth,GMFlow+ (s2)
KITTI,train,,C+T,gmflow-scale2-things-36579974.pth,WAUC,0.5904053267382755,models/_pretrained_weights/unimatch_weights/gmflow-scale2-things-36579974.pth,GMFlow+ (s2)
KITTI,train,,mixed,gmflow-scale2-mixdata-train320x576-9ff1c094.pth,EPE,2.414834499359131,models/_pretrained_weights/unimatch_weights/gmflow-scale2-mixdata-train320x576-9ff1c094.pth,GMFlow+ (s2)
KITTI,train,,mixed,gmflow-scale2-mixdata-train320x576-9ff1c094.pth,IR_{1px},0.6959206836471874,models/_pretrained_weights/unimatch_weights/gmflow-scale2-mixdata-train320x576-9ff1c094.pth,GMFlow+ (s2)
KITTI,train,,mixed,gmflow-scale2-mixdata-train320x576-9ff1c094.pth,IR_{3px},0.8723967143565219,models/_pretrained_weights/unimatch_weights/gmflow-scale2-mixdata-train320x576-9ff1c094.pth,GMFlow+ (s2)
KITTI,train,,mixed,gmflow-scale2-mixdata-train320x576-9ff1c094.pth,IR_{5px},0.9147881329360812,models/_pretrained_weights/unimatch_weights/gmflow-scale2-mixdata-train320x576-9ff1c094.pth,GMFlow+ (s2)
KITTI,train,,mixed,gmflow-scale2-mixdata-train320x576-9ff1c094.pth,fl-kitti,0.1006827686212107,models/_pretrained_weights/unimatch_weights/gmflow-scale2-mixdata-train320x576-9ff1c094.pth,GMFlow+ (s2)
KITTI,train,,mixed,gmflow-scale2-mixdata-train320x576-9ff1c094.pth,MSE,42.03613662719727,models/_pretrained_weights/unimatch_weights/gmflow-scale2-mixdata-train320x576-9ff1c094.pth,GMFlow+ (s2)
KITTI,train,,mixed,gmflow-scale2-mixdata-train320x576-9ff1c094.pth,WAUC,0.6863943067738298,models/_pretrained_weights/unimatch_weights/gmflow-scale2-mixdata-train320x576-9ff1c094.pth,GMFlow+ (s2)
KITTI,train,,S,gmflow-scale2-sintel-3ed1cf48.pth,EPE,2.0003833770751958,models/_pretrained_weights/unimatch_weights/gmflow-scale2-sintel-3ed1cf48.pth,GMFlow+ (s2)
KITTI,train,,S,gmflow-scale2-sintel-3ed1cf48.pth,IR_{1px},0.7429567333204388,models/_pretrained_weights/unimatch_weights/gmflow-scale2-sintel-3ed1cf48.pth,GMFlow+ (s2)
KITTI,train,,S,gmflow-scale2-sintel-3ed1cf48.pth,IR_{3px},0.8959183258532984,models/_pretrained_weights/unimatch_weights/gmflow-scale2-sintel-3ed1cf48.pth,GMFlow+ (s2)
KITTI,train,,S,gmflow-scale2-sintel-3ed1cf48.pth,IR_{5px},0.9303812786371752,models/_pretrained_weights/unimatch_weights/gmflow-scale2-sintel-3ed1cf48.pth,GMFlow+ (s2)
KITTI,train,,S,gmflow-scale2-sintel-3ed1cf48.pth,fl-kitti,0.0785576418102928,models/_pretrained_weights/unimatch_weights/gmflow-scale2-sintel-3ed1cf48.pth,GMFlow+ (s2)
KITTI,train,,S,gmflow-scale2-sintel-3ed1cf48.pth,MSE,33.29491424560547,models/_pretrained_weights/unimatch_weights/gmflow-scale2-sintel-3ed1cf48.pth,GMFlow+ (s2)
KITTI,train,,S,gmflow-scale2-sintel-3ed1cf48.pth,WAUC,0.7265473720918496,models/_pretrained_weights/unimatch_weights/gmflow-scale2-sintel-3ed1cf48.pth,GMFlow+ (s2)
KITTI,train,,S,pwc_net.pth.tar,EPE,4.4316911697387695,models/_pretrained_weights/pwc_net.pth.tar,PWCNet
KITTI,train,,S,pwc_net.pth.tar,IR_{1px},0.260172797959138,models/_pretrained_weights/pwc_net.pth.tar,PWCNet
KITTI,train,,S,pwc_net.pth.tar,IR_{3px},0.8205178608249478,models/_pretrained_weights/pwc_net.pth.tar,PWCNet
KITTI,train,,S,pwc_net.pth.tar,IR_{5px},0.8930113484067955,models/_pretrained_weights/pwc_net.pth.tar,PWCNet
KITTI,train,,S,pwc_net.pth.tar,fl-kitti,0.1422807868277785,models/_pretrained_weights/pwc_net.pth.tar,PWCNet
KITTI,train,,S,pwc_net.pth.tar,MSE,136.31365966796875,models/_pretrained_weights/pwc_net.pth.tar,PWCNet
KITTI,train,,S,pwc_net.pth.tar,WAUC,0.4544638137656506,models/_pretrained_weights/pwc_net.pth.tar,PWCNet
KITTI,train,,C+T,pwc_net_chairs.pth.tar,EPE,13.170945167541504,models/_pretrained_weights/pwc_net_chairs.pth.tar,PWCNet
KITTI,train,,C+T,pwc_net_chairs.pth.tar,IR_{1px},0.2271696447709388,models/_pretrained_weights/pwc_net_chairs.pth.tar,PWCNet
KITTI,train,,C+T,pwc_net_chairs.pth.tar,IR_{3px},0.5893897598778872,models/_pretrained_weights/pwc_net_chairs.pth.tar,PWCNet
KITTI,train,,C+T,pwc_net_chairs.pth.tar,IR_{5px},0.6797248343074043,models/_pretrained_weights/pwc_net_chairs.pth.tar,PWCNet
KITTI,train,,C+T,pwc_net_chairs.pth.tar,fl-kitti,0.4038081595908083,models/_pretrained_weights/pwc_net_chairs.pth.tar,PWCNet
KITTI,train,,C+T,pwc_net_chairs.pth.tar,MSE,528.3101806640625,models/_pretrained_weights/pwc_net_chairs.pth.tar,PWCNet
KITTI,train,,C+T,pwc_net_chairs.pth.tar,WAUC,0.3429981352884999,models/_pretrained_weights/pwc_net_chairs.pth.tar,PWCNet
KITTI,train,,C+T,_things_phase1_100000.pth,EPE,4.527623176574707,models/_pretrained_weights/ms_raft_plus/_things_phase1_100000.pth,MS-RAFT+
KITTI,train,,C+T,_things_phase1_100000.pth,IR_{1px},0.7305754131222703,models/_pretrained_weights/ms_raft_plus/_things_phase1_100000.pth,MS-RAFT+
KITTI,train,,C+T,_things_phase1_100000.pth,IR_{3px},0.8478888110230863,models/_pretrained_weights/ms_raft_plus/_things_phase1_100000.pth,MS-RAFT+
KITTI,train,,C+T,_things_phase1_100000.pth,IR_{5px},0.8810759137088624,models/_pretrained_weights/ms_raft_plus/_things_phase1_100000.pth,MS-RAFT+
KITTI,train,,C+T,_things_phase1_100000.pth,fl-kitti,0.1350470200921064,models/_pretrained_weights/ms_raft_plus/_things_phase1_100000.pth,MS-RAFT+
KITTI,train,,C+T,_things_phase1_100000.pth,MSE,173.67941284179688,models/_pretrained_weights/ms_raft_plus/_things_phase1_100000.pth,MS-RAFT+
KITTI,train,,C+T,_things_phase1_100000.pth,WAUC,0.715016827540255,models/_pretrained_weights/ms_raft_plus/_things_phase1_100000.pth,MS-RAFT+
KITTI,train,,mixed,mixed.pth,EPE,0.6978750824928284,models/_pretrained_weights/ms_raft_plus/mixed.pth,MS-RAFT+
KITTI,train,,mixed,mixed.pth,IR_{1px},0.8762154359228705,models/_pretrained_weights/ms_raft_plus/mixed.pth,MS-RAFT+
KITTI,train,,mixed,mixed.pth,IR_{3px},0.9640296110727744,models/_pretrained_weights/ms_raft_plus/mixed.pth,MS-RAFT+
KITTI,train,,mixed,mixed.pth,IR_{5px},0.980698300331696,models/_pretrained_weights/ms_raft_plus/mixed.pth,MS-RAFT+
KITTI,train,,mixed,mixed.pth,fl-kitti,0.0176042661954619,models/_pretrained_weights/ms_raft_plus/mixed.pth,MS-RAFT+
KITTI,train,,mixed,mixed.pth,MSE,8.577564239501953,models/_pretrained_weights/ms_raft_plus/mixed.pth,MS-RAFT+
KITTI,train,,mixed,mixed.pth,WAUC,0.8503555175848598,models/_pretrained_weights/ms_raft_plus/mixed.pth,MS-RAFT+
KITTI,train,,C+T,FlowNet2-C_checkpoint.pth.tar,EPE,12.094995498657228,models/_pretrained_weights/FlowNet/FlowNet2-C_checkpoint.pth.tar,FlowNet2C
KITTI,train,,C+T,FlowNet2-C_checkpoint.pth.tar,IR_{1px},0.2738122968989133,models/_pretrained_weights/FlowNet/FlowNet2-C_checkpoint.pth.tar,FlowNet2C
KITTI,train,,C+T,FlowNet2-C_checkpoint.pth.tar,IR_{3px},0.5417167753806661,models/_pretrained_weights/FlowNet/FlowNet2-C_checkpoint.pth.tar,FlowNet2C
KITTI,train,,C+T,FlowNet2-C_checkpoint.pth.tar,IR_{5px},0.6422142081465394,models/_pretrained_weights/FlowNet/FlowNet2-C_checkpoint.pth.tar,FlowNet2C
KITTI,train,,C+T,FlowNet2-C_checkpoint.pth.tar,fl-kitti,0.4528176325330409,models/_pretrained_weights/FlowNet/FlowNet2-C_checkpoint.pth.tar,FlowNet2C
KITTI,train,,C+T,FlowNet2-C_checkpoint.pth.tar,MSE,404.2962646484375,models/_pretrained_weights/FlowNet/FlowNet2-C_checkpoint.pth.tar,FlowNet2C
KITTI,train,,C+T,FlowNet2-C_checkpoint.pth.tar,WAUC,0.3447540619863806,models/_pretrained_weights/FlowNet/FlowNet2-C_checkpoint.pth.tar,FlowNet2C
KITTI,train,,C+T,raft-things.pth,EPE,5.448503494262695,models/_pretrained_weights/raft-things.pth,RAFT
KITTI,train,,C+T,raft-things.pth,IR_{1px},0.6313859536908978,models/_pretrained_weights/raft-things.pth,RAFT
KITTI,train,,C+T,raft-things.pth,IR_{3px},0.8059694814503385,models/_pretrained_weights/raft-things.pth,RAFT
KITTI,train,,C+T,raft-things.pth,IR_{5px},0.8505398836767537,models/_pretrained_weights/raft-things.pth,RAFT
KITTI,train,,C+T,raft-things.pth,fl-kitti,0.1785682365305101,models/_pretrained_weights/raft-things.pth,RAFT
KITTI,train,,C+T,raft-things.pth,MSE,193.81375122070312,models/_pretrained_weights/raft-things.pth,RAFT
KITTI,train,,C+T,raft-things.pth,WAUC,0.6329593608366069,models/_pretrained_weights/raft-things.pth,RAFT
KITTI,train,,S,raft-sintel.pth,EPE,1.5272690057754517,models/_pretrained_weights/raft-sintel.pth,RAFT
KITTI,train,,S,raft-sintel.pth,IR_{1px},0.7628043273625988,models/_pretrained_weights/raft-sintel.pth,RAFT
KITTI,train,,S,raft-sintel.pth,IR_{3px},0.9172713912149546,models/_pretrained_weights/raft-sintel.pth,RAFT
KITTI,train,,S,raft-sintel.pth,IR_{5px},0.9505313812117656,models/_pretrained_weights/raft-sintel.pth,RAFT
KITTI,train,,S,raft-sintel.pth,fl-kitti,0.0547603215365371,models/_pretrained_weights/raft-sintel.pth,RAFT
KITTI,train,,S,raft-sintel.pth,MSE,23.400102615356445,models/_pretrained_weights/raft-sintel.pth,RAFT
KITTI,train,,S,raft-sintel.pth,WAUC,0.7520748648192197,models/_pretrained_weights/raft-sintel.pth,RAFT
KITTI,train,,K,raft-kitti.pth,EPE,0.6309887170791626,models/_pretrained_weights/raft-kitti.pth,RAFT
KITTI,train,,K,raft-kitti.pth,IR_{1px},0.8785218901104993,models/_pretrained_weights/raft-kitti.pth,RAFT
KITTI,train,,K,raft-kitti.pth,IR_{3px},0.9702099786675292,models/_pretrained_weights/raft-kitti.pth,RAFT
KITTI,train,,K,raft-kitti.pth,IR_{5px},0.985715641613032,models/_pretrained_weights/raft-kitti.pth,RAFT
KITTI,train,,K,raft-kitti.pth,fl-kitti,0.0151763387463765,models/_pretrained_weights/raft-kitti.pth,RAFT
KITTI,train,,K,raft-kitti.pth,MSE,7.787985801696777,models/_pretrained_weights/raft-kitti.pth,RAFT
KITTI,train,,K,raft-kitti.pth,WAUC,0.854698879459419,models/_pretrained_weights/raft-kitti.pth,RAFT
KITTI,train,,C,raft-chairs.pth,EPE,9.931269645690918,models/_pretrained_weights/raft-chairs.pth,RAFT
KITTI,train,,C,raft-chairs.pth,IR_{1px},0.3434464744119336,models/_pretrained_weights/raft-chairs.pth,RAFT
KITTI,train,,C,raft-chairs.pth,IR_{3px},0.627882277314531,models/_pretrained_weights/raft-chairs.pth,RAFT
KITTI,train,,C,raft-chairs.pth,IR_{5px},0.7215061301069625,models/_pretrained_weights/raft-chairs.pth,RAFT
KITTI,train,,C,raft-chairs.pth,fl-kitti,0.3638642057532051,models/_pretrained_weights/raft-chairs.pth,RAFT
KITTI,train,,C,raft-chairs.pth,MSE,356.2690734863281,models/_pretrained_weights/raft-chairs.pth,RAFT
KITTI,train,,C,raft-chairs.pth,WAUC,0.4227015899221044,models/_pretrained_weights/raft-chairs.pth,RAFT
KITTI,train,,C,gma-chairs.pth,EPE,11.163634300231934,models/_pretrained_weights/gma-chairs.pth,GMA
KITTI,train,,C,gma-chairs.pth,IR_{1px},0.3787986984718084,models/_pretrained_weights/gma-chairs.pth,GMA
KITTI,train,,C,gma-chairs.pth,IR_{3px},0.6352821461306872,models/_pretrained_weights/gma-chairs.pth,GMA
KITTI,train,,C,gma-chairs.pth,IR_{5px},0.7180801751692673,models/_pretrained_weights/gma-chairs.pth,GMA
KITTI,train,,C,gma-chairs.pth,fl-kitti,0.3576884728306541,models/_pretrained_weights/gma-chairs.pth,GMA
KITTI,train,,C,gma-chairs.pth,MSE,471.5930480957031,models/_pretrained_weights/gma-chairs.pth,GMA
KITTI,train,,C,gma-chairs.pth,WAUC,0.441400004559327,models/_pretrained_weights/gma-chairs.pth,GMA
KITTI,train,,C+T,gma-things.pth,EPE,6.0722737312316895,models/_pretrained_weights/gma-things.pth,GMA
KITTI,train,,C+T,gma-things.pth,IR_{1px},0.6091532382299175,models/_pretrained_weights/gma-things.pth,GMA
KITTI,train,,C+T,gma-things.pth,IR_{3px},0.7876172766408311,models/_pretrained_weights/gma-things.pth,GMA
KITTI,train,,C+T,gma-things.pth,IR_{5px},0.8344157377252591,models/_pretrained_weights/gma-things.pth,GMA
KITTI,train,,C+T,gma-things.pth,fl-kitti,0.197758138380079,models/_pretrained_weights/gma-things.pth,GMA
KITTI,train,,C+T,gma-things.pth,MSE,215.2179718017578,models/_pretrained_weights/gma-things.pth,GMA
KITTI,train,,C+T,gma-things.pth,WAUC,0.6140001454911309,models/_pretrained_weights/gma-things.pth,GMA
KITTI,train,,K,gma-kitti.pth,EPE,0.6017005443572998,models/_pretrained_weights/gma-kitti.pth,GMA
KITTI,train,,K,gma-kitti.pth,IR_{1px},0.8824044691241079,models/_pretrained_weights/gma-kitti.pth,GMA
KITTI,train,,K,gma-kitti.pth,IR_{3px},0.9704364781172836,models/_pretrained_weights/gma-kitti.pth,GMA
KITTI,train,,K,gma-kitti.pth,IR_{5px},0.9858853073098676,models/_pretrained_weights/gma-kitti.pth,GMA
KITTI,train,,K,gma-kitti.pth,fl-kitti,0.0141984639296035,models/_pretrained_weights/gma-kitti.pth,GMA
KITTI,train,,K,gma-kitti.pth,MSE,7.317727088928223,models/_pretrained_weights/gma-kitti.pth,GMA
KITTI,train,,K,gma-kitti.pth,WAUC,0.859382409871263,models/_pretrained_weights/gma-kitti.pth,GMA
KITTI,train,,S,gma-sintel.pth,EPE,1.5843428373336792,models/_pretrained_weights/gma-sintel.pth,GMA
KITTI,train,,S,gma-sintel.pth,IR_{1px},0.7655525671333401,models/_pretrained_weights/gma-sintel.pth,GMA
KITTI,train,,S,gma-sintel.pth,IR_{3px},0.9149603185213706,models/_pretrained_weights/gma-sintel.pth,GMA
KITTI,train,,S,gma-sintel.pth,IR_{5px},0.9470686893545304,models/_pretrained_weights/gma-sintel.pth,GMA
KITTI,train,,S,gma-sintel.pth,fl-kitti,0.0572200091382308,models/_pretrained_weights/gma-sintel.pth,GMA
KITTI,train,,S,gma-sintel.pth,MSE,24.2193660736084,models/_pretrained_weights/gma-sintel.pth,GMA
KITTI,train,,S,gma-sintel.pth,WAUC,0.7523962445456029,models/_pretrained_weights/gma-sintel.pth,GMA
KITTI,train,,tartan,Tartan480x640-S.pth,EPE,3.855874538421631,models/_pretrained_weights/SEA-RAFT-models/Tartan480x640-S.pth,SEA-RAFT (S)
KITTI,train,,tartan,Tartan480x640-S.pth,IR_{1px},0.703903322372257,models/_pretrained_weights/SEA-RAFT-models/Tartan480x640-S.pth,SEA-RAFT (S)
KITTI,train,,tartan,Tartan480x640-S.pth,IR_{3px},0.8579163078256019,models/_pretrained_weights/SEA-RAFT-models/Tartan480x640-S.pth,SEA-RAFT (S)
KITTI,train,,tartan,Tartan480x640-S.pth,IR_{5px},0.897304646724952,models/_pretrained_weights/SEA-RAFT-models/Tartan480x640-S.pth,SEA-RAFT (S)
KITTI,train,,tartan,Tartan480x640-S.pth,fl-kitti,0.1177704383986796,models/_pretrained_weights/SEA-RAFT-models/Tartan480x640-S.pth,SEA-RAFT (S)
KITTI,train,,tartan,Tartan480x640-S.pth,MSE,136.9228973388672,models/_pretrained_weights/SEA-RAFT-models/Tartan480x640-S.pth,SEA-RAFT (S)
KITTI,train,,tartan,Tartan480x640-S.pth,WAUC,0.6998977238475327,models/_pretrained_weights/SEA-RAFT-models/Tartan480x640-S.pth,SEA-RAFT (S)
KITTI,train,,K,Tartan-C-T-TSKH-kitti432x960-S.pth,EPE,0.9388412237167358,models/_pretrained_weights/SEA-RAFT-models/Tartan-C-T-TSKH-kitti432x960-S.pth,SEA-RAFT (S)
KITTI,train,,K,Tartan-C-T-TSKH-kitti432x960-S.pth,IR_{1px},0.853288882665143,models/_pretrained_weights/SEA-RAFT-models/Tartan-C-T-TSKH-kitti432x960-S.pth,SEA-RAFT (S)
KITTI,train,,K,Tartan-C-T-TSKH-kitti432x960-S.pth,IR_{3px},0.9535477208592016,models/_pretrained_weights/SEA-RAFT-models/Tartan-C-T-TSKH-kitti432x960-S.pth,SEA-RAFT (S)
KITTI,train,,K,Tartan-C-T-TSKH-kitti432x960-S.pth,IR_{5px},0.972602103421973,models/_pretrained_weights/SEA-RAFT-models/Tartan-C-T-TSKH-kitti432x960-S.pth,SEA-RAFT (S)
KITTI,train,,K,Tartan-C-T-TSKH-kitti432x960-S.pth,fl-kitti,0.0272594626433676,models/_pretrained_weights/SEA-RAFT-models/Tartan-C-T-TSKH-kitti432x960-S.pth,SEA-RAFT (S)
KITTI,train,,K,Tartan-C-T-TSKH-kitti432x960-S.pth,MSE,14.687600135803224,models/_pretrained_weights/SEA-RAFT-models/Tartan-C-T-TSKH-kitti432x960-S.pth,SEA-RAFT (S)
KITTI,train,,K,Tartan-C-T-TSKH-kitti432x960-S.pth,WAUC,0.8299428337026918,models/_pretrained_weights/SEA-RAFT-models/Tartan-C-T-TSKH-kitti432x960-S.pth,SEA-RAFT (S)
KITTI,train,,S,Tartan-C-T-TSKH432x960-S.pth,EPE,1.0587353706359863,models/_pretrained_weights/SEA-RAFT-models/Tartan-C-T-TSKH432x960-S.pth,SEA-RAFT (S)
KITTI,train,,S,Tartan-C-T-TSKH432x960-S.pth,IR_{1px},0.8381539913660189,models/_pretrained_weights/SEA-RAFT-models/Tartan-C-T-TSKH432x960-S.pth,SEA-RAFT (S)
KITTI,train,,S,Tartan-C-T-TSKH432x960-S.pth,IR_{3px},0.9476630902754272,models/_pretrained_weights/SEA-RAFT-models/Tartan-C-T-TSKH432x960-S.pth,SEA-RAFT (S)
KITTI,train,,S,Tartan-C-T-TSKH432x960-S.pth,IR_{5px},0.9684106944101268,models/_pretrained_weights/SEA-RAFT-models/Tartan-C-T-TSKH432x960-S.pth,SEA-RAFT (S)
KITTI,train,,S,Tartan-C-T-TSKH432x960-S.pth,fl-kitti,0.03184505486311,models/_pretrained_weights/SEA-RAFT-models/Tartan-C-T-TSKH432x960-S.pth,SEA-RAFT (S)
KITTI,train,,S,Tartan-C-T-TSKH432x960-S.pth,MSE,16.399152755737305,models/_pretrained_weights/SEA-RAFT-models/Tartan-C-T-TSKH432x960-S.pth,SEA-RAFT (S)
KITTI,train,,S,Tartan-C-T-TSKH432x960-S.pth,WAUC,0.8156957900422616,models/_pretrained_weights/SEA-RAFT-models/Tartan-C-T-TSKH432x960-S.pth,SEA-RAFT (S)
KITTI,train,,C+T,Tartan-C-T432x960-S.pth,EPE,4.475081920623779,models/_pretrained_weights/SEA-RAFT-models/Tartan-C-T432x960-S.pth,SEA-RAFT (S)
KITTI,train,,C+T,Tartan-C-T432x960-S.pth,IR_{1px},0.6619073970277111,models/_pretrained_weights/SEA-RAFT-models/Tartan-C-T432x960-S.pth,SEA-RAFT (S)
KITTI,train,,C+T,Tartan-C-T432x960-S.pth,IR_{3px},0.8330349035618532,models/_pretrained_weights/SEA-RAFT-models/Tartan-C-T432x960-S.pth,SEA-RAFT (S)
KITTI,train,,C+T,Tartan-C-T432x960-S.pth,IR_{5px},0.8771790558154277,models/_pretrained_weights/SEA-RAFT-models/Tartan-C-T432x960-S.pth,SEA-RAFT (S)
KITTI,train,,C+T,Tartan-C-T432x960-S.pth,fl-kitti,0.1475274490842797,models/_pretrained_weights/SEA-RAFT-models/Tartan-C-T432x960-S.pth,SEA-RAFT (S)
KITTI,train,,C+T,Tartan-C-T432x960-S.pth,MSE,160.12054443359375,models/_pretrained_weights/SEA-RAFT-models/Tartan-C-T432x960-S.pth,SEA-RAFT (S)
KITTI,train,,C+T,Tartan-C-T432x960-S.pth,WAUC,0.6626926598965338,models/_pretrained_weights/SEA-RAFT-models/Tartan-C-T432x960-S.pth,SEA-RAFT (S)
KITTI,train,,C,Tartan-C368x496-S.pth,EPE,9.610539436340332,models/_pretrained_weights/SEA-RAFT-models/Tartan-C368x496-S.pth,SEA-RAFT (S)
KITTI,train,,C,Tartan-C368x496-S.pth,IR_{1px},0.3599281963961253,models/_pretrained_weights/SEA-RAFT-models/Tartan-C368x496-S.pth,SEA-RAFT (S)
KITTI,train,,C,Tartan-C368x496-S.pth,IR_{3px},0.6266887563226003,models/_pretrained_weights/SEA-RAFT-models/Tartan-C368x496-S.pth,SEA-RAFT (S)
KITTI,train,,C,Tartan-C368x496-S.pth,IR_{5px},0.7089167632001636,models/_pretrained_weights/SEA-RAFT-models/Tartan-C368x496-S.pth,SEA-RAFT (S)
KITTI,train,,C,Tartan-C368x496-S.pth,fl-kitti,0.3623814588709787,models/_pretrained_weights/SEA-RAFT-models/Tartan-C368x496-S.pth,SEA-RAFT (S)
KITTI,train,,C,Tartan-C368x496-S.pth,MSE,327.69073486328125,models/_pretrained_weights/SEA-RAFT-models/Tartan-C368x496-S.pth,SEA-RAFT (S)
KITTI,train,,C,Tartan-C368x496-S.pth,WAUC,0.4289318252249189,models/_pretrained_weights/SEA-RAFT-models/Tartan-C368x496-S.pth,SEA-RAFT (S)
KITTI,train,,mixed,Tartan-C-T-TSKH-spring540x960-S.pth,EPE,7.944988250732422,models/_pretrained_weights/SEA-RAFT-models/Tartan-C-T-TSKH-spring540x960-S.pth,SEA-RAFT (S)
KITTI,train,,mixed,Tartan-C-T-TSKH-spring540x960-S.pth,IR_{1px},0.6591655185523839,models/_pretrained_weights/SEA-RAFT-models/Tartan-C-T-TSKH-spring540x960-S.pth,SEA-RAFT (S)
KITTI,train,,mixed,Tartan-C-T-TSKH-spring540x960-S.pth,IR_{3px},0.806185434784582,models/_pretrained_weights/SEA-RAFT-models/Tartan-C-T-TSKH-spring540x960-S.pth,SEA-RAFT (S)
KITTI,train,,mixed,Tartan-C-T-TSKH-spring540x960-S.pth,IR_{5px},0.8447535194156686,models/_pretrained_weights/SEA-RAFT-models/Tartan-C-T-TSKH-spring540x960-S.pth,SEA-RAFT (S)
KITTI,train,,mixed,Tartan-C-T-TSKH-spring540x960-S.pth,fl-kitti,0.1817958586705424,models/_pretrained_weights/SEA-RAFT-models/Tartan-C-T-TSKH-spring540x960-S.pth,SEA-RAFT (S)
KITTI,train,,mixed,Tartan-C-T-TSKH-spring540x960-S.pth,MSE,405.7598571777344,models/_pretrained_weights/SEA-RAFT-models/Tartan-C-T-TSKH-spring540x960-S.pth,SEA-RAFT (S)
KITTI,train,,mixed,Tartan-C-T-TSKH-spring540x960-S.pth,WAUC,0.6543712698039915,models/_pretrained_weights/SEA-RAFT-models/Tartan-C-T-TSKH-spring540x960-S.pth,SEA-RAFT (S)
KITTI,train,,C+T,FlowNet2-S_checkpoint.pth.tar,EPE,14.837778091430664,models/_pretrained_weights/FlowNet/FlowNet2-S_checkpoint.pth.tar,FlowNet2S
KITTI,train,,C+T,FlowNet2-S_checkpoint.pth.tar,IR_{1px},0.2355146626573712,models/_pretrained_weights/FlowNet/FlowNet2-S_checkpoint.pth.tar,FlowNet2S
KITTI,train,,C+T,FlowNet2-S_checkpoint.pth.tar,IR_{3px},0.4779851687668319,models/_pretrained_weights/FlowNet/FlowNet2-S_checkpoint.pth.tar,FlowNet2S
KITTI,train,,C+T,FlowNet2-S_checkpoint.pth.tar,IR_{5px},0.57851814628881,models/_pretrained_weights/FlowNet/FlowNet2-S_checkpoint.pth.tar,FlowNet2S
KITTI,train,,C+T,FlowNet2-S_checkpoint.pth.tar,fl-kitti,0.519796759934464,models/_pretrained_weights/FlowNet/FlowNet2-S_checkpoint.pth.tar,FlowNet2S
KITTI,train,,C+T,FlowNet2-S_checkpoint.pth.tar,MSE,528.778564453125,models/_pretrained_weights/FlowNet/FlowNet2-S_checkpoint.pth.tar,FlowNet2S
KITTI,train,,C+T,FlowNet2-S_checkpoint.pth.tar,WAUC,0.3006344291551269,models/_pretrained_weights/FlowNet/FlowNet2-S_checkpoint.pth.tar,FlowNet2S
KITTI,train,,C+T,skflow-things.pth,EPE,4.298847198486328,models/_pretrained_weights/skflow_weights/skflow-things.pth,SKFlow
KITTI,train,,C+T,skflow-things.pth,IR_{1px},0.6311457003584846,models/_pretrained_weights/skflow_weights/skflow-things.pth,SKFlow
KITTI,train,,C+T,skflow-things.pth,IR_{3px},0.8256420520804878,models/_pretrained_weights/skflow_weights/skflow-things.pth,SKFlow
KITTI,train,,C+T,skflow-things.pth,IR_{5px},0.8757135867984123,models/_pretrained_weights/skflow_weights/skflow-things.pth,SKFlow
KITTI,train,,C+T,skflow-things.pth,fl-kitti,0.151625318216756,models/_pretrained_weights/skflow_weights/skflow-things.pth,SKFlow
KITTI,train,,C+T,skflow-things.pth,MSE,134.80062866210938,models/_pretrained_weights/skflow_weights/skflow-things.pth,SKFlow
KITTI,train,,C+T,skflow-things.pth,WAUC,0.6407366246365933,models/_pretrained_weights/skflow_weights/skflow-things.pth,SKFlow
KITTI,train,,K,skflow-kitti.pth,EPE,0.5317456722259521,models/_pretrained_weights/skflow_weights/skflow-kitti.pth,SKFlow
KITTI,train,,K,skflow-kitti.pth,IR_{1px},0.89479453551759,models/_pretrained_weights/skflow_weights/skflow-kitti.pth,SKFlow
KITTI,train,,K,skflow-kitti.pth,IR_{3px},0.9769278454132382,models/_pretrained_weights/skflow_weights/skflow-kitti.pth,SKFlow
KITTI,train,,K,skflow-kitti.pth,IR_{5px},0.989664670282981,models/_pretrained_weights/skflow_weights/skflow-kitti.pth,SKFlow
KITTI,train,,K,skflow-kitti.pth,fl-kitti,0.0104580441432927,models/_pretrained_weights/skflow_weights/skflow-kitti.pth,SKFlow
KITTI,train,,K,skflow-kitti.pth,MSE,7.033564567565918,models/_pretrained_weights/skflow_weights/skflow-kitti.pth,SKFlow
KITTI,train,,K,skflow-kitti.pth,WAUC,0.8719536981296728,models/_pretrained_weights/skflow_weights/skflow-kitti.pth,SKFlow
KITTI,train,,S,skflow-sintel.pth,EPE,1.233883023262024,models/_pretrained_weights/skflow_weights/skflow-sintel.pth,SKFlow
KITTI,train,,S,skflow-sintel.pth,IR_{1px},0.7868801093052226,models/_pretrained_weights/skflow_weights/skflow-sintel.pth,SKFlow
KITTI,train,,S,skflow-sintel.pth,IR_{3px},0.9314337902646548,models/_pretrained_weights/skflow_weights/skflow-sintel.pth,SKFlow
KITTI,train,,S,skflow-sintel.pth,IR_{5px},0.9612441662532742,models/_pretrained_weights/skflow_weights/skflow-sintel.pth,SKFlow
KITTI,train,,S,skflow-sintel.pth,fl-kitti,0.043014502133177,models/_pretrained_weights/skflow_weights/skflow-sintel.pth,SKFlow
KITTI,train,,S,skflow-sintel.pth,MSE,15.408249855041504,models/_pretrained_weights/skflow_weights/skflow-sintel.pth,SKFlow
KITTI,train,,S,skflow-sintel.pth,WAUC,0.7714142205383109,models/_pretrained_weights/skflow_weights/skflow-sintel.pth,SKFlow
KITTI,train,,C,Tartan-C368x496-M.pth,EPE,9.160567283630373,models/_pretrained_weights/SEA-RAFT-models/Tartan-C368x496-M.pth,SEA-RAFT (M)
KITTI,train,,C,Tartan-C368x496-M.pth,IR_{1px},0.3830801054096366,models/_pretrained_weights/SEA-RAFT-models/Tartan-C368x496-M.pth,SEA-RAFT (M)
KITTI,train,,C,Tartan-C368x496-M.pth,IR_{3px},0.6502218153662673,models/_pretrained_weights/SEA-RAFT-models/Tartan-C368x496-M.pth,SEA-RAFT (M)
KITTI,train,,C,Tartan-C368x496-M.pth,IR_{5px},0.72862713506392,models/_pretrained_weights/SEA-RAFT-models/Tartan-C368x496-M.pth,SEA-RAFT (M)
KITTI,train,,C,Tartan-C368x496-M.pth,fl-kitti,0.3393397545295957,models/_pretrained_weights/SEA-RAFT-models/Tartan-C368x496-M.pth,SEA-RAFT (M)
KITTI,train,,C,Tartan-C368x496-M.pth,MSE,304.2607421875,models/_pretrained_weights/SEA-RAFT-models/Tartan-C368x496-M.pth,SEA-RAFT (M)
KITTI,train,,C,Tartan-C368x496-M.pth,WAUC,0.4489150467385859,models/_pretrained_weights/SEA-RAFT-models/Tartan-C368x496-M.pth,SEA-RAFT (M)
KITTI,train,,S,Tartan-C-T-TSKH432x960-M.pth,EPE,0.8824778199195862,models/_pretrained_weights/SEA-RAFT-models/Tartan-C-T-TSKH432x960-M.pth,SEA-RAFT (M)
KITTI,train,,S,Tartan-C-T-TSKH432x960-M.pth,IR_{1px},0.8618601246879698,models/_pretrained_weights/SEA-RAFT-models/Tartan-C-T-TSKH432x960-M.pth,SEA-RAFT (M)
KITTI,train,,S,Tartan-C-T-TSKH432x960-M.pth,IR_{3px},0.9569955131883984,models/_pretrained_weights/SEA-RAFT-models/Tartan-C-T-TSKH432x960-M.pth,SEA-RAFT (M)
KITTI,train,,S,Tartan-C-T-TSKH432x960-M.pth,IR_{5px},0.9747691411515368,models/_pretrained_weights/SEA-RAFT-models/Tartan-C-T-TSKH432x960-M.pth,SEA-RAFT (M)
KITTI,train,,S,Tartan-C-T-TSKH432x960-M.pth,fl-kitti,0.0257424194163428,models/_pretrained_weights/SEA-RAFT-models/Tartan-C-T-TSKH432x960-M.pth,SEA-RAFT (M)
KITTI,train,,S,Tartan-C-T-TSKH432x960-M.pth,MSE,12.857744216918944,models/_pretrained_weights/SEA-RAFT-models/Tartan-C-T-TSKH432x960-M.pth,SEA-RAFT (M)
KITTI,train,,S,Tartan-C-T-TSKH432x960-M.pth,WAUC,0.8382467444561224,models/_pretrained_weights/SEA-RAFT-models/Tartan-C-T-TSKH432x960-M.pth,SEA-RAFT (M)
KITTI,train,,mixed,Tartan-C-T-TSKH-spring540x960-M.pth,EPE,5.842944145202637,models/_pretrained_weights/SEA-RAFT-models/Tartan-C-T-TSKH-spring540x960-M.pth,SEA-RAFT (M)
KITTI,train,,mixed,Tartan-C-T-TSKH-spring540x960-M.pth,IR_{1px},0.6947778690597112,models/_pretrained_weights/SEA-RAFT-models/Tartan-C-T-TSKH-spring540x960-M.pth,SEA-RAFT (M)
KITTI,train,,mixed,Tartan-C-T-TSKH-spring540x960-M.pth,IR_{3px},0.836503583883339,models/_pretrained_weights/SEA-RAFT-models/Tartan-C-T-TSKH-spring540x960-M.pth,SEA-RAFT (M)
KITTI,train,,mixed,Tartan-C-T-TSKH-spring540x960-M.pth,IR_{5px},0.8745669138949228,models/_pretrained_weights/SEA-RAFT-models/Tartan-C-T-TSKH-spring540x960-M.pth,SEA-RAFT (M)
KITTI,train,,mixed,Tartan-C-T-TSKH-spring540x960-M.pth,fl-kitti,0.1456005809624402,models/_pretrained_weights/SEA-RAFT-models/Tartan-C-T-TSKH-spring540x960-M.pth,SEA-RAFT (M)
KITTI,train,,mixed,Tartan-C-T-TSKH-spring540x960-M.pth,MSE,263.6938171386719,models/_pretrained_weights/SEA-RAFT-models/Tartan-C-T-TSKH-spring540x960-M.pth,SEA-RAFT (M)
KITTI,train,,mixed,Tartan-C-T-TSKH-spring540x960-M.pth,WAUC,0.6880145771932074,models/_pretrained_weights/SEA-RAFT-models/Tartan-C-T-TSKH-spring540x960-M.pth,SEA-RAFT (M)
KITTI,train,,tartan,Tartan480x640-M.pth,EPE,3.599292993545532,models/_pretrained_weights/SEA-RAFT-models/Tartan480x640-M.pth,SEA-RAFT (M)
KITTI,train,,tartan,Tartan480x640-M.pth,IR_{1px},0.7259738175738562,models/_pretrained_weights/SEA-RAFT-models/Tartan480x640-M.pth,SEA-RAFT (M)
KITTI,train,,tartan,Tartan480x640-M.pth,IR_{3px},0.8759363609850359,models/_pretrained_weights/SEA-RAFT-models/Tartan480x640-M.pth,SEA-RAFT (M)
KITTI,train,,tartan,Tartan480x640-M.pth,IR_{5px},0.9122223306938132,models/_pretrained_weights/SEA-RAFT-models/Tartan480x640-M.pth,SEA-RAFT (M)
KITTI,train,,tartan,Tartan480x640-M.pth,fl-kitti,0.0992750971446168,models/_pretrained_weights/SEA-RAFT-models/Tartan480x640-M.pth,SEA-RAFT (M)
KITTI,train,,tartan,Tartan480x640-M.pth,MSE,137.98269653320312,models/_pretrained_weights/SEA-RAFT-models/Tartan480x640-M.pth,SEA-RAFT (M)
KITTI,train,,tartan,Tartan480x640-M.pth,WAUC,0.7196831753597063,models/_pretrained_weights/SEA-RAFT-models/Tartan480x640-M.pth,SEA-RAFT (M)
KITTI,train,,C+T,Tartan-C-T432x960-M.pth,EPE,4.323999404907227,models/_pretrained_weights/SEA-RAFT-models/Tartan-C-T432x960-M.pth,SEA-RAFT (M)
KITTI,train,,C+T,Tartan-C-T432x960-M.pth,IR_{1px},0.6782912005052562,models/_pretrained_weights/SEA-RAFT-models/Tartan-C-T432x960-M.pth,SEA-RAFT (M)
KITTI,train,,C+T,Tartan-C-T432x960-M.pth,IR_{3px},0.8405694645300227,models/_pretrained_weights/SEA-RAFT-models/Tartan-C-T432x960-M.pth,SEA-RAFT (M)
KITTI,train,,C+T,Tartan-C-T432x960-M.pth,IR_{5px},0.8823314085803426,models/_pretrained_weights/SEA-RAFT-models/Tartan-C-T432x960-M.pth,SEA-RAFT (M)
KITTI,train,,C+T,Tartan-C-T432x960-M.pth,fl-kitti,0.1396802306556631,models/_pretrained_weights/SEA-RAFT-models/Tartan-C-T432x960-M.pth,SEA-RAFT (M)
KITTI,train,,C+T,Tartan-C-T432x960-M.pth,MSE,150.07386779785156,models/_pretrained_weights/SEA-RAFT-models/Tartan-C-T432x960-M.pth,SEA-RAFT (M)
KITTI,train,,C+T,Tartan-C-T432x960-M.pth,WAUC,0.6738678889908931,models/_pretrained_weights/SEA-RAFT-models/Tartan-C-T432x960-M.pth,SEA-RAFT (M)
KITTI,train,,K,Tartan-C-T-TSKH-kitti432x960-M.pth,EPE,0.8128194212913513,models/_pretrained_weights/SEA-RAFT-models/Tartan-C-T-TSKH-kitti432x960-M.pth,SEA-RAFT (M)
KITTI,train,,K,Tartan-C-T-TSKH-kitti432x960-M.pth,IR_{1px},0.8686328186895389,models/_pretrained_weights/SEA-RAFT-models/Tartan-C-T-TSKH-kitti432x960-M.pth,SEA-RAFT (M)
KITTI,train,,K,Tartan-C-T-TSKH-kitti432x960-M.pth,IR_{3px},0.9605086163532804,models/_pretrained_weights/SEA-RAFT-models/Tartan-C-T-TSKH-kitti432x960-M.pth,SEA-RAFT (M)
KITTI,train,,K,Tartan-C-T-TSKH-kitti432x960-M.pth,IR_{5px},0.97763042248001,models/_pretrained_weights/SEA-RAFT-models/Tartan-C-T-TSKH-kitti432x960-M.pth,SEA-RAFT (M)
KITTI,train,,K,Tartan-C-T-TSKH-kitti432x960-M.pth,fl-kitti,0.0222912875041846,models/_pretrained_weights/SEA-RAFT-models/Tartan-C-T-TSKH-kitti432x960-M.pth,SEA-RAFT (M)
KITTI,train,,K,Tartan-C-T-TSKH-kitti432x960-M.pth,MSE,11.716303825378418,models/_pretrained_weights/SEA-RAFT-models/Tartan-C-T-TSKH-kitti432x960-M.pth,SEA-RAFT (M)
KITTI,train,,K,Tartan-C-T-TSKH-kitti432x960-M.pth,WAUC,0.8457488067693091,models/_pretrained_weights/SEA-RAFT-models/Tartan-C-T-TSKH-kitti432x960-M.pth,SEA-RAFT (M)
KITTI,train,,mixed,MemFlowNet_spring.pth,EPE,3.0585567951202397,models/_pretrained_weights/memflow_weights/MemFlowNet_spring.pth,MemFlow
KITTI,train,,mixed,MemFlowNet_spring.pth,IR_{1px},0.6944884679953779,models/_pretrained_weights/memflow_weights/MemFlowNet_spring.pth,MemFlow
KITTI,train,,mixed,MemFlowNet_spring.pth,IR_{3px},0.858638375344102,models/_pretrained_weights/memflow_weights/MemFlowNet_spring.pth,MemFlow
KITTI,train,,mixed,MemFlowNet_spring.pth,IR_{5px},0.90068788641483,models/_pretrained_weights/memflow_weights/MemFlowNet_spring.pth,MemFlow
KITTI,train,,mixed,MemFlowNet_spring.pth,fl-kitti,0.1162889987517472,models/_pretrained_weights/memflow_weights/MemFlowNet_spring.pth,MemFlow
KITTI,train,,mixed,MemFlowNet_spring.pth,MSE,78.12970733642578,models/_pretrained_weights/memflow_weights/MemFlowNet_spring.pth,MemFlow
KITTI,train,,mixed,MemFlowNet_spring.pth,WAUC,0.6925575093177619,models/_pretrained_weights/memflow_weights/MemFlowNet_spring.pth,MemFlow
KITTI,train,,S,MemFlowNet_sintel.pth,EPE,1.2237467765808103,models/_pretrained_weights/memflow_weights/MemFlowNet_sintel.pth,MemFlow
KITTI,train,,S,MemFlowNet_sintel.pth,IR_{1px},0.7891336890194595,models/_pretrained_weights/memflow_weights/MemFlowNet_sintel.pth,MemFlow
KITTI,train,,S,MemFlowNet_sintel.pth,IR_{3px},0.93386522361708,models/_pretrained_weights/memflow_weights/MemFlowNet_sintel.pth,MemFlow
KITTI,train,,S,MemFlowNet_sintel.pth,IR_{5px},0.9617983712061292,models/_pretrained_weights/memflow_weights/MemFlowNet_sintel.pth,MemFlow
KITTI,train,,S,MemFlowNet_sintel.pth,fl-kitti,0.0410326785516917,models/_pretrained_weights/memflow_weights/MemFlowNet_sintel.pth,MemFlow
KITTI,train,,S,MemFlowNet_sintel.pth,MSE,15.000195503234863,models/_pretrained_weights/memflow_weights/MemFlowNet_sintel.pth,MemFlow
KITTI,train,,S,MemFlowNet_sintel.pth,WAUC,0.7732700414808327,models/_pretrained_weights/memflow_weights/MemFlowNet_sintel.pth,MemFlow
KITTI,train,,K,MemFlowNet_kitti.pth,EPE,0.6194411516189575,models/_pretrained_weights/memflow_weights/MemFlowNet_kitti.pth,MemFlow
KITTI,train,,K,MemFlowNet_kitti.pth,IR_{1px},0.8771698914871361,models/_pretrained_weights/memflow_weights/MemFlowNet_kitti.pth,MemFlow
KITTI,train,,K,MemFlowNet_kitti.pth,IR_{3px},0.9700417769198456,models/_pretrained_weights/memflow_weights/MemFlowNet_kitti.pth,MemFlow
KITTI,train,,K,MemFlowNet_kitti.pth,IR_{5px},0.9860317320057616,models/_pretrained_weights/memflow_weights/MemFlowNet_kitti.pth,MemFlow
KITTI,train,,K,MemFlowNet_kitti.pth,fl-kitti,0.0129669051681732,models/_pretrained_weights/memflow_weights/MemFlowNet_kitti.pth,MemFlow
KITTI,train,,K,MemFlowNet_kitti.pth,MSE,7.567143440246582,models/_pretrained_weights/memflow_weights/MemFlowNet_kitti.pth,MemFlow
KITTI,train,,K,MemFlowNet_kitti.pth,WAUC,0.8528942926226689,models/_pretrained_weights/memflow_weights/MemFlowNet_kitti.pth,MemFlow
KITTI,train,,C+T,MemFlowNet_things.pth,EPE,4.174578666687012,models/_pretrained_weights/memflow_weights/MemFlowNet_things.pth,MemFlow
KITTI,train,,C+T,MemFlowNet_things.pth,IR_{1px},0.6517847142065247,models/_pretrained_weights/memflow_weights/MemFlowNet_things.pth,MemFlow
KITTI,train,,C+T,MemFlowNet_things.pth,IR_{3px},0.8353300562607774,models/_pretrained_weights/memflow_weights/MemFlowNet_things.pth,MemFlow
KITTI,train,,C+T,MemFlowNet_things.pth,IR_{5px},0.880466327341974,models/_pretrained_weights/memflow_weights/MemFlowNet_things.pth,MemFlow
KITTI,train,,C+T,MemFlowNet_things.pth,fl-kitti,0.142947823413297,models/_pretrained_weights/memflow_weights/MemFlowNet_things.pth,MemFlow
KITTI,train,,C+T,MemFlowNet_things.pth,MSE,135.7608184814453,models/_pretrained_weights/memflow_weights/MemFlowNet_things.pth,MemFlow
KITTI,train,,C+T,MemFlowNet_things.pth,WAUC,0.6559001038857825,models/_pretrained_weights/memflow_weights/MemFlowNet_things.pth,MemFlow
KITTI,train,,C+T,gmflow-scale2-regrefine6-things-776ed612.pth,EPE,5.035897731781006,models/_pretrained_weights/unimatch_weights/gmflow-scale2-regrefine6-things-776ed612.pth,GMFlow+
KITTI,train,,C+T,gmflow-scale2-regrefine6-things-776ed612.pth,IR_{1px},0.6733595306036599,models/_pretrained_weights/unimatch_weights/gmflow-scale2-regrefine6-things-776ed612.pth,GMFlow+
KITTI,train,,C+T,gmflow-scale2-regrefine6-things-776ed612.pth,IR_{3px},0.8203628618387152,models/_pretrained_weights/unimatch_weights/gmflow-scale2-regrefine6-things-776ed612.pth,GMFlow+
KITTI,train,,C+T,gmflow-scale2-regrefine6-things-776ed612.pth,IR_{5px},0.8598907276536606,models/_pretrained_weights/unimatch_weights/gmflow-scale2-regrefine6-things-776ed612.pth,GMFlow+
KITTI,train,,C+T,gmflow-scale2-regrefine6-things-776ed612.pth,fl-kitti,0.1622636067497904,models/_pretrained_weights/unimatch_weights/gmflow-scale2-regrefine6-things-776ed612.pth,GMFlow+
KITTI,train,,C+T,gmflow-scale2-regrefine6-things-776ed612.pth,MSE,170.41543579101562,models/_pretrained_weights/unimatch_weights/gmflow-scale2-regrefine6-things-776ed612.pth,GMFlow+
KITTI,train,,C+T,gmflow-scale2-regrefine6-things-776ed612.pth,WAUC,0.6631389392263067,models/_pretrained_weights/unimatch_weights/gmflow-scale2-regrefine6-things-776ed612.pth,GMFlow+
KITTI,train,,S,gmflow-scale2-regrefine6-sintelft-6e39e2b9.pth,EPE,1.1756139993667605,models/_pretrained_weights/unimatch_weights/gmflow-scale2-regrefine6-sintelft-6e39e2b9.pth,GMFlow+
KITTI,train,,S,gmflow-scale2-regrefine6-sintelft-6e39e2b9.pth,IR_{1px},0.8078444054355296,models/_pretrained_weights/unimatch_weights/gmflow-scale2-regrefine6-sintelft-6e39e2b9.pth,GMFlow+
KITTI,train,,S,gmflow-scale2-regrefine6-sintelft-6e39e2b9.pth,IR_{3px},0.935426452170366,models/_pretrained_weights/unimatch_weights/gmflow-scale2-regrefine6-sintelft-6e39e2b9.pth,GMFlow+
KITTI,train,,S,gmflow-scale2-regrefine6-sintelft-6e39e2b9.pth,IR_{5px},0.9612097819237077,models/_pretrained_weights/unimatch_weights/gmflow-scale2-regrefine6-sintelft-6e39e2b9.pth,GMFlow+
KITTI,train,,S,gmflow-scale2-regrefine6-sintelft-6e39e2b9.pth,fl-kitti,0.0391018025562496,models/_pretrained_weights/unimatch_weights/gmflow-scale2-regrefine6-sintelft-6e39e2b9.pth,GMFlow+
KITTI,train,,S,gmflow-scale2-regrefine6-sintelft-6e39e2b9.pth,MSE,14.552363395690918,models/_pretrained_weights/unimatch_weights/gmflow-scale2-regrefine6-sintelft-6e39e2b9.pth,GMFlow+
KITTI,train,,S,gmflow-scale2-regrefine6-sintelft-6e39e2b9.pth,WAUC,0.7871422031391182,models/_pretrained_weights/unimatch_weights/gmflow-scale2-regrefine6-sintelft-6e39e2b9.pth,GMFlow+
KITTI,train,,mixed,gmflow-scale2-regrefine6-mixdata-train320x576-4e7b215d.pth,EPE,1.3167200088500977,models/_pretrained_weights/unimatch_weights/gmflow-scale2-regrefine6-mixdata-train320x576-4e7b215d.pth,GMFlow+
KITTI,train,,mixed,gmflow-scale2-regrefine6-mixdata-train320x576-4e7b215d.pth,IR_{1px},0.8025445653309327,models/_pretrained_weights/unimatch_weights/gmflow-scale2-regrefine6-mixdata-train320x576-4e7b215d.pth,GMFlow+
KITTI,train,,mixed,gmflow-scale2-regrefine6-mixdata-train320x576-4e7b215d.pth,IR_{3px},0.9290001536731204,models/_pretrained_weights/unimatch_weights/gmflow-scale2-regrefine6-mixdata-train320x576-4e7b215d.pth,GMFlow+
KITTI,train,,mixed,gmflow-scale2-regrefine6-mixdata-train320x576-4e7b215d.pth,IR_{5px},0.9568905111266996,models/_pretrained_weights/unimatch_weights/gmflow-scale2-regrefine6-mixdata-train320x576-4e7b215d.pth,GMFlow+
KITTI,train,,mixed,gmflow-scale2-regrefine6-mixdata-train320x576-4e7b215d.pth,fl-kitti,0.045980060893909,models/_pretrained_weights/unimatch_weights/gmflow-scale2-regrefine6-mixdata-train320x576-4e7b215d.pth,GMFlow+
KITTI,train,,mixed,gmflow-scale2-regrefine6-mixdata-train320x576-4e7b215d.pth,MSE,17.272729873657227,models/_pretrained_weights/unimatch_weights/gmflow-scale2-regrefine6-mixdata-train320x576-4e7b215d.pth,GMFlow+
KITTI,train,,mixed,gmflow-scale2-regrefine6-mixdata-train320x576-4e7b215d.pth,WAUC,0.7793866976055901,models/_pretrained_weights/unimatch_weights/gmflow-scale2-regrefine6-mixdata-train320x576-4e7b215d.pth,GMFlow+
KITTI,train,,K,gmflow-scale2-regrefine6-kitti15-25b554d7.pth,EPE,0.5803340673446655,models/_pretrained_weights/unimatch_weights/gmflow-scale2-regrefine6-kitti15-25b554d7.pth,GMFlow+
KITTI,train,,K,gmflow-scale2-regrefine6-kitti15-25b554d7.pth,IR_{1px},0.8848425094909609,models/_pretrained_weights/unimatch_weights/gmflow-scale2-regrefine6-kitti15-25b554d7.pth,GMFlow+
KITTI,train,,K,gmflow-scale2-regrefine6-kitti15-25b554d7.pth,IR_{3px},0.9722242908419476,models/_pretrained_weights/unimatch_weights/gmflow-scale2-regrefine6-kitti15-25b554d7.pth,GMFlow+
KITTI,train,,K,gmflow-scale2-regrefine6-kitti15-25b554d7.pth,IR_{5px},0.9872105861213322,models/_pretrained_weights/unimatch_weights/gmflow-scale2-regrefine6-kitti15-25b554d7.pth,GMFlow+
KITTI,train,,K,gmflow-scale2-regrefine6-kitti15-25b554d7.pth,fl-kitti,0.0122466135049679,models/_pretrained_weights/unimatch_weights/gmflow-scale2-regrefine6-kitti15-25b554d7.pth,GMFlow+
KITTI,train,,K,gmflow-scale2-regrefine6-kitti15-25b554d7.pth,MSE,6.7235941886901855,models/_pretrained_weights/unimatch_weights/gmflow-scale2-regrefine6-kitti15-25b554d7.pth,GMFlow+
KITTI,train,,K,gmflow-scale2-regrefine6-kitti15-25b554d7.pth,WAUC,0.8566846832331214,models/_pretrained_weights/unimatch_weights/gmflow-scale2-regrefine6-kitti15-25b554d7.pth,GMFlow+
KITTI,train,,S,sintel,EPE,1.3199148178100586,sintel,RPKNet
KITTI,train,,S,sintel,IR_{1px},0.7794083026661479,sintel,RPKNet
KITTI,train,,S,sintel,IR_{3px},0.9278717150376914,sintel,RPKNet
KITTI,train,,S,sintel,IR_{5px},0.9578962210616968,sintel,RPKNet
KITTI,train,,S,sintel,fl-kitti,0.0457277743988381,sintel,RPKNet
KITTI,train,,S,sintel,MSE,17.209571838378906,sintel,RPKNet
KITTI,train,,S,sintel,WAUC,0.7645472654656484,sintel,RPKNet
KITTI,train,,C,chairs,EPE,10.838457107543944,chairs,RPKNet
KITTI,train,,C,chairs,IR_{1px},0.3902322344795431,chairs,RPKNet
KITTI,train,,C,chairs,IR_{3px},0.6524029814031319,chairs,RPKNet
KITTI,train,,C,chairs,IR_{5px},0.7342470574954012,chairs,RPKNet
KITTI,train,,C,chairs,fl-kitti,0.3388999169750756,chairs,RPKNet
KITTI,train,,C,chairs,MSE,421.1733703613281,chairs,RPKNet
KITTI,train,,C,chairs,WAUC,0.4545296563758528,chairs,RPKNet
KITTI,train,,K,kitti,EPE,1.003021001815796,kitti,RPKNet
KITTI,train,,K,kitti,IR_{1px},0.8212319608352477,kitti,RPKNet
KITTI,train,,K,kitti,IR_{3px},0.9467592844211048,kitti,RPKNet
KITTI,train,,K,kitti,IR_{5px},0.9707359962077012,kitti,RPKNet
KITTI,train,,K,kitti,fl-kitti,0.0311581315060401,kitti,RPKNet
KITTI,train,,K,kitti,MSE,11.74056911468506,kitti,RPKNet
KITTI,train,,K,kitti,WAUC,0.7989155748414604,kitti,RPKNet
KITTI,train,,C+T,things,EPE,3.726307392120361,things,RPKNet
KITTI,train,,C+T,things,IR_{1px},0.6727127051450007,things,RPKNet
KITTI,train,,C+T,things,IR_{3px},0.8445097400088664,things,RPKNet
KITTI,train,,C+T,things,IR_{5px},0.8888632203637976,things,RPKNet
KITTI,train,,C+T,things,fl-kitti,0.1307023314596228,things,RPKNet
KITTI,train,,C+T,things,MSE,110.05081939697266,things,RPKNet
KITTI,train,,C+T,things,WAUC,0.6707934555945733,things,RPKNet
KITTI,train,,C,Tartan-C368x496-M.pth,EPE,10.450551986694336,models/_pretrained_weights/SEA-RAFT-models/Tartan-C368x496-M.pth,SEA-RAFT (L)
KITTI,train,,C,Tartan-C368x496-M.pth,IR_{1px},0.3401698485018882,models/_pretrained_weights/SEA-RAFT-models/Tartan-C368x496-M.pth,SEA-RAFT (L)
KITTI,train,,C,Tartan-C368x496-M.pth,IR_{3px},0.6135976437037907,models/_pretrained_weights/SEA-RAFT-models/Tartan-C368x496-M.pth,SEA-RAFT (L)
KITTI,train,,C,Tartan-C368x496-M.pth,IR_{5px},0.6991787061661731,models/_pretrained_weights/SEA-RAFT-models/Tartan-C368x496-M.pth,SEA-RAFT (L)
KITTI,train,,C,Tartan-C368x496-M.pth,fl-kitti,0.3761686403659874,models/_pretrained_weights/SEA-RAFT-models/Tartan-C368x496-M.pth,SEA-RAFT (L)
KITTI,train,,C,Tartan-C368x496-M.pth,MSE,361.6443786621094,models/_pretrained_weights/SEA-RAFT-models/Tartan-C368x496-M.pth,SEA-RAFT (L)
KITTI,train,,C,Tartan-C368x496-M.pth,WAUC,0.4165104919453671,models/_pretrained_weights/SEA-RAFT-models/Tartan-C368x496-M.pth,SEA-RAFT (L)
KITTI,train,,S,Tartan-C-T-TSKH432x960-M.pth,EPE,0.8956730365753174,models/_pretrained_weights/SEA-RAFT-models/Tartan-C-T-TSKH432x960-M.pth,SEA-RAFT (L)
KITTI,train,,S,Tartan-C-T-TSKH432x960-M.pth,IR_{1px},0.8597623073125095,models/_pretrained_weights/SEA-RAFT-models/Tartan-C-T-TSKH432x960-M.pth,SEA-RAFT (L)
KITTI,train,,S,Tartan-C-T-TSKH432x960-M.pth,IR_{3px},0.9565283785404548,models/_pretrained_weights/SEA-RAFT-models/Tartan-C-T-TSKH432x960-M.pth,SEA-RAFT (L)
KITTI,train,,S,Tartan-C-T-TSKH432x960-M.pth,IR_{5px},0.9743788200499672,models/_pretrained_weights/SEA-RAFT-models/Tartan-C-T-TSKH432x960-M.pth,SEA-RAFT (L)
KITTI,train,,S,Tartan-C-T-TSKH432x960-M.pth,fl-kitti,0.026036958131097,models/_pretrained_weights/SEA-RAFT-models/Tartan-C-T-TSKH432x960-M.pth,SEA-RAFT (L)
KITTI,train,,S,Tartan-C-T-TSKH432x960-M.pth,MSE,12.969701766967772,models/_pretrained_weights/SEA-RAFT-models/Tartan-C-T-TSKH432x960-M.pth,SEA-RAFT (L)
KITTI,train,,S,Tartan-C-T-TSKH432x960-M.pth,WAUC,0.835726907901974,models/_pretrained_weights/SEA-RAFT-models/Tartan-C-T-TSKH432x960-M.pth,SEA-RAFT (L)
KITTI,train,,mixed,Tartan-C-T-TSKH-spring540x960-M.pth,EPE,4.379549503326416,models/_pretrained_weights/SEA-RAFT-models/Tartan-C-T-TSKH-spring540x960-M.pth,SEA-RAFT (L)
KITTI,train,,mixed,Tartan-C-T-TSKH-spring540x960-M.pth,IR_{1px},0.7047795332297951,models/_pretrained_weights/SEA-RAFT-models/Tartan-C-T-TSKH-spring540x960-M.pth,SEA-RAFT (L)
KITTI,train,,mixed,Tartan-C-T-TSKH-spring540x960-M.pth,IR_{3px},0.852483562831455,models/_pretrained_weights/SEA-RAFT-models/Tartan-C-T-TSKH-spring540x960-M.pth,SEA-RAFT (L)
KITTI,train,,mixed,Tartan-C-T-TSKH-spring540x960-M.pth,IR_{5px},0.8922496915754925,models/_pretrained_weights/SEA-RAFT-models/Tartan-C-T-TSKH-spring540x960-M.pth,SEA-RAFT (L)
KITTI,train,,mixed,Tartan-C-T-TSKH-spring540x960-M.pth,fl-kitti,0.1246824865521634,models/_pretrained_weights/SEA-RAFT-models/Tartan-C-T-TSKH-spring540x960-M.pth,SEA-RAFT (L)
KITTI,train,,mixed,Tartan-C-T-TSKH-spring540x960-M.pth,MSE,169.1483917236328,models/_pretrained_weights/SEA-RAFT-models/Tartan-C-T-TSKH-spring540x960-M.pth,SEA-RAFT (L)
KITTI,train,,mixed,Tartan-C-T-TSKH-spring540x960-M.pth,WAUC,0.6989043264999201,models/_pretrained_weights/SEA-RAFT-models/Tartan-C-T-TSKH-spring540x960-M.pth,SEA-RAFT (L)
KITTI,train,,tartan,Tartan480x640-M.pth,EPE,3.3368282318115234,models/_pretrained_weights/SEA-RAFT-models/Tartan480x640-M.pth,SEA-RAFT (L)
KITTI,train,,tartan,Tartan480x640-M.pth,IR_{1px},0.7225406170287246,models/_pretrained_weights/SEA-RAFT-models/Tartan480x640-M.pth,SEA-RAFT (L)
KITTI,train,,tartan,Tartan480x640-M.pth,IR_{3px},0.8739837571797683,models/_pretrained_weights/SEA-RAFT-models/Tartan480x640-M.pth,SEA-RAFT (L)
KITTI,train,,tartan,Tartan480x640-M.pth,IR_{5px},0.9105817688908864,models/_pretrained_weights/SEA-RAFT-models/Tartan480x640-M.pth,SEA-RAFT (L)
KITTI,train,,tartan,Tartan480x640-M.pth,fl-kitti,0.1007985636285505,models/_pretrained_weights/SEA-RAFT-models/Tartan480x640-M.pth,SEA-RAFT (L)
KITTI,train,,tartan,Tartan480x640-M.pth,MSE,109.79818725585938,models/_pretrained_weights/SEA-RAFT-models/Tartan480x640-M.pth,SEA-RAFT (L)
KITTI,train,,tartan,Tartan480x640-M.pth,WAUC,0.7176595294968986,models/_pretrained_weights/SEA-RAFT-models/Tartan480x640-M.pth,SEA-RAFT (L)
KITTI,train,,C+T,Tartan-C-T432x960-M.pth,EPE,3.760003566741944,models/_pretrained_weights/SEA-RAFT-models/Tartan-C-T432x960-M.pth,SEA-RAFT (L)
KITTI,train,,C+T,Tartan-C-T432x960-M.pth,IR_{1px},0.6707159236005593,models/_pretrained_weights/SEA-RAFT-models/Tartan-C-T432x960-M.pth,SEA-RAFT (L)
KITTI,train,,C+T,Tartan-C-T432x960-M.pth,IR_{3px},0.8522135386845988,models/_pretrained_weights/SEA-RAFT-models/Tartan-C-T432x960-M.pth,SEA-RAFT (L)
KITTI,train,,C+T,Tartan-C-T432x960-M.pth,IR_{5px},0.8966534995742544,models/_pretrained_weights/SEA-RAFT-models/Tartan-C-T432x960-M.pth,SEA-RAFT (L)
KITTI,train,,C+T,Tartan-C-T432x960-M.pth,fl-kitti,0.1242721115223802,models/_pretrained_weights/SEA-RAFT-models/Tartan-C-T432x960-M.pth,SEA-RAFT (L)
KITTI,train,,C+T,Tartan-C-T432x960-M.pth,MSE,124.34581756591795,models/_pretrained_weights/SEA-RAFT-models/Tartan-C-T432x960-M.pth,SEA-RAFT (L)
KITTI,train,,C+T,Tartan-C-T432x960-M.pth,WAUC,0.6705759877641796,models/_pretrained_weights/SEA-RAFT-models/Tartan-C-T432x960-M.pth,SEA-RAFT (L)
KITTI,train,,K,Tartan-C-T-TSKH-kitti432x960-M.pth,EPE,0.8241451382637024,models/_pretrained_weights/SEA-RAFT-models/Tartan-C-T-TSKH-kitti432x960-M.pth,SEA-RAFT (L)
KITTI,train,,K,Tartan-C-T-TSKH-kitti432x960-M.pth,IR_{1px},0.8672619488997381,models/_pretrained_weights/SEA-RAFT-models/Tartan-C-T-TSKH-kitti432x960-M.pth,SEA-RAFT (L)
KITTI,train,,K,Tartan-C-T-TSKH-kitti432x960-M.pth,IR_{3px},0.9598342507305168,models/_pretrained_weights/SEA-RAFT-models/Tartan-C-T-TSKH-kitti432x960-M.pth,SEA-RAFT (L)
KITTI,train,,K,Tartan-C-T-TSKH-kitti432x960-M.pth,IR_{5px},0.9772368928369276,models/_pretrained_weights/SEA-RAFT-models/Tartan-C-T-TSKH-kitti432x960-M.pth,SEA-RAFT (L)
KITTI,train,,K,Tartan-C-T-TSKH-kitti432x960-M.pth,fl-kitti,0.0228699920569535,models/_pretrained_weights/SEA-RAFT-models/Tartan-C-T-TSKH-kitti432x960-M.pth,SEA-RAFT (L)
KITTI,train,,K,Tartan-C-T-TSKH-kitti432x960-M.pth,MSE,11.985595703125,models/_pretrained_weights/SEA-RAFT-models/Tartan-C-T-TSKH-kitti432x960-M.pth,SEA-RAFT (L)
KITTI,train,,K,Tartan-C-T-TSKH-kitti432x960-M.pth,WAUC,0.8438231955712964,models/_pretrained_weights/SEA-RAFT-models/Tartan-C-T-TSKH-kitti432x960-M.pth,SEA-RAFT (L)
KITTI,train,,C+T,gmflow-scale1-things-e9887eda.pth,EPE,10.493212699890137,models/_pretrained_weights/unimatch_weights/gmflow-scale1-things-e9887eda.pth,GMFlow+ (s1)
KITTI,train,,C+T,gmflow-scale1-things-e9887eda.pth,IR_{1px},0.416064141696518,models/_pretrained_weights/unimatch_weights/gmflow-scale1-things-e9887eda.pth,GMFlow+ (s1)
KITTI,train,,C+T,gmflow-scale1-things-e9887eda.pth,IR_{3px},0.6526925617517813,models/_pretrained_weights/unimatch_weights/gmflow-scale1-things-e9887eda.pth,GMFlow+ (s1)
KITTI,train,,C+T,gmflow-scale1-things-e9887eda.pth,IR_{5px},0.7266120141697897,models/_pretrained_weights/unimatch_weights/gmflow-scale1-things-e9887eda.pth,GMFlow+ (s1)
KITTI,train,,C+T,gmflow-scale1-things-e9887eda.pth,fl-kitti,0.337003650260628,models/_pretrained_weights/unimatch_weights/gmflow-scale1-things-e9887eda.pth,GMFlow+ (s1)
KITTI,train,,C+T,gmflow-scale1-things-e9887eda.pth,MSE,379.4625854492188,models/_pretrained_weights/unimatch_weights/gmflow-scale1-things-e9887eda.pth,GMFlow+ (s1)
KITTI,train,,C+T,gmflow-scale1-things-e9887eda.pth,WAUC,0.4630511560723361,models/_pretrained_weights/unimatch_weights/gmflow-scale1-things-e9887eda.pth,GMFlow+ (s1)
KITTI,train,,mixed,gmflow-scale1-mixdata-train320x576-4c3a6e9a.pth,EPE,3.742573738098145,models/_pretrained_weights/unimatch_weights/gmflow-scale1-mixdata-train320x576-4c3a6e9a.pth,GMFlow+ (s1)
KITTI,train,,mixed,gmflow-scale1-mixdata-train320x576-4c3a6e9a.pth,IR_{1px},0.5492922180548524,models/_pretrained_weights/unimatch_weights/gmflow-scale1-mixdata-train320x576-4c3a6e9a.pth,GMFlow+ (s1)
KITTI,train,,mixed,gmflow-scale1-mixdata-train320x576-4c3a6e9a.pth,IR_{3px},0.8043389712784921,models/_pretrained_weights/unimatch_weights/gmflow-scale1-mixdata-train320x576-4c3a6e9a.pth,GMFlow+ (s1)
KITTI,train,,mixed,gmflow-scale1-mixdata-train320x576-4c3a6e9a.pth,IR_{5px},0.8642437996803047,models/_pretrained_weights/unimatch_weights/gmflow-scale1-mixdata-train320x576-4c3a6e9a.pth,GMFlow+ (s1)
KITTI,train,,mixed,gmflow-scale1-mixdata-train320x576-4c3a6e9a.pth,fl-kitti,0.1730731671685893,models/_pretrained_weights/unimatch_weights/gmflow-scale1-mixdata-train320x576-4c3a6e9a.pth,GMFlow+ (s1)
KITTI,train,,mixed,gmflow-scale1-mixdata-train320x576-4c3a6e9a.pth,MSE,68.5322265625,models/_pretrained_weights/unimatch_weights/gmflow-scale1-mixdata-train320x576-4c3a6e9a.pth,GMFlow+ (s1)
KITTI,train,,mixed,gmflow-scale1-mixdata-train320x576-4c3a6e9a.pth,WAUC,0.5889096178397104,models/_pretrained_weights/unimatch_weights/gmflow-scale1-mixdata-train320x576-4c3a6e9a.pth,GMFlow+ (s1)
KITTI,train,,C+T,matchflow-r-things.pth,EPE,4.710721492767334,models/_pretrained_weights/matchflow_weights/matchflow-r/matchflow-r-things.pth,MatchFlow (R)
KITTI,train,,C+T,matchflow-r-things.pth,IR_{1px},0.6662698704657584,models/_pretrained_weights/matchflow_weights/matchflow-r/matchflow-r-things.pth,MatchFlow (R)
KITTI,train,,C+T,matchflow-r-things.pth,IR_{3px},0.8369978668473894,models/_pretrained_weights/matchflow_weights/matchflow-r/matchflow-r-things.pth,MatchFlow (R)
KITTI,train,,C+T,matchflow-r-things.pth,IR_{5px},0.8807891884860252,models/_pretrained_weights/matchflow_weights/matchflow-r/matchflow-r-things.pth,MatchFlow (R)
KITTI,train,,C+T,matchflow-r-things.pth,fl-kitti,0.1424699481212247,models/_pretrained_weights/matchflow_weights/matchflow-r/matchflow-r-things.pth,MatchFlow (R)
KITTI,train,,C+T,matchflow-r-things.pth,MSE,177.2213897705078,models/_pretrained_weights/matchflow_weights/matchflow-r/matchflow-r-things.pth,MatchFlow (R)
KITTI,train,,C+T,matchflow-r-things.pth,WAUC,0.6666883695988391,models/_pretrained_weights/matchflow_weights/matchflow-r/matchflow-r-things.pth,MatchFlow (R)
FlyingChairs,validation,,K,kitti.pth,EPE,3.890982151031494,models/_pretrained_weights/FlowFormer-Models/kitti.pth,FlowFormer
FlyingChairs,validation,,K,kitti.pth,IR_{1px},0.7388650973637899,models/_pretrained_weights/FlowFormer-Models/kitti.pth,FlowFormer
FlyingChairs,validation,,K,kitti.pth,IR_{3px},0.8544244527816772,models/_pretrained_weights/FlowFormer-Models/kitti.pth,FlowFormer
FlyingChairs,validation,,K,kitti.pth,IR_{5px},0.8832075119018554,models/_pretrained_weights/FlowFormer-Models/kitti.pth,FlowFormer
FlyingChairs,validation,,K,kitti.pth,fl-kitti,0.1451078017552693,models/_pretrained_weights/FlowFormer-Models/kitti.pth,FlowFormer
FlyingChairs,validation,,K,kitti.pth,MSE,92.6173858642578,models/_pretrained_weights/FlowFormer-Models/kitti.pth,FlowFormer
FlyingChairs,validation,,K,kitti.pth,WAUC,0.7257805553615684,models/_pretrained_weights/FlowFormer-Models/kitti.pth,FlowFormer
FlyingChairs,validation,,C,chairs.pth,EPE,0.6392648816108704,models/_pretrained_weights/FlowFormer-Models/chairs.pth,FlowFormer
FlyingChairs,validation,,C,chairs.pth,IR_{1px},0.9353575547536211,models/_pretrained_weights/FlowFormer-Models/chairs.pth,FlowFormer
FlyingChairs,validation,,C,chairs.pth,IR_{3px},0.9760378519694012,models/_pretrained_weights/FlowFormer-Models/chairs.pth,FlowFormer
FlyingChairs,validation,,C,chairs.pth,IR_{5px},0.9833285172780354,models/_pretrained_weights/FlowFormer-Models/chairs.pth,FlowFormer
FlyingChairs,validation,,C,chairs.pth,fl-kitti,0.0232598861058553,models/_pretrained_weights/FlowFormer-Models/chairs.pth,FlowFormer
FlyingChairs,validation,,C,chairs.pth,MSE,11.77324390411377,models/_pretrained_weights/FlowFormer-Models/chairs.pth,FlowFormer
FlyingChairs,validation,,C,chairs.pth,WAUC,0.9137100158461642,models/_pretrained_weights/FlowFormer-Models/chairs.pth,FlowFormer
FlyingChairs,validation,,S,sintel.pth,EPE,1.1075934171676636,models/_pretrained_weights/FlowFormer-Models/sintel.pth,FlowFormer
FlyingChairs,validation,,S,sintel.pth,IR_{1px},0.8744458675384521,models/_pretrained_weights/FlowFormer-Models/sintel.pth,FlowFormer
FlyingChairs,validation,,S,sintel.pth,IR_{3px},0.961704715092977,models/_pretrained_weights/FlowFormer-Models/sintel.pth,FlowFormer
FlyingChairs,validation,,S,sintel.pth,IR_{5px},0.971947725613912,models/_pretrained_weights/FlowFormer-Models/sintel.pth,FlowFormer
FlyingChairs,validation,,S,sintel.pth,fl-kitti,0.0375398556391398,models/_pretrained_weights/FlowFormer-Models/sintel.pth,FlowFormer
FlyingChairs,validation,,S,sintel.pth,MSE,24.54281997680664,models/_pretrained_weights/FlowFormer-Models/sintel.pth,FlowFormer
FlyingChairs,validation,,S,sintel.pth,WAUC,0.8725186691457288,models/_pretrained_weights/FlowFormer-Models/sintel.pth,FlowFormer
FlyingChairs,validation,,C+T,things.pth,EPE,0.995125949382782,models/_pretrained_weights/FlowFormer-Models/things.pth,FlowFormer
FlyingChairs,validation,,C+T,things.pth,IR_{1px},0.8732697407404582,models/_pretrained_weights/FlowFormer-Models/things.pth,FlowFormer
FlyingChairs,validation,,C+T,things.pth,IR_{3px},0.9625792900721232,models/_pretrained_weights/FlowFormer-Models/things.pth,FlowFormer
FlyingChairs,validation,,C+T,things.pth,IR_{5px},0.973896344502767,models/_pretrained_weights/FlowFormer-Models/things.pth,FlowFormer
FlyingChairs,validation,,C+T,things.pth,fl-kitti,0.0365597486495971,models/_pretrained_weights/FlowFormer-Models/things.pth,FlowFormer
FlyingChairs,validation,,C+T,things.pth,MSE,19.68407249450684,models/_pretrained_weights/FlowFormer-Models/things.pth,FlowFormer
FlyingChairs,validation,,C+T,things.pth,WAUC,0.8699450065090317,models/_pretrained_weights/FlowFormer-Models/things.pth,FlowFormer
FlyingChairs,validation,,K,matchflow-g-kitti.pth,EPE,3.298020839691162,models/_pretrained_weights/matchflow_weights/matchflow-g/matchflow-g-kitti.pth,MatchFlow (G)
FlyingChairs,validation,,K,matchflow-g-kitti.pth,IR_{1px},0.7533490816752115,models/_pretrained_weights/matchflow_weights/matchflow-g/matchflow-g-kitti.pth,MatchFlow (G)
FlyingChairs,validation,,K,matchflow-g-kitti.pth,IR_{3px},0.8758589267730713,models/_pretrained_weights/matchflow_weights/matchflow-g/matchflow-g-kitti.pth,MatchFlow (G)
FlyingChairs,validation,,K,matchflow-g-kitti.pth,IR_{5px},0.9021912256876627,models/_pretrained_weights/matchflow_weights/matchflow-g/matchflow-g-kitti.pth,MatchFlow (G)
FlyingChairs,validation,,K,matchflow-g-kitti.pth,fl-kitti,0.1233307520548502,models/_pretrained_weights/matchflow_weights/matchflow-g/matchflow-g-kitti.pth,MatchFlow (G)
FlyingChairs,validation,,K,matchflow-g-kitti.pth,MSE,81.78060913085938,models/_pretrained_weights/matchflow_weights/matchflow-g/matchflow-g-kitti.pth,MatchFlow (G)
FlyingChairs,validation,,K,matchflow-g-kitti.pth,WAUC,0.745529999116073,models/_pretrained_weights/matchflow_weights/matchflow-g/matchflow-g-kitti.pth,MatchFlow (G)
FlyingChairs,validation,,S,matchflow-g-sintel.pth,EPE,1.000834822654724,models/_pretrained_weights/matchflow_weights/matchflow-g/matchflow-g-sintel.pth,MatchFlow (G)
FlyingChairs,validation,,S,matchflow-g-sintel.pth,IR_{1px},0.879802378018697,models/_pretrained_weights/matchflow_weights/matchflow-g/matchflow-g-sintel.pth,MatchFlow (G)
FlyingChairs,validation,,S,matchflow-g-sintel.pth,IR_{3px},0.9636957724889118,models/_pretrained_weights/matchflow_weights/matchflow-g/matchflow-g-sintel.pth,MatchFlow (G)
FlyingChairs,validation,,S,matchflow-g-sintel.pth,IR_{5px},0.9733001788457234,models/_pretrained_weights/matchflow_weights/matchflow-g/matchflow-g-sintel.pth,MatchFlow (G)
FlyingChairs,validation,,S,matchflow-g-sintel.pth,fl-kitti,0.0355825980504353,models/_pretrained_weights/matchflow_weights/matchflow-g/matchflow-g-sintel.pth,MatchFlow (G)
FlyingChairs,validation,,S,matchflow-g-sintel.pth,MSE,20.199323654174805,models/_pretrained_weights/matchflow_weights/matchflow-g/matchflow-g-sintel.pth,MatchFlow (G)
FlyingChairs,validation,,S,matchflow-g-sintel.pth,WAUC,0.877866117499449,models/_pretrained_weights/matchflow_weights/matchflow-g/matchflow-g-sintel.pth,MatchFlow (G)
FlyingChairs,validation,,C,matchflow-g-chairs.pth,EPE,0.5995508432388306,models/_pretrained_weights/matchflow_weights/matchflow-g/matchflow-g-chairs.pth,MatchFlow (G)
FlyingChairs,validation,,C,matchflow-g-chairs.pth,IR_{1px},0.9425998369852702,models/_pretrained_weights/matchflow_weights/matchflow-g/matchflow-g-chairs.pth,MatchFlow (G)
FlyingChairs,validation,,C,matchflow-g-chairs.pth,IR_{3px},0.9786882321039836,models/_pretrained_weights/matchflow_weights/matchflow-g/matchflow-g-chairs.pth,MatchFlow (G)
FlyingChairs,validation,,C,matchflow-g-chairs.pth,IR_{5px},0.9846806526184082,models/_pretrained_weights/matchflow_weights/matchflow-g/matchflow-g-chairs.pth,MatchFlow (G)
FlyingChairs,validation,,C,matchflow-g-chairs.pth,fl-kitti,0.0207212050755818,models/_pretrained_weights/matchflow_weights/matchflow-g/matchflow-g-chairs.pth,MatchFlow (G)
FlyingChairs,validation,,C,matchflow-g-chairs.pth,MSE,12.432195663452148,models/_pretrained_weights/matchflow_weights/matchflow-g/matchflow-g-chairs.pth,MatchFlow (G)
FlyingChairs,validation,,C,matchflow-g-chairs.pth,WAUC,0.9217954819477824,models/_pretrained_weights/matchflow_weights/matchflow-g/matchflow-g-chairs.pth,MatchFlow (G)
FlyingChairs,validation,,C+T,matchflow-g-things.pth,EPE,0.9402822256088256,models/_pretrained_weights/matchflow_weights/matchflow-g/matchflow-g-things.pth,MatchFlow (G)
FlyingChairs,validation,,C+T,matchflow-g-things.pth,IR_{1px},0.8820056517918904,models/_pretrained_weights/matchflow_weights/matchflow-g/matchflow-g-things.pth,MatchFlow (G)
FlyingChairs,validation,,C+T,matchflow-g-things.pth,IR_{3px},0.9666145006815594,models/_pretrained_weights/matchflow_weights/matchflow-g/matchflow-g-things.pth,MatchFlow (G)
FlyingChairs,validation,,C+T,matchflow-g-things.pth,IR_{5px},0.9757424434026084,models/_pretrained_weights/matchflow_weights/matchflow-g/matchflow-g-things.pth,MatchFlow (G)
FlyingChairs,validation,,C+T,matchflow-g-things.pth,fl-kitti,0.0327240308125813,models/_pretrained_weights/matchflow_weights/matchflow-g/matchflow-g-things.pth,MatchFlow (G)
FlyingChairs,validation,,C+T,matchflow-g-things.pth,MSE,17.799379348754883,models/_pretrained_weights/matchflow_weights/matchflow-g/matchflow-g-things.pth,MatchFlow (G)
FlyingChairs,validation,,C+T,matchflow-g-things.pth,WAUC,0.8777161728478108,models/_pretrained_weights/matchflow_weights/matchflow-g/matchflow-g-things.pth,MatchFlow (G)
FlyingChairs,validation,,K,CCMR+_kitti.pth,EPE,1.6896610260009766,models/_pretrained_weights/ccmr_weights/CCMR+_kitti.pth,CCMR+
FlyingChairs,validation,,K,CCMR+_kitti.pth,IR_{1px},0.8790936867396036,models/_pretrained_weights/ccmr_weights/CCMR+_kitti.pth,CCMR+
FlyingChairs,validation,,K,CCMR+_kitti.pth,IR_{3px},0.9490655581156412,models/_pretrained_weights/ccmr_weights/CCMR+_kitti.pth,CCMR+
FlyingChairs,validation,,K,CCMR+_kitti.pth,IR_{5px},0.9580874125162762,models/_pretrained_weights/ccmr_weights/CCMR+_kitti.pth,CCMR+
FlyingChairs,validation,,K,CCMR+_kitti.pth,fl-kitti,0.0503964185714721,models/_pretrained_weights/ccmr_weights/CCMR+_kitti.pth,CCMR+
FlyingChairs,validation,,K,CCMR+_kitti.pth,MSE,48.87462615966797,models/_pretrained_weights/ccmr_weights/CCMR+_kitti.pth,CCMR+
FlyingChairs,validation,,K,CCMR+_kitti.pth,WAUC,0.8756008622701412,models/_pretrained_weights/ccmr_weights/CCMR+_kitti.pth,CCMR+
FlyingChairs,validation,,C+T,CCMR+_things.pth,EPE,0.8448706865310669,models/_pretrained_weights/ccmr_weights/CCMR+_things.pth,CCMR+
FlyingChairs,validation,,C+T,CCMR+_things.pth,IR_{1px},0.91611803372701,models/_pretrained_weights/ccmr_weights/CCMR+_things.pth,CCMR+
FlyingChairs,validation,,C+T,CCMR+_things.pth,IR_{3px},0.9772203842798868,models/_pretrained_weights/ccmr_weights/CCMR+_things.pth,CCMR+
FlyingChairs,validation,,C+T,CCMR+_things.pth,IR_{5px},0.9815843184789024,models/_pretrained_weights/ccmr_weights/CCMR+_things.pth,CCMR+
FlyingChairs,validation,,C+T,CCMR+_things.pth,fl-kitti,0.0224185307820638,models/_pretrained_weights/ccmr_weights/CCMR+_things.pth,CCMR+
FlyingChairs,validation,,C+T,CCMR+_things.pth,MSE,22.29853820800781,models/_pretrained_weights/ccmr_weights/CCMR+_things.pth,CCMR+
FlyingChairs,validation,,C+T,CCMR+_things.pth,WAUC,0.9088352144748072,models/_pretrained_weights/ccmr_weights/CCMR+_things.pth,CCMR+
FlyingChairs,validation,,S,CCMR+_sintel.pth,EPE,0.944265365600586,models/_pretrained_weights/ccmr_weights/CCMR+_sintel.pth,CCMR+
FlyingChairs,validation,,S,CCMR+_sintel.pth,IR_{1px},0.9144499858220418,models/_pretrained_weights/ccmr_weights/CCMR+_sintel.pth,CCMR+
FlyingChairs,validation,,S,CCMR+_sintel.pth,IR_{3px},0.975240381558736,models/_pretrained_weights/ccmr_weights/CCMR+_sintel.pth,CCMR+
FlyingChairs,validation,,S,CCMR+_sintel.pth,IR_{5px},0.979375410079956,models/_pretrained_weights/ccmr_weights/CCMR+_sintel.pth,CCMR+
FlyingChairs,validation,,S,CCMR+_sintel.pth,fl-kitti,0.0243533134460449,models/_pretrained_weights/ccmr_weights/CCMR+_sintel.pth,CCMR+
FlyingChairs,validation,,S,CCMR+_sintel.pth,MSE,26.21932411193848,models/_pretrained_weights/ccmr_weights/CCMR+_sintel.pth,CCMR+
FlyingChairs,validation,,S,CCMR+_sintel.pth,WAUC,0.907602105545132,models/_pretrained_weights/ccmr_weights/CCMR+_sintel.pth,CCMR+
FlyingChairs,validation,,C+T,FlowNet2_checkpoint.pth.tar,EPE,1.7375690937042236,models/_pretrained_weights/FlowNet/FlowNet2_checkpoint.pth.tar,FlowNet2
FlyingChairs,validation,,C+T,FlowNet2_checkpoint.pth.tar,IR_{1px},0.8186429182688396,models/_pretrained_weights/FlowNet/FlowNet2_checkpoint.pth.tar,FlowNet2
FlyingChairs,validation,,C+T,FlowNet2_checkpoint.pth.tar,IR_{3px},0.921505626042684,models/_pretrained_weights/FlowNet/FlowNet2_checkpoint.pth.tar,FlowNet2
FlyingChairs,validation,,C+T,FlowNet2_checkpoint.pth.tar,IR_{5px},0.943186902999878,models/_pretrained_weights/FlowNet/FlowNet2_checkpoint.pth.tar,FlowNet2
FlyingChairs,validation,,C+T,FlowNet2_checkpoint.pth.tar,fl-kitti,0.0771833419799804,models/_pretrained_weights/FlowNet/FlowNet2_checkpoint.pth.tar,FlowNet2
FlyingChairs,validation,,C+T,FlowNet2_checkpoint.pth.tar,MSE,34.61430740356445,models/_pretrained_weights/FlowNet/FlowNet2_checkpoint.pth.tar,FlowNet2
FlyingChairs,validation,,C+T,FlowNet2_checkpoint.pth.tar,WAUC,0.814443671341383,models/_pretrained_weights/FlowNet/FlowNet2_checkpoint.pth.tar,FlowNet2
FlyingChairs,validation,,C+T,gmflow-scale2-things-36579974.pth,EPE,1.1772998571395874,models/_pretrained_weights/unimatch_weights/gmflow-scale2-things-36579974.pth,GMFlow+ (s2)
FlyingChairs,validation,,C+T,gmflow-scale2-things-36579974.pth,IR_{1px},0.8552627722422281,models/_pretrained_weights/unimatch_weights/gmflow-scale2-things-36579974.pth,GMFlow+ (s2)
FlyingChairs,validation,,C+T,gmflow-scale2-things-36579974.pth,IR_{3px},0.9589298486709594,models/_pretrained_weights/unimatch_weights/gmflow-scale2-things-36579974.pth,GMFlow+ (s2)
FlyingChairs,validation,,C+T,gmflow-scale2-things-36579974.pth,IR_{5px},0.9718661705652872,models/_pretrained_weights/unimatch_weights/gmflow-scale2-things-36579974.pth,GMFlow+ (s2)
FlyingChairs,validation,,C+T,gmflow-scale2-things-36579974.pth,fl-kitti,0.0398739496866862,models/_pretrained_weights/unimatch_weights/gmflow-scale2-things-36579974.pth,GMFlow+ (s2)
FlyingChairs,validation,,C+T,gmflow-scale2-things-36579974.pth,MSE,18.363399505615234,models/_pretrained_weights/unimatch_weights/gmflow-scale2-things-36579974.pth,GMFlow+ (s2)
FlyingChairs,validation,,C+T,gmflow-scale2-things-36579974.pth,WAUC,0.7980189159065978,models/_pretrained_weights/unimatch_weights/gmflow-scale2-things-36579974.pth,GMFlow+ (s2)
FlyingChairs,validation,,mixed,gmflow-scale2-mixdata-train320x576-9ff1c094.pth,EPE,1.0711784362792969,models/_pretrained_weights/unimatch_weights/gmflow-scale2-mixdata-train320x576-9ff1c094.pth,GMFlow+ (s2)
FlyingChairs,validation,,mixed,gmflow-scale2-mixdata-train320x576-9ff1c094.pth,IR_{1px},0.875439675649007,models/_pretrained_weights/unimatch_weights/gmflow-scale2-mixdata-train320x576-9ff1c094.pth,GMFlow+ (s2)
FlyingChairs,validation,,mixed,gmflow-scale2-mixdata-train320x576-9ff1c094.pth,IR_{3px},0.9602214177449544,models/_pretrained_weights/unimatch_weights/gmflow-scale2-mixdata-train320x576-9ff1c094.pth,GMFlow+ (s2)
FlyingChairs,validation,,mixed,gmflow-scale2-mixdata-train320x576-9ff1c094.pth,IR_{5px},0.9713888804117838,models/_pretrained_weights/unimatch_weights/gmflow-scale2-mixdata-train320x576-9ff1c094.pth,GMFlow+ (s2)
FlyingChairs,validation,,mixed,gmflow-scale2-mixdata-train320x576-9ff1c094.pth,fl-kitti,0.0386598904927571,models/_pretrained_weights/unimatch_weights/gmflow-scale2-mixdata-train320x576-9ff1c094.pth,GMFlow+ (s2)
FlyingChairs,validation,,mixed,gmflow-scale2-mixdata-train320x576-9ff1c094.pth,MSE,18.47047996520996,models/_pretrained_weights/unimatch_weights/gmflow-scale2-mixdata-train320x576-9ff1c094.pth,GMFlow+ (s2)
FlyingChairs,validation,,mixed,gmflow-scale2-mixdata-train320x576-9ff1c094.pth,WAUC,0.8424976147897173,models/_pretrained_weights/unimatch_weights/gmflow-scale2-mixdata-train320x576-9ff1c094.pth,GMFlow+ (s2)
FlyingChairs,validation,,S,gmflow-scale2-sintel-3ed1cf48.pth,EPE,1.4852745532989502,models/_pretrained_weights/unimatch_weights/gmflow-scale2-sintel-3ed1cf48.pth,GMFlow+ (s2)
FlyingChairs,validation,,S,gmflow-scale2-sintel-3ed1cf48.pth,IR_{1px},0.7280651966730753,models/_pretrained_weights/unimatch_weights/gmflow-scale2-sintel-3ed1cf48.pth,GMFlow+ (s2)
FlyingChairs,validation,,S,gmflow-scale2-sintel-3ed1cf48.pth,IR_{3px},0.9534672260284424,models/_pretrained_weights/unimatch_weights/gmflow-scale2-sintel-3ed1cf48.pth,GMFlow+ (s2)
FlyingChairs,validation,,S,gmflow-scale2-sintel-3ed1cf48.pth,IR_{5px},0.9676365216573078,models/_pretrained_weights/unimatch_weights/gmflow-scale2-sintel-3ed1cf48.pth,GMFlow+ (s2)
FlyingChairs,validation,,S,gmflow-scale2-sintel-3ed1cf48.pth,fl-kitti,0.0453011910120646,models/_pretrained_weights/unimatch_weights/gmflow-scale2-sintel-3ed1cf48.pth,GMFlow+ (s2)
FlyingChairs,validation,,S,gmflow-scale2-sintel-3ed1cf48.pth,MSE,22.227392196655277,models/_pretrained_weights/unimatch_weights/gmflow-scale2-sintel-3ed1cf48.pth,GMFlow+ (s2)
FlyingChairs,validation,,S,gmflow-scale2-sintel-3ed1cf48.pth,WAUC,0.7266417338399604,models/_pretrained_weights/unimatch_weights/gmflow-scale2-sintel-3ed1cf48.pth,GMFlow+ (s2)
FlyingChairs,validation,,S,pwc_net.pth.tar,EPE,3.875331878662109,models/_pretrained_weights/pwc_net.pth.tar,PWCNet
FlyingChairs,validation,,S,pwc_net.pth.tar,IR_{1px},0.1466607650121053,models/_pretrained_weights/pwc_net.pth.tar,PWCNet
FlyingChairs,validation,,S,pwc_net.pth.tar,IR_{3px},0.8553664286931355,models/_pretrained_weights/pwc_net.pth.tar,PWCNet
FlyingChairs,validation,,S,pwc_net.pth.tar,IR_{5px},0.913431159655253,models/_pretrained_weights/pwc_net.pth.tar,PWCNet
FlyingChairs,validation,,S,pwc_net.pth.tar,fl-kitti,0.1434073448181152,models/_pretrained_weights/pwc_net.pth.tar,PWCNet
FlyingChairs,validation,,S,pwc_net.pth.tar,MSE,63.2181282043457,models/_pretrained_weights/pwc_net.pth.tar,PWCNet
FlyingChairs,validation,,S,pwc_net.pth.tar,WAUC,0.4044957868494216,models/_pretrained_weights/pwc_net.pth.tar,PWCNet
FlyingChairs,validation,,C+T,pwc_net_chairs.pth.tar,EPE,3.5469138622283936,models/_pretrained_weights/pwc_net_chairs.pth.tar,PWCNet
FlyingChairs,validation,,C+T,pwc_net_chairs.pth.tar,IR_{1px},0.1558198054631551,models/_pretrained_weights/pwc_net_chairs.pth.tar,PWCNet
FlyingChairs,validation,,C+T,pwc_net_chairs.pth.tar,IR_{3px},0.7977449178695678,models/_pretrained_weights/pwc_net_chairs.pth.tar,PWCNet
FlyingChairs,validation,,C+T,pwc_net_chairs.pth.tar,IR_{5px},0.9024103085199991,models/_pretrained_weights/pwc_net_chairs.pth.tar,PWCNet
FlyingChairs,validation,,C+T,pwc_net_chairs.pth.tar,fl-kitti,0.2008537769317627,models/_pretrained_weights/pwc_net_chairs.pth.tar,PWCNet
FlyingChairs,validation,,C+T,pwc_net_chairs.pth.tar,MSE,42.223289489746094,models/_pretrained_weights/pwc_net_chairs.pth.tar,PWCNet
FlyingChairs,validation,,C+T,pwc_net_chairs.pth.tar,WAUC,0.3902003704596667,models/_pretrained_weights/pwc_net_chairs.pth.tar,PWCNet
FlyingChairs,validation,,C+T,_things_phase1_100000.pth,EPE,0.9133046865463256,models/_pretrained_weights/ms_raft_plus/_things_phase1_100000.pth,MS-RAFT+
FlyingChairs,validation,,C+T,_things_phase1_100000.pth,IR_{1px},0.9158434867858888,models/_pretrained_weights/ms_raft_plus/_things_phase1_100000.pth,MS-RAFT+
FlyingChairs,validation,,C+T,_things_phase1_100000.pth,IR_{3px},0.9754557847976684,models/_pretrained_weights/ms_raft_plus/_things_phase1_100000.pth,MS-RAFT+
FlyingChairs,validation,,C+T,_things_phase1_100000.pth,IR_{5px},0.9796897729237872,models/_pretrained_weights/ms_raft_plus/_things_phase1_100000.pth,MS-RAFT+
FlyingChairs,validation,,C+T,_things_phase1_100000.pth,fl-kitti,0.0242815732955932,models/_pretrained_weights/ms_raft_plus/_things_phase1_100000.pth,MS-RAFT+
FlyingChairs,validation,,C+T,_things_phase1_100000.pth,MSE,25.792505264282227,models/_pretrained_weights/ms_raft_plus/_things_phase1_100000.pth,MS-RAFT+
FlyingChairs,validation,,C+T,_things_phase1_100000.pth,WAUC,0.9071471901097314,models/_pretrained_weights/ms_raft_plus/_things_phase1_100000.pth,MS-RAFT+
FlyingChairs,validation,,mixed,mixed.pth,EPE,1.079817533493042,models/_pretrained_weights/ms_raft_plus/mixed.pth,MS-RAFT+
FlyingChairs,validation,,mixed,mixed.pth,IR_{1px},0.9116157134373984,models/_pretrained_weights/ms_raft_plus/mixed.pth,MS-RAFT+
FlyingChairs,validation,,mixed,mixed.pth,IR_{3px},0.9700608889261882,models/_pretrained_weights/ms_raft_plus/mixed.pth,MS-RAFT+
FlyingChairs,validation,,mixed,mixed.pth,IR_{5px},0.9750132083892822,models/_pretrained_weights/ms_raft_plus/mixed.pth,MS-RAFT+
FlyingChairs,validation,,mixed,mixed.pth,fl-kitti,0.0295354763666788,models/_pretrained_weights/ms_raft_plus/mixed.pth,MS-RAFT+
FlyingChairs,validation,,mixed,mixed.pth,MSE,30.249975204467773,models/_pretrained_weights/ms_raft_plus/mixed.pth,MS-RAFT+
FlyingChairs,validation,,mixed,mixed.pth,WAUC,0.9027074587274306,models/_pretrained_weights/ms_raft_plus/mixed.pth,MS-RAFT+
FlyingChairs,validation,,C+T,FlowNet2-C_checkpoint.pth.tar,EPE,2.7300918102264404,models/_pretrained_weights/FlowNet/FlowNet2-C_checkpoint.pth.tar,FlowNet2C
FlyingChairs,validation,,C+T,FlowNet2-C_checkpoint.pth.tar,IR_{1px},0.5658143520355224,models/_pretrained_weights/FlowNet/FlowNet2-C_checkpoint.pth.tar,FlowNet2C
FlyingChairs,validation,,C+T,FlowNet2-C_checkpoint.pth.tar,IR_{3px},0.8349908272425335,models/_pretrained_weights/FlowNet/FlowNet2-C_checkpoint.pth.tar,FlowNet2C
FlyingChairs,validation,,C+T,FlowNet2-C_checkpoint.pth.tar,IR_{5px},0.8986193497975667,models/_pretrained_weights/FlowNet/FlowNet2-C_checkpoint.pth.tar,FlowNet2C
FlyingChairs,validation,,C+T,FlowNet2-C_checkpoint.pth.tar,fl-kitti,0.1634933948516845,models/_pretrained_weights/FlowNet/FlowNet2-C_checkpoint.pth.tar,FlowNet2C
FlyingChairs,validation,,C+T,FlowNet2-C_checkpoint.pth.tar,MSE,35.75661087036133,models/_pretrained_weights/FlowNet/FlowNet2-C_checkpoint.pth.tar,FlowNet2C
FlyingChairs,validation,,C+T,FlowNet2-C_checkpoint.pth.tar,WAUC,0.5930624173419311,models/_pretrained_weights/FlowNet/FlowNet2-C_checkpoint.pth.tar,FlowNet2C
FlyingChairs,validation,,C+T,raft-things.pth,EPE,1.1464160680770874,models/_pretrained_weights/raft-things.pth,RAFT
FlyingChairs,validation,,C+T,raft-things.pth,IR_{1px},0.8654853661855061,models/_pretrained_weights/raft-things.pth,RAFT
FlyingChairs,validation,,C+T,raft-things.pth,IR_{3px},0.956672978401184,models/_pretrained_weights/raft-things.pth,RAFT
FlyingChairs,validation,,C+T,raft-things.pth,IR_{5px},0.9693634112675984,models/_pretrained_weights/raft-things.pth,RAFT
FlyingChairs,validation,,C+T,raft-things.pth,fl-kitti,0.0425132910410563,models/_pretrained_weights/raft-things.pth,RAFT
FlyingChairs,validation,,C+T,raft-things.pth,MSE,24.998517990112305,models/_pretrained_weights/raft-things.pth,RAFT
FlyingChairs,validation,,C+T,raft-things.pth,WAUC,0.8608393607674651,models/_pretrained_weights/raft-things.pth,RAFT
FlyingChairs,validation,,S,raft-sintel.pth,EPE,1.2232621908187866,models/_pretrained_weights/raft-sintel.pth,RAFT
FlyingChairs,validation,,S,raft-sintel.pth,IR_{1px},0.8633620023727417,models/_pretrained_weights/raft-sintel.pth,RAFT
FlyingChairs,validation,,S,raft-sintel.pth,IR_{3px},0.9544413328170775,models/_pretrained_weights/raft-sintel.pth,RAFT
FlyingChairs,validation,,S,raft-sintel.pth,IR_{5px},0.9670805692672728,models/_pretrained_weights/raft-sintel.pth,RAFT
FlyingChairs,validation,,S,raft-sintel.pth,fl-kitti,0.0447806358337402,models/_pretrained_weights/raft-sintel.pth,RAFT
FlyingChairs,validation,,S,raft-sintel.pth,MSE,28.70697593688965,models/_pretrained_weights/raft-sintel.pth,RAFT
FlyingChairs,validation,,S,raft-sintel.pth,WAUC,0.8620079121211969,models/_pretrained_weights/raft-sintel.pth,RAFT
FlyingChairs,validation,,K,raft-kitti.pth,EPE,3.5855553150177,models/_pretrained_weights/raft-kitti.pth,RAFT
FlyingChairs,validation,,K,raft-kitti.pth,IR_{1px},0.7437722365061441,models/_pretrained_weights/raft-kitti.pth,RAFT
FlyingChairs,validation,,K,raft-kitti.pth,IR_{3px},0.8532251119613647,models/_pretrained_weights/raft-kitti.pth,RAFT
FlyingChairs,validation,,K,raft-kitti.pth,IR_{5px},0.8844774564107258,models/_pretrained_weights/raft-kitti.pth,RAFT
FlyingChairs,validation,,K,raft-kitti.pth,fl-kitti,0.1463927189509073,models/_pretrained_weights/raft-kitti.pth,RAFT
FlyingChairs,validation,,K,raft-kitti.pth,MSE,83.31782531738281,models/_pretrained_weights/raft-kitti.pth,RAFT
FlyingChairs,validation,,K,raft-kitti.pth,WAUC,0.7299074100645462,models/_pretrained_weights/raft-kitti.pth,RAFT
FlyingChairs,validation,,C,raft-chairs.pth,EPE,0.8290077447891235,models/_pretrained_weights/raft-chairs.pth,RAFT
FlyingChairs,validation,,C,raft-chairs.pth,IR_{1px},0.913068699836731,models/_pretrained_weights/raft-chairs.pth,RAFT
FlyingChairs,validation,,C,raft-chairs.pth,IR_{3px},0.9694114208221436,models/_pretrained_weights/raft-chairs.pth,RAFT
FlyingChairs,validation,,C,raft-chairs.pth,IR_{5px},0.9784425894419352,models/_pretrained_weights/raft-chairs.pth,RAFT
FlyingChairs,validation,,C,raft-chairs.pth,fl-kitti,0.0298995018005371,models/_pretrained_weights/raft-chairs.pth,RAFT
FlyingChairs,validation,,C,raft-chairs.pth,MSE,18.63726234436035,models/_pretrained_weights/raft-chairs.pth,RAFT
FlyingChairs,validation,,C,raft-chairs.pth,WAUC,0.8974714978567444,models/_pretrained_weights/raft-chairs.pth,RAFT
FlyingChairs,validation,,C,gma-chairs.pth,EPE,0.8429762125015259,models/_pretrained_weights/gma-chairs.pth,GMA
FlyingChairs,validation,,C,gma-chairs.pth,IR_{1px},0.9207345883051556,models/_pretrained_weights/gma-chairs.pth,GMA
FlyingChairs,validation,,C,gma-chairs.pth,IR_{3px},0.9690263350804648,models/_pretrained_weights/gma-chairs.pth,GMA
FlyingChairs,validation,,C,gma-chairs.pth,IR_{5px},0.977534834543864,models/_pretrained_weights/gma-chairs.pth,GMA
FlyingChairs,validation,,C,gma-chairs.pth,fl-kitti,0.0302985350290934,models/_pretrained_weights/gma-chairs.pth,GMA
FlyingChairs,validation,,C,gma-chairs.pth,MSE,20.16364097595215,models/_pretrained_weights/gma-chairs.pth,GMA
FlyingChairs,validation,,C,gma-chairs.pth,WAUC,0.9011355349458878,models/_pretrained_weights/gma-chairs.pth,GMA
FlyingChairs,validation,,C+T,gma-things.pth,EPE,1.256660223007202,models/_pretrained_weights/gma-things.pth,GMA
FlyingChairs,validation,,C+T,gma-things.pth,IR_{1px},0.858211898803711,models/_pretrained_weights/gma-things.pth,GMA
FlyingChairs,validation,,C+T,gma-things.pth,IR_{3px},0.9519973516464232,models/_pretrained_weights/gma-things.pth,GMA
FlyingChairs,validation,,C+T,gma-things.pth,IR_{5px},0.9659305969874064,models/_pretrained_weights/gma-things.pth,GMA
FlyingChairs,validation,,C+T,gma-things.pth,fl-kitti,0.0469787756601969,models/_pretrained_weights/gma-things.pth,GMA
FlyingChairs,validation,,C+T,gma-things.pth,MSE,28.57270812988281,models/_pretrained_weights/gma-things.pth,GMA
FlyingChairs,validation,,C+T,gma-things.pth,WAUC,0.8543311688010842,models/_pretrained_weights/gma-things.pth,GMA
FlyingChairs,validation,,K,gma-kitti.pth,EPE,3.785372257232666,models/_pretrained_weights/gma-kitti.pth,GMA
FlyingChairs,validation,,K,gma-kitti.pth,IR_{1px},0.7351789792378743,models/_pretrained_weights/gma-kitti.pth,GMA
FlyingChairs,validation,,K,gma-kitti.pth,IR_{3px},0.8526092926661173,models/_pretrained_weights/gma-kitti.pth,GMA
FlyingChairs,validation,,K,gma-kitti.pth,IR_{5px},0.8843619426091512,models/_pretrained_weights/gma-kitti.pth,GMA
FlyingChairs,validation,,K,gma-kitti.pth,fl-kitti,0.1469624678293864,models/_pretrained_weights/gma-kitti.pth,GMA
FlyingChairs,validation,,K,gma-kitti.pth,MSE,96.48060607910156,models/_pretrained_weights/gma-kitti.pth,GMA
FlyingChairs,validation,,K,gma-kitti.pth,WAUC,0.7257535154685723,models/_pretrained_weights/gma-kitti.pth,GMA
FlyingChairs,validation,,S,gma-sintel.pth,EPE,1.3420480489730835,models/_pretrained_weights/gma-sintel.pth,GMA
FlyingChairs,validation,,S,gma-sintel.pth,IR_{1px},0.8578343073527019,models/_pretrained_weights/gma-sintel.pth,GMA
FlyingChairs,validation,,S,gma-sintel.pth,IR_{3px},0.9498797496159872,models/_pretrained_weights/gma-sintel.pth,GMA
FlyingChairs,validation,,S,gma-sintel.pth,IR_{5px},0.9635470787684122,models/_pretrained_weights/gma-sintel.pth,GMA
FlyingChairs,validation,,S,gma-sintel.pth,fl-kitti,0.0491593917210896,models/_pretrained_weights/gma-sintel.pth,GMA
FlyingChairs,validation,,S,gma-sintel.pth,MSE,31.0471248626709,models/_pretrained_weights/gma-sintel.pth,GMA
FlyingChairs,validation,,S,gma-sintel.pth,WAUC,0.8570284679353041,models/_pretrained_weights/gma-sintel.pth,GMA
FlyingChairs,validation,,tartan,Tartan480x640-S.pth,EPE,2.3854455947875977,models/_pretrained_weights/SEA-RAFT-models/Tartan480x640-S.pth,SEA-RAFT (S)
FlyingChairs,validation,,tartan,Tartan480x640-S.pth,IR_{1px},0.8372257153193157,models/_pretrained_weights/SEA-RAFT-models/Tartan480x640-S.pth,SEA-RAFT (S)
FlyingChairs,validation,,tartan,Tartan480x640-S.pth,IR_{3px},0.9136672337849934,models/_pretrained_weights/SEA-RAFT-models/Tartan480x640-S.pth,SEA-RAFT (S)
FlyingChairs,validation,,tartan,Tartan480x640-S.pth,IR_{5px},0.9299892028172811,models/_pretrained_weights/SEA-RAFT-models/Tartan480x640-S.pth,SEA-RAFT (S)
FlyingChairs,validation,,tartan,Tartan480x640-S.pth,fl-kitti,0.0858168284098307,models/_pretrained_weights/SEA-RAFT-models/Tartan480x640-S.pth,SEA-RAFT (S)
FlyingChairs,validation,,tartan,Tartan480x640-S.pth,MSE,60.943626403808594,models/_pretrained_weights/SEA-RAFT-models/Tartan480x640-S.pth,SEA-RAFT (S)
FlyingChairs,validation,,tartan,Tartan480x640-S.pth,WAUC,0.832974818136826,models/_pretrained_weights/SEA-RAFT-models/Tartan480x640-S.pth,SEA-RAFT (S)
FlyingChairs,validation,,K,Tartan-C-T-TSKH-kitti432x960-S.pth,EPE,1.6311943531036377,models/_pretrained_weights/SEA-RAFT-models/Tartan-C-T-TSKH-kitti432x960-S.pth,SEA-RAFT (S)
FlyingChairs,validation,,K,Tartan-C-T-TSKH-kitti432x960-S.pth,IR_{1px},0.8590924580891928,models/_pretrained_weights/SEA-RAFT-models/Tartan-C-T-TSKH-kitti432x960-S.pth,SEA-RAFT (S)
FlyingChairs,validation,,K,Tartan-C-T-TSKH-kitti432x960-S.pth,IR_{3px},0.9457115570704144,models/_pretrained_weights/SEA-RAFT-models/Tartan-C-T-TSKH-kitti432x960-S.pth,SEA-RAFT (S)
FlyingChairs,validation,,K,Tartan-C-T-TSKH-kitti432x960-S.pth,IR_{5px},0.9564598878224688,models/_pretrained_weights/SEA-RAFT-models/Tartan-C-T-TSKH-kitti432x960-S.pth,SEA-RAFT (S)
FlyingChairs,validation,,K,Tartan-C-T-TSKH-kitti432x960-S.pth,fl-kitti,0.0535247882207234,models/_pretrained_weights/SEA-RAFT-models/Tartan-C-T-TSKH-kitti432x960-S.pth,SEA-RAFT (S)
FlyingChairs,validation,,K,Tartan-C-T-TSKH-kitti432x960-S.pth,MSE,41.114967346191406,models/_pretrained_weights/SEA-RAFT-models/Tartan-C-T-TSKH-kitti432x960-S.pth,SEA-RAFT (S)
FlyingChairs,validation,,K,Tartan-C-T-TSKH-kitti432x960-S.pth,WAUC,0.8551298547656622,models/_pretrained_weights/SEA-RAFT-models/Tartan-C-T-TSKH-kitti432x960-S.pth,SEA-RAFT (S)
FlyingChairs,validation,,S,Tartan-C-T-TSKH432x960-S.pth,EPE,1.2080940008163452,models/_pretrained_weights/SEA-RAFT-models/Tartan-C-T-TSKH432x960-S.pth,SEA-RAFT (S)
FlyingChairs,validation,,S,Tartan-C-T-TSKH432x960-S.pth,IR_{1px},0.8856576681137085,models/_pretrained_weights/SEA-RAFT-models/Tartan-C-T-TSKH432x960-S.pth,SEA-RAFT (S)
FlyingChairs,validation,,S,Tartan-C-T-TSKH432x960-S.pth,IR_{3px},0.9605992714564008,models/_pretrained_weights/SEA-RAFT-models/Tartan-C-T-TSKH432x960-S.pth,SEA-RAFT (S)
FlyingChairs,validation,,S,Tartan-C-T-TSKH432x960-S.pth,IR_{5px},0.9688860019048056,models/_pretrained_weights/SEA-RAFT-models/Tartan-C-T-TSKH432x960-S.pth,SEA-RAFT (S)
FlyingChairs,validation,,S,Tartan-C-T-TSKH432x960-S.pth,fl-kitti,0.0389072259267171,models/_pretrained_weights/SEA-RAFT-models/Tartan-C-T-TSKH432x960-S.pth,SEA-RAFT (S)
FlyingChairs,validation,,S,Tartan-C-T-TSKH432x960-S.pth,MSE,30.014562606811523,models/_pretrained_weights/SEA-RAFT-models/Tartan-C-T-TSKH432x960-S.pth,SEA-RAFT (S)
FlyingChairs,validation,,S,Tartan-C-T-TSKH432x960-S.pth,WAUC,0.8827042414016848,models/_pretrained_weights/SEA-RAFT-models/Tartan-C-T-TSKH432x960-S.pth,SEA-RAFT (S)
FlyingChairs,validation,,C+T,Tartan-C-T432x960-S.pth,EPE,1.1892404556274414,models/_pretrained_weights/SEA-RAFT-models/Tartan-C-T432x960-S.pth,SEA-RAFT (S)
FlyingChairs,validation,,C+T,Tartan-C-T432x960-S.pth,IR_{1px},0.8845883766810101,models/_pretrained_weights/SEA-RAFT-models/Tartan-C-T432x960-S.pth,SEA-RAFT (S)
FlyingChairs,validation,,C+T,Tartan-C-T432x960-S.pth,IR_{3px},0.9607718388239544,models/_pretrained_weights/SEA-RAFT-models/Tartan-C-T432x960-S.pth,SEA-RAFT (S)
FlyingChairs,validation,,C+T,Tartan-C-T432x960-S.pth,IR_{5px},0.9694360256195068,models/_pretrained_weights/SEA-RAFT-models/Tartan-C-T432x960-S.pth,SEA-RAFT (S)
FlyingChairs,validation,,C+T,Tartan-C-T432x960-S.pth,fl-kitti,0.0386073033014933,models/_pretrained_weights/SEA-RAFT-models/Tartan-C-T432x960-S.pth,SEA-RAFT (S)
FlyingChairs,validation,,C+T,Tartan-C-T432x960-S.pth,MSE,29.554418563842773,models/_pretrained_weights/SEA-RAFT-models/Tartan-C-T432x960-S.pth,SEA-RAFT (S)
FlyingChairs,validation,,C+T,Tartan-C-T432x960-S.pth,WAUC,0.8809210701492362,models/_pretrained_weights/SEA-RAFT-models/Tartan-C-T432x960-S.pth,SEA-RAFT (S)
FlyingChairs,validation,,C,Tartan-C368x496-S.pth,EPE,0.7815457582473755,models/_pretrained_weights/SEA-RAFT-models/Tartan-C368x496-S.pth,SEA-RAFT (S)
FlyingChairs,validation,,C,Tartan-C368x496-S.pth,IR_{1px},0.9375830491383872,models/_pretrained_weights/SEA-RAFT-models/Tartan-C368x496-S.pth,SEA-RAFT (S)
FlyingChairs,validation,,C,Tartan-C368x496-S.pth,IR_{3px},0.9749640385309856,models/_pretrained_weights/SEA-RAFT-models/Tartan-C368x496-S.pth,SEA-RAFT (S)
FlyingChairs,validation,,C,Tartan-C368x496-S.pth,IR_{5px},0.9807961225509644,models/_pretrained_weights/SEA-RAFT-models/Tartan-C368x496-S.pth,SEA-RAFT (S)
FlyingChairs,validation,,C,Tartan-C368x496-S.pth,fl-kitti,0.0246393203735351,models/_pretrained_weights/SEA-RAFT-models/Tartan-C368x496-S.pth,SEA-RAFT (S)
FlyingChairs,validation,,C,Tartan-C368x496-S.pth,MSE,18.891468048095703,models/_pretrained_weights/SEA-RAFT-models/Tartan-C368x496-S.pth,SEA-RAFT (S)
FlyingChairs,validation,,C,Tartan-C368x496-S.pth,WAUC,0.9168830825267452,models/_pretrained_weights/SEA-RAFT-models/Tartan-C368x496-S.pth,SEA-RAFT (S)
FlyingChairs,validation,,mixed,Tartan-C-T-TSKH-spring540x960-S.pth,EPE,1.8086388111114504,models/_pretrained_weights/SEA-RAFT-models/Tartan-C-T-TSKH-spring540x960-S.pth,SEA-RAFT (S)
FlyingChairs,validation,,mixed,Tartan-C-T-TSKH-spring540x960-S.pth,IR_{1px},0.8467322667439777,models/_pretrained_weights/SEA-RAFT-models/Tartan-C-T-TSKH-spring540x960-S.pth,SEA-RAFT (S)
FlyingChairs,validation,,mixed,Tartan-C-T-TSKH-spring540x960-S.pth,IR_{3px},0.937524406115214,models/_pretrained_weights/SEA-RAFT-models/Tartan-C-T-TSKH-spring540x960-S.pth,SEA-RAFT (S)
FlyingChairs,validation,,mixed,Tartan-C-T-TSKH-spring540x960-S.pth,IR_{5px},0.9505974928538006,models/_pretrained_weights/SEA-RAFT-models/Tartan-C-T-TSKH-spring540x960-S.pth,SEA-RAFT (S)
FlyingChairs,validation,,mixed,Tartan-C-T-TSKH-spring540x960-S.pth,fl-kitti,0.0617563327153523,models/_pretrained_weights/SEA-RAFT-models/Tartan-C-T-TSKH-spring540x960-S.pth,SEA-RAFT (S)
FlyingChairs,validation,,mixed,Tartan-C-T-TSKH-spring540x960-S.pth,MSE,44.5149040222168,models/_pretrained_weights/SEA-RAFT-models/Tartan-C-T-TSKH-spring540x960-S.pth,SEA-RAFT (S)
FlyingChairs,validation,,mixed,Tartan-C-T-TSKH-spring540x960-S.pth,WAUC,0.8449451560328896,models/_pretrained_weights/SEA-RAFT-models/Tartan-C-T-TSKH-spring540x960-S.pth,SEA-RAFT (S)
FlyingChairs,validation,,C+T,FlowNet2-S_checkpoint.pth.tar,EPE,3.092522144317627,models/_pretrained_weights/FlowNet/FlowNet2-S_checkpoint.pth.tar,FlowNet2S
FlyingChairs,validation,,C+T,FlowNet2-S_checkpoint.pth.tar,IR_{1px},0.5419589042663574,models/_pretrained_weights/FlowNet/FlowNet2-S_checkpoint.pth.tar,FlowNet2S
FlyingChairs,validation,,C+T,FlowNet2-S_checkpoint.pth.tar,IR_{3px},0.8115577538808185,models/_pretrained_weights/FlowNet/FlowNet2-S_checkpoint.pth.tar,FlowNet2S
FlyingChairs,validation,,C+T,FlowNet2-S_checkpoint.pth.tar,IR_{5px},0.8788977543512981,models/_pretrained_weights/FlowNet/FlowNet2-S_checkpoint.pth.tar,FlowNet2S
FlyingChairs,validation,,C+T,FlowNet2-S_checkpoint.pth.tar,fl-kitti,0.1878279685974121,models/_pretrained_weights/FlowNet/FlowNet2-S_checkpoint.pth.tar,FlowNet2S
FlyingChairs,validation,,C+T,FlowNet2-S_checkpoint.pth.tar,MSE,41.649070739746094,models/_pretrained_weights/FlowNet/FlowNet2-S_checkpoint.pth.tar,FlowNet2S
FlyingChairs,validation,,C+T,FlowNet2-S_checkpoint.pth.tar,WAUC,0.5718389240460034,models/_pretrained_weights/FlowNet/FlowNet2-S_checkpoint.pth.tar,FlowNet2S
FlyingChairs,validation,,C+T,skflow-things.pth,EPE,1.0851114988327026,models/_pretrained_weights/skflow_weights/skflow-things.pth,SKFlow
FlyingChairs,validation,,C+T,skflow-things.pth,IR_{1px},0.8656242450078327,models/_pretrained_weights/skflow_weights/skflow-things.pth,SKFlow
FlyingChairs,validation,,C+T,skflow-things.pth,IR_{3px},0.9590314626693726,models/_pretrained_weights/skflow_weights/skflow-things.pth,SKFlow
FlyingChairs,validation,,C+T,skflow-things.pth,IR_{5px},0.971229680379232,models/_pretrained_weights/skflow_weights/skflow-things.pth,SKFlow
FlyingChairs,validation,,C+T,skflow-things.pth,fl-kitti,0.0399527470270792,models/_pretrained_weights/skflow_weights/skflow-things.pth,SKFlow
FlyingChairs,validation,,C+T,skflow-things.pth,MSE,21.840606689453125,models/_pretrained_weights/skflow_weights/skflow-things.pth,SKFlow
FlyingChairs,validation,,C+T,skflow-things.pth,WAUC,0.8631137737645569,models/_pretrained_weights/skflow_weights/skflow-things.pth,SKFlow
FlyingChairs,validation,,K,skflow-kitti.pth,EPE,3.228804111480713,models/_pretrained_weights/skflow_weights/skflow-kitti.pth,SKFlow
FlyingChairs,validation,,K,skflow-kitti.pth,IR_{1px},0.7612381060918172,models/_pretrained_weights/skflow_weights/skflow-kitti.pth,SKFlow
FlyingChairs,validation,,K,skflow-kitti.pth,IR_{3px},0.8702358484268189,models/_pretrained_weights/skflow_weights/skflow-kitti.pth,SKFlow
FlyingChairs,validation,,K,skflow-kitti.pth,IR_{5px},0.8993821382522583,models/_pretrained_weights/skflow_weights/skflow-kitti.pth,SKFlow
FlyingChairs,validation,,K,skflow-kitti.pth,fl-kitti,0.1290265719095865,models/_pretrained_weights/skflow_weights/skflow-kitti.pth,SKFlow
FlyingChairs,validation,,K,skflow-kitti.pth,MSE,76.85614013671875,models/_pretrained_weights/skflow_weights/skflow-kitti.pth,SKFlow
FlyingChairs,validation,,K,skflow-kitti.pth,WAUC,0.7499509299328618,models/_pretrained_weights/skflow_weights/skflow-kitti.pth,SKFlow
FlyingChairs,validation,,S,skflow-sintel.pth,EPE,1.1156750917434692,models/_pretrained_weights/skflow_weights/skflow-sintel.pth,SKFlow
FlyingChairs,validation,,S,skflow-sintel.pth,IR_{1px},0.8703643878300984,models/_pretrained_weights/skflow_weights/skflow-sintel.pth,SKFlow
FlyingChairs,validation,,S,skflow-sintel.pth,IR_{3px},0.9585077126820882,models/_pretrained_weights/skflow_weights/skflow-sintel.pth,SKFlow
FlyingChairs,validation,,S,skflow-sintel.pth,IR_{5px},0.9703247865041096,models/_pretrained_weights/skflow_weights/skflow-sintel.pth,SKFlow
FlyingChairs,validation,,S,skflow-sintel.pth,fl-kitti,0.0405678987503051,models/_pretrained_weights/skflow_weights/skflow-sintel.pth,SKFlow
FlyingChairs,validation,,S,skflow-sintel.pth,MSE,24.060592651367188,models/_pretrained_weights/skflow_weights/skflow-sintel.pth,SKFlow
FlyingChairs,validation,,S,skflow-sintel.pth,WAUC,0.8690501004917787,models/_pretrained_weights/skflow_weights/skflow-sintel.pth,SKFlow
FlyingChairs,validation,,C,Tartan-C368x496-M.pth,EPE,0.7267258763313293,models/_pretrained_weights/SEA-RAFT-models/Tartan-C368x496-M.pth,SEA-RAFT (M)
FlyingChairs,validation,,C,Tartan-C368x496-M.pth,IR_{1px},0.9457904815673828,models/_pretrained_weights/SEA-RAFT-models/Tartan-C368x496-M.pth,SEA-RAFT (M)
FlyingChairs,validation,,C,Tartan-C368x496-M.pth,IR_{3px},0.9779033899307252,models/_pretrained_weights/SEA-RAFT-models/Tartan-C368x496-M.pth,SEA-RAFT (M)
FlyingChairs,validation,,C,Tartan-C368x496-M.pth,IR_{5px},0.983084750175476,models/_pretrained_weights/SEA-RAFT-models/Tartan-C368x496-M.pth,SEA-RAFT (M)
FlyingChairs,validation,,C,Tartan-C368x496-M.pth,fl-kitti,0.0217369000116984,models/_pretrained_weights/SEA-RAFT-models/Tartan-C368x496-M.pth,SEA-RAFT (M)
FlyingChairs,validation,,C,Tartan-C368x496-M.pth,MSE,19.978662490844727,models/_pretrained_weights/SEA-RAFT-models/Tartan-C368x496-M.pth,SEA-RAFT (M)
FlyingChairs,validation,,C,Tartan-C368x496-M.pth,WAUC,0.9234855348316356,models/_pretrained_weights/SEA-RAFT-models/Tartan-C368x496-M.pth,SEA-RAFT (M)
FlyingChairs,validation,,S,Tartan-C-T-TSKH432x960-M.pth,EPE,1.141057372093201,models/_pretrained_weights/SEA-RAFT-models/Tartan-C-T-TSKH432x960-M.pth,SEA-RAFT (M)
FlyingChairs,validation,,S,Tartan-C-T-TSKH432x960-M.pth,IR_{1px},0.8898142894109089,models/_pretrained_weights/SEA-RAFT-models/Tartan-C-T-TSKH432x960-M.pth,SEA-RAFT (M)
FlyingChairs,validation,,S,Tartan-C-T-TSKH432x960-M.pth,IR_{3px},0.9635416428248088,models/_pretrained_weights/SEA-RAFT-models/Tartan-C-T-TSKH432x960-M.pth,SEA-RAFT (M)
FlyingChairs,validation,,S,Tartan-C-T-TSKH432x960-M.pth,IR_{5px},0.9710378567377728,models/_pretrained_weights/SEA-RAFT-models/Tartan-C-T-TSKH432x960-M.pth,SEA-RAFT (M)
FlyingChairs,validation,,S,Tartan-C-T-TSKH432x960-M.pth,fl-kitti,0.0358570416768391,models/_pretrained_weights/SEA-RAFT-models/Tartan-C-T-TSKH432x960-M.pth,SEA-RAFT (M)
FlyingChairs,validation,,S,Tartan-C-T-TSKH432x960-M.pth,MSE,28.8250675201416,models/_pretrained_weights/SEA-RAFT-models/Tartan-C-T-TSKH432x960-M.pth,SEA-RAFT (M)
FlyingChairs,validation,,S,Tartan-C-T-TSKH432x960-M.pth,WAUC,0.8873027192531244,models/_pretrained_weights/SEA-RAFT-models/Tartan-C-T-TSKH432x960-M.pth,SEA-RAFT (M)
FlyingChairs,validation,,mixed,Tartan-C-T-TSKH-spring540x960-M.pth,EPE,1.59928297996521,models/_pretrained_weights/SEA-RAFT-models/Tartan-C-T-TSKH-spring540x960-M.pth,SEA-RAFT (M)
FlyingChairs,validation,,mixed,Tartan-C-T-TSKH-spring540x960-M.pth,IR_{1px},0.8679545402526856,models/_pretrained_weights/SEA-RAFT-models/Tartan-C-T-TSKH-spring540x960-M.pth,SEA-RAFT (M)
FlyingChairs,validation,,mixed,Tartan-C-T-TSKH-spring540x960-M.pth,IR_{3px},0.9489545822143556,models/_pretrained_weights/SEA-RAFT-models/Tartan-C-T-TSKH-spring540x960-M.pth,SEA-RAFT (M)
FlyingChairs,validation,,mixed,Tartan-C-T-TSKH-spring540x960-M.pth,IR_{5px},0.9596417347590128,models/_pretrained_weights/SEA-RAFT-models/Tartan-C-T-TSKH-spring540x960-M.pth,SEA-RAFT (M)
FlyingChairs,validation,,mixed,Tartan-C-T-TSKH-spring540x960-M.pth,fl-kitti,0.0503406683603922,models/_pretrained_weights/SEA-RAFT-models/Tartan-C-T-TSKH-spring540x960-M.pth,SEA-RAFT (M)
FlyingChairs,validation,,mixed,Tartan-C-T-TSKH-spring540x960-M.pth,MSE,42.485260009765625,models/_pretrained_weights/SEA-RAFT-models/Tartan-C-T-TSKH-spring540x960-M.pth,SEA-RAFT (M)
FlyingChairs,validation,,mixed,Tartan-C-T-TSKH-spring540x960-M.pth,WAUC,0.8657079967051843,models/_pretrained_weights/SEA-RAFT-models/Tartan-C-T-TSKH-spring540x960-M.pth,SEA-RAFT (M)
FlyingChairs,validation,,tartan,Tartan480x640-M.pth,EPE,2.3148179054260254,models/_pretrained_weights/SEA-RAFT-models/Tartan480x640-M.pth,SEA-RAFT (M)
FlyingChairs,validation,,tartan,Tartan480x640-M.pth,IR_{1px},0.8418571074803669,models/_pretrained_weights/SEA-RAFT-models/Tartan480x640-M.pth,SEA-RAFT (M)
FlyingChairs,validation,,tartan,Tartan480x640-M.pth,IR_{3px},0.917432713508606,models/_pretrained_weights/SEA-RAFT-models/Tartan480x640-M.pth,SEA-RAFT (M)
FlyingChairs,validation,,tartan,Tartan480x640-M.pth,IR_{5px},0.9337774435679116,models/_pretrained_weights/SEA-RAFT-models/Tartan480x640-M.pth,SEA-RAFT (M)
FlyingChairs,validation,,tartan,Tartan480x640-M.pth,fl-kitti,0.0820055325826009,models/_pretrained_weights/SEA-RAFT-models/Tartan480x640-M.pth,SEA-RAFT (M)
FlyingChairs,validation,,tartan,Tartan480x640-M.pth,MSE,62.27348709106445,models/_pretrained_weights/SEA-RAFT-models/Tartan480x640-M.pth,SEA-RAFT (M)
FlyingChairs,validation,,tartan,Tartan480x640-M.pth,WAUC,0.83829888522743,models/_pretrained_weights/SEA-RAFT-models/Tartan480x640-M.pth,SEA-RAFT (M)
FlyingChairs,validation,,C+T,Tartan-C-T432x960-M.pth,EPE,1.10836923122406,models/_pretrained_weights/SEA-RAFT-models/Tartan-C-T432x960-M.pth,SEA-RAFT (M)
FlyingChairs,validation,,C+T,Tartan-C-T432x960-M.pth,IR_{1px},0.8891538222630819,models/_pretrained_weights/SEA-RAFT-models/Tartan-C-T432x960-M.pth,SEA-RAFT (M)
FlyingChairs,validation,,C+T,Tartan-C-T432x960-M.pth,IR_{3px},0.9642768065134686,models/_pretrained_weights/SEA-RAFT-models/Tartan-C-T432x960-M.pth,SEA-RAFT (M)
FlyingChairs,validation,,C+T,Tartan-C-T432x960-M.pth,IR_{5px},0.9723133087158204,models/_pretrained_weights/SEA-RAFT-models/Tartan-C-T432x960-M.pth,SEA-RAFT (M)
FlyingChairs,validation,,C+T,Tartan-C-T432x960-M.pth,fl-kitti,0.0351622740427653,models/_pretrained_weights/SEA-RAFT-models/Tartan-C-T432x960-M.pth,SEA-RAFT (M)
FlyingChairs,validation,,C+T,Tartan-C-T432x960-M.pth,MSE,27.90633773803711,models/_pretrained_weights/SEA-RAFT-models/Tartan-C-T432x960-M.pth,SEA-RAFT (M)
FlyingChairs,validation,,C+T,Tartan-C-T432x960-M.pth,WAUC,0.8858327397654945,models/_pretrained_weights/SEA-RAFT-models/Tartan-C-T432x960-M.pth,SEA-RAFT (M)
FlyingChairs,validation,,K,Tartan-C-T-TSKH-kitti432x960-M.pth,EPE,1.5063068866729736,models/_pretrained_weights/SEA-RAFT-models/Tartan-C-T-TSKH-kitti432x960-M.pth,SEA-RAFT (M)
FlyingChairs,validation,,K,Tartan-C-T-TSKH-kitti432x960-M.pth,IR_{1px},0.8747788985570273,models/_pretrained_weights/SEA-RAFT-models/Tartan-C-T-TSKH-kitti432x960-M.pth,SEA-RAFT (M)
FlyingChairs,validation,,K,Tartan-C-T-TSKH-kitti432x960-M.pth,IR_{3px},0.953178596496582,models/_pretrained_weights/SEA-RAFT-models/Tartan-C-T-TSKH-kitti432x960-M.pth,SEA-RAFT (M)
FlyingChairs,validation,,K,Tartan-C-T-TSKH-kitti432x960-M.pth,IR_{5px},0.96170064608256,models/_pretrained_weights/SEA-RAFT-models/Tartan-C-T-TSKH-kitti432x960-M.pth,SEA-RAFT (M)
FlyingChairs,validation,,K,Tartan-C-T-TSKH-kitti432x960-M.pth,fl-kitti,0.0461563825607299,models/_pretrained_weights/SEA-RAFT-models/Tartan-C-T-TSKH-kitti432x960-M.pth,SEA-RAFT (M)
FlyingChairs,validation,,K,Tartan-C-T-TSKH-kitti432x960-M.pth,MSE,39.20745086669922,models/_pretrained_weights/SEA-RAFT-models/Tartan-C-T-TSKH-kitti432x960-M.pth,SEA-RAFT (M)
FlyingChairs,validation,,K,Tartan-C-T-TSKH-kitti432x960-M.pth,WAUC,0.8687018273671467,models/_pretrained_weights/SEA-RAFT-models/Tartan-C-T-TSKH-kitti432x960-M.pth,SEA-RAFT (M)
FlyingChairs,validation,,mixed,MemFlowNet_spring.pth,EPE,1.3218095302581787,models/_pretrained_weights/memflow_weights/MemFlowNet_spring.pth,MemFlow
FlyingChairs,validation,,mixed,MemFlowNet_spring.pth,IR_{1px},0.8626925150553385,models/_pretrained_weights/memflow_weights/MemFlowNet_spring.pth,MemFlow
FlyingChairs,validation,,mixed,MemFlowNet_spring.pth,IR_{3px},0.9518693923950196,models/_pretrained_weights/memflow_weights/MemFlowNet_spring.pth,MemFlow
FlyingChairs,validation,,mixed,MemFlowNet_spring.pth,IR_{5px},0.9643012682596844,models/_pretrained_weights/memflow_weights/MemFlowNet_spring.pth,MemFlow
FlyingChairs,validation,,mixed,MemFlowNet_spring.pth,fl-kitti,0.0470918655395507,models/_pretrained_weights/memflow_weights/MemFlowNet_spring.pth,MemFlow
FlyingChairs,validation,,mixed,MemFlowNet_spring.pth,MSE,31.126983642578125,models/_pretrained_weights/memflow_weights/MemFlowNet_spring.pth,MemFlow
FlyingChairs,validation,,mixed,MemFlowNet_spring.pth,WAUC,0.8639764849266204,models/_pretrained_weights/memflow_weights/MemFlowNet_spring.pth,MemFlow
FlyingChairs,validation,,S,MemFlowNet_sintel.pth,EPE,1.0171838998794556,models/_pretrained_weights/memflow_weights/MemFlowNet_sintel.pth,MemFlow
FlyingChairs,validation,,S,MemFlowNet_sintel.pth,IR_{1px},0.8809190432230632,models/_pretrained_weights/memflow_weights/MemFlowNet_sintel.pth,MemFlow
FlyingChairs,validation,,S,MemFlowNet_sintel.pth,IR_{3px},0.9645854393641156,models/_pretrained_weights/memflow_weights/MemFlowNet_sintel.pth,MemFlow
FlyingChairs,validation,,S,MemFlowNet_sintel.pth,IR_{5px},0.9741792599360148,models/_pretrained_weights/memflow_weights/MemFlowNet_sintel.pth,MemFlow
FlyingChairs,validation,,S,MemFlowNet_sintel.pth,fl-kitti,0.0345597187678019,models/_pretrained_weights/memflow_weights/MemFlowNet_sintel.pth,MemFlow
FlyingChairs,validation,,S,MemFlowNet_sintel.pth,MSE,23.747838973999023,models/_pretrained_weights/memflow_weights/MemFlowNet_sintel.pth,MemFlow
FlyingChairs,validation,,S,MemFlowNet_sintel.pth,WAUC,0.8798706259790426,models/_pretrained_weights/memflow_weights/MemFlowNet_sintel.pth,MemFlow
FlyingChairs,validation,,K,MemFlowNet_kitti.pth,EPE,3.427775621414185,models/_pretrained_weights/memflow_weights/MemFlowNet_kitti.pth,MemFlow
FlyingChairs,validation,,K,MemFlowNet_kitti.pth,IR_{1px},0.7623120705286662,models/_pretrained_weights/memflow_weights/MemFlowNet_kitti.pth,MemFlow
FlyingChairs,validation,,K,MemFlowNet_kitti.pth,IR_{3px},0.8672026952107748,models/_pretrained_weights/memflow_weights/MemFlowNet_kitti.pth,MemFlow
FlyingChairs,validation,,K,MemFlowNet_kitti.pth,IR_{5px},0.8939682086308796,models/_pretrained_weights/memflow_weights/MemFlowNet_kitti.pth,MemFlow
FlyingChairs,validation,,K,MemFlowNet_kitti.pth,fl-kitti,0.1321049372355143,models/_pretrained_weights/memflow_weights/MemFlowNet_kitti.pth,MemFlow
FlyingChairs,validation,,K,MemFlowNet_kitti.pth,MSE,81.72917175292969,models/_pretrained_weights/memflow_weights/MemFlowNet_kitti.pth,MemFlow
FlyingChairs,validation,,K,MemFlowNet_kitti.pth,WAUC,0.7521630849161557,models/_pretrained_weights/memflow_weights/MemFlowNet_kitti.pth,MemFlow
FlyingChairs,validation,,C+T,MemFlowNet_things.pth,EPE,0.9479633569717408,models/_pretrained_weights/memflow_weights/MemFlowNet_things.pth,MemFlow
FlyingChairs,validation,,C+T,MemFlowNet_things.pth,IR_{1px},0.8857247193654378,models/_pretrained_weights/memflow_weights/MemFlowNet_things.pth,MemFlow
FlyingChairs,validation,,C+T,MemFlowNet_things.pth,IR_{3px},0.966625412305196,models/_pretrained_weights/memflow_weights/MemFlowNet_things.pth,MemFlow
FlyingChairs,validation,,C+T,MemFlowNet_things.pth,IR_{5px},0.9758972962697348,models/_pretrained_weights/memflow_weights/MemFlowNet_things.pth,MemFlow
FlyingChairs,validation,,C+T,MemFlowNet_things.pth,fl-kitti,0.032597796122233,models/_pretrained_weights/memflow_weights/MemFlowNet_things.pth,MemFlow
FlyingChairs,validation,,C+T,MemFlowNet_things.pth,MSE,21.31106376647949,models/_pretrained_weights/memflow_weights/MemFlowNet_things.pth,MemFlow
FlyingChairs,validation,,C+T,MemFlowNet_things.pth,WAUC,0.8820424768680788,models/_pretrained_weights/memflow_weights/MemFlowNet_things.pth,MemFlow
FlyingChairs,validation,,C+T,gmflow-scale2-regrefine6-things-776ed612.pth,EPE,0.7989389896392822,models/_pretrained_weights/unimatch_weights/gmflow-scale2-regrefine6-things-776ed612.pth,GMFlow+
FlyingChairs,validation,,C+T,gmflow-scale2-regrefine6-things-776ed612.pth,IR_{1px},0.8967919111251831,models/_pretrained_weights/unimatch_weights/gmflow-scale2-regrefine6-things-776ed612.pth,GMFlow+
FlyingChairs,validation,,C+T,gmflow-scale2-regrefine6-things-776ed612.pth,IR_{3px},0.9737270673116049,models/_pretrained_weights/unimatch_weights/gmflow-scale2-regrefine6-things-776ed612.pth,GMFlow+
FlyingChairs,validation,,C+T,gmflow-scale2-regrefine6-things-776ed612.pth,IR_{5px},0.9809668302536012,models/_pretrained_weights/unimatch_weights/gmflow-scale2-regrefine6-things-776ed612.pth,GMFlow+
FlyingChairs,validation,,C+T,gmflow-scale2-regrefine6-things-776ed612.pth,fl-kitti,0.0255945126215616,models/_pretrained_weights/unimatch_weights/gmflow-scale2-regrefine6-things-776ed612.pth,GMFlow+
FlyingChairs,validation,,C+T,gmflow-scale2-regrefine6-things-776ed612.pth,MSE,14.456258773803713,models/_pretrained_weights/unimatch_weights/gmflow-scale2-regrefine6-things-776ed612.pth,GMFlow+
FlyingChairs,validation,,C+T,gmflow-scale2-regrefine6-things-776ed612.pth,WAUC,0.880401907338561,models/_pretrained_weights/unimatch_weights/gmflow-scale2-regrefine6-things-776ed612.pth,GMFlow+
FlyingChairs,validation,,S,gmflow-scale2-regrefine6-sintelft-6e39e2b9.pth,EPE,0.9959882497787476,models/_pretrained_weights/unimatch_weights/gmflow-scale2-regrefine6-sintelft-6e39e2b9.pth,GMFlow+
FlyingChairs,validation,,S,gmflow-scale2-regrefine6-sintelft-6e39e2b9.pth,IR_{1px},0.8724761486053467,models/_pretrained_weights/unimatch_weights/gmflow-scale2-regrefine6-sintelft-6e39e2b9.pth,GMFlow+
FlyingChairs,validation,,S,gmflow-scale2-regrefine6-sintelft-6e39e2b9.pth,IR_{3px},0.963680108388265,models/_pretrained_weights/unimatch_weights/gmflow-scale2-regrefine6-sintelft-6e39e2b9.pth,GMFlow+
FlyingChairs,validation,,S,gmflow-scale2-regrefine6-sintelft-6e39e2b9.pth,IR_{5px},0.9750828266143798,models/_pretrained_weights/unimatch_weights/gmflow-scale2-regrefine6-sintelft-6e39e2b9.pth,GMFlow+
FlyingChairs,validation,,S,gmflow-scale2-regrefine6-sintelft-6e39e2b9.pth,fl-kitti,0.035600996017456,models/_pretrained_weights/unimatch_weights/gmflow-scale2-regrefine6-sintelft-6e39e2b9.pth,GMFlow+
FlyingChairs,validation,,S,gmflow-scale2-regrefine6-sintelft-6e39e2b9.pth,MSE,18.79836082458496,models/_pretrained_weights/unimatch_weights/gmflow-scale2-regrefine6-sintelft-6e39e2b9.pth,GMFlow+
FlyingChairs,validation,,S,gmflow-scale2-regrefine6-sintelft-6e39e2b9.pth,WAUC,0.8568849303305346,models/_pretrained_weights/unimatch_weights/gmflow-scale2-regrefine6-sintelft-6e39e2b9.pth,GMFlow+
FlyingChairs,validation,,mixed,gmflow-scale2-regrefine6-mixdata-train320x576-4e7b215d.pth,EPE,0.828105628490448,models/_pretrained_weights/unimatch_weights/gmflow-scale2-regrefine6-mixdata-train320x576-4e7b215d.pth,GMFlow+
FlyingChairs,validation,,mixed,gmflow-scale2-regrefine6-mixdata-train320x576-4e7b215d.pth,IR_{1px},0.901238505045573,models/_pretrained_weights/unimatch_weights/gmflow-scale2-regrefine6-mixdata-train320x576-4e7b215d.pth,GMFlow+
FlyingChairs,validation,,mixed,gmflow-scale2-regrefine6-mixdata-train320x576-4e7b215d.pth,IR_{3px},0.9731244564056396,models/_pretrained_weights/unimatch_weights/gmflow-scale2-regrefine6-mixdata-train320x576-4e7b215d.pth,GMFlow+
FlyingChairs,validation,,mixed,gmflow-scale2-regrefine6-mixdata-train320x576-4e7b215d.pth,IR_{5px},0.9798362493515016,models/_pretrained_weights/unimatch_weights/gmflow-scale2-regrefine6-mixdata-train320x576-4e7b215d.pth,GMFlow+
FlyingChairs,validation,,mixed,gmflow-scale2-regrefine6-mixdata-train320x576-4e7b215d.pth,fl-kitti,0.0261634985605875,models/_pretrained_weights/unimatch_weights/gmflow-scale2-regrefine6-mixdata-train320x576-4e7b215d.pth,GMFlow+
FlyingChairs,validation,,mixed,gmflow-scale2-regrefine6-mixdata-train320x576-4e7b215d.pth,MSE,15.987698554992676,models/_pretrained_weights/unimatch_weights/gmflow-scale2-regrefine6-mixdata-train320x576-4e7b215d.pth,GMFlow+
FlyingChairs,validation,,mixed,gmflow-scale2-regrefine6-mixdata-train320x576-4e7b215d.pth,WAUC,0.8881148333974404,models/_pretrained_weights/unimatch_weights/gmflow-scale2-regrefine6-mixdata-train320x576-4e7b215d.pth,GMFlow+
FlyingChairs,validation,,K,gmflow-scale2-regrefine6-kitti15-25b554d7.pth,EPE,3.509312391281128,models/_pretrained_weights/unimatch_weights/gmflow-scale2-regrefine6-kitti15-25b554d7.pth,GMFlow+
FlyingChairs,validation,,K,gmflow-scale2-regrefine6-kitti15-25b554d7.pth,IR_{1px},0.6961836814880371,models/_pretrained_weights/unimatch_weights/gmflow-scale2-regrefine6-kitti15-25b554d7.pth,GMFlow+
FlyingChairs,validation,,K,gmflow-scale2-regrefine6-kitti15-25b554d7.pth,IR_{3px},0.8518041531244915,models/_pretrained_weights/unimatch_weights/gmflow-scale2-regrefine6-kitti15-25b554d7.pth,GMFlow+
FlyingChairs,validation,,K,gmflow-scale2-regrefine6-kitti15-25b554d7.pth,IR_{5px},0.8853192170461017,models/_pretrained_weights/unimatch_weights/gmflow-scale2-regrefine6-kitti15-25b554d7.pth,GMFlow+
FlyingChairs,validation,,K,gmflow-scale2-regrefine6-kitti15-25b554d7.pth,fl-kitti,0.1474228541056315,models/_pretrained_weights/unimatch_weights/gmflow-scale2-regrefine6-kitti15-25b554d7.pth,GMFlow+
FlyingChairs,validation,,K,gmflow-scale2-regrefine6-kitti15-25b554d7.pth,MSE,74.32787322998047,models/_pretrained_weights/unimatch_weights/gmflow-scale2-regrefine6-kitti15-25b554d7.pth,GMFlow+
FlyingChairs,validation,,K,gmflow-scale2-regrefine6-kitti15-25b554d7.pth,WAUC,0.686123781517394,models/_pretrained_weights/unimatch_weights/gmflow-scale2-regrefine6-kitti15-25b554d7.pth,GMFlow+
FlyingChairs,validation,,S,sintel,EPE,1.1871410608291626,sintel,RPKNet
FlyingChairs,validation,,S,sintel,IR_{1px},0.8728694677352905,sintel,RPKNet
FlyingChairs,validation,,S,sintel,IR_{3px},0.95859797000885,sintel,RPKNet
FlyingChairs,validation,,S,sintel,IR_{5px},0.9688862244288126,sintel,RPKNet
FlyingChairs,validation,,S,sintel,fl-kitti,0.0406525373458862,sintel,RPKNet
FlyingChairs,validation,,S,sintel,MSE,26.90303421020508,sintel,RPKNet
FlyingChairs,validation,,S,sintel,WAUC,0.8669084224952723,sintel,RPKNet
FlyingChairs,validation,,C,chairs,EPE,1.092292070388794,chairs,RPKNet
FlyingChairs,validation,,C,chairs,IR_{1px},0.8819557825724283,chairs,RPKNet
FlyingChairs,validation,,C,chairs,IR_{3px},0.958517289161682,chairs,RPKNet
FlyingChairs,validation,,C,chairs,IR_{5px},0.969648289680481,chairs,RPKNet
FlyingChairs,validation,,C,chairs,fl-kitti,0.0407072226206461,chairs,RPKNet
FlyingChairs,validation,,C,chairs,MSE,22.155920028686523,chairs,RPKNet
FlyingChairs,validation,,C,chairs,WAUC,0.8692265460640684,chairs,RPKNet
FlyingChairs,validation,,K,kitti,EPE,2.156579971313477,kitti,RPKNet
FlyingChairs,validation,,K,kitti,IR_{1px},0.8156146208445231,kitti,RPKNet
FlyingChairs,validation,,K,kitti,IR_{3px},0.9224918842315674,kitti,RPKNet
FlyingChairs,validation,,K,kitti,IR_{5px},0.9399181524912515,kitti,RPKNet
FlyingChairs,validation,,K,kitti,fl-kitti,0.0766178290049235,kitti,RPKNet
FlyingChairs,validation,,K,kitti,MSE,50.851200103759766,kitti,RPKNet
FlyingChairs,validation,,K,kitti,WAUC,0.8077950441939603,kitti,RPKNet
FlyingChairs,validation,,C+T,things,EPE,1.0940314531326294,things,RPKNet
FlyingChairs,validation,,C+T,things,IR_{1px},0.8765182336171469,things,RPKNet
FlyingChairs,validation,,C+T,things,IR_{3px},0.9598626295725504,things,RPKNet
FlyingChairs,validation,,C+T,things,IR_{5px},0.9707158486048382,things,RPKNet
FlyingChairs,validation,,C+T,things,fl-kitti,0.039365530014038,things,RPKNet
FlyingChairs,validation,,C+T,things,MSE,23.339229583740234,things,RPKNet
FlyingChairs,validation,,C+T,things,WAUC,0.8668173945146819,things,RPKNet
FlyingChairs,validation,,C,Tartan-C368x496-M.pth,EPE,0.722385585308075,models/_pretrained_weights/SEA-RAFT-models/Tartan-C368x496-M.pth,SEA-RAFT (L)
FlyingChairs,validation,,C,Tartan-C368x496-M.pth,IR_{1px},0.9447281678517658,models/_pretrained_weights/SEA-RAFT-models/Tartan-C368x496-M.pth,SEA-RAFT (L)
FlyingChairs,validation,,C,Tartan-C368x496-M.pth,IR_{3px},0.978007713953654,models/_pretrained_weights/SEA-RAFT-models/Tartan-C368x496-M.pth,SEA-RAFT (L)
FlyingChairs,validation,,C,Tartan-C368x496-M.pth,IR_{5px},0.9834548075993854,models/_pretrained_weights/SEA-RAFT-models/Tartan-C368x496-M.pth,SEA-RAFT (L)
FlyingChairs,validation,,C,Tartan-C368x496-M.pth,fl-kitti,0.0215882619222005,models/_pretrained_weights/SEA-RAFT-models/Tartan-C368x496-M.pth,SEA-RAFT (L)
FlyingChairs,validation,,C,Tartan-C368x496-M.pth,MSE,20.454938888549805,models/_pretrained_weights/SEA-RAFT-models/Tartan-C368x496-M.pth,SEA-RAFT (L)
FlyingChairs,validation,,C,Tartan-C368x496-M.pth,WAUC,0.9223683879273163,models/_pretrained_weights/SEA-RAFT-models/Tartan-C368x496-M.pth,SEA-RAFT (L)
FlyingChairs,validation,,S,Tartan-C-T-TSKH432x960-M.pth,EPE,1.1118135452270508,models/_pretrained_weights/SEA-RAFT-models/Tartan-C-T-TSKH432x960-M.pth,SEA-RAFT (L)
FlyingChairs,validation,,S,Tartan-C-T-TSKH432x960-M.pth,IR_{1px},0.8912971496582032,models/_pretrained_weights/SEA-RAFT-models/Tartan-C-T-TSKH432x960-M.pth,SEA-RAFT (L)
FlyingChairs,validation,,S,Tartan-C-T-TSKH432x960-M.pth,IR_{3px},0.9647813876469932,models/_pretrained_weights/SEA-RAFT-models/Tartan-C-T-TSKH432x960-M.pth,SEA-RAFT (L)
FlyingChairs,validation,,S,Tartan-C-T-TSKH432x960-M.pth,IR_{5px},0.9722527821858724,models/_pretrained_weights/SEA-RAFT-models/Tartan-C-T-TSKH432x960-M.pth,SEA-RAFT (L)
FlyingChairs,validation,,S,Tartan-C-T-TSKH432x960-M.pth,fl-kitti,0.0346766471862792,models/_pretrained_weights/SEA-RAFT-models/Tartan-C-T-TSKH432x960-M.pth,SEA-RAFT (L)
FlyingChairs,validation,,S,Tartan-C-T-TSKH432x960-M.pth,MSE,28.3166561126709,models/_pretrained_weights/SEA-RAFT-models/Tartan-C-T-TSKH432x960-M.pth,SEA-RAFT (L)
FlyingChairs,validation,,S,Tartan-C-T-TSKH432x960-M.pth,WAUC,0.8881034860107372,models/_pretrained_weights/SEA-RAFT-models/Tartan-C-T-TSKH432x960-M.pth,SEA-RAFT (L)
FlyingChairs,validation,,mixed,Tartan-C-T-TSKH-spring540x960-M.pth,EPE,1.5120681524276731,models/_pretrained_weights/SEA-RAFT-models/Tartan-C-T-TSKH-spring540x960-M.pth,SEA-RAFT (L)
FlyingChairs,validation,,mixed,Tartan-C-T-TSKH-spring540x960-M.pth,IR_{1px},0.872219220797221,models/_pretrained_weights/SEA-RAFT-models/Tartan-C-T-TSKH-spring540x960-M.pth,SEA-RAFT (L)
FlyingChairs,validation,,mixed,Tartan-C-T-TSKH-spring540x960-M.pth,IR_{3px},0.953627610206604,models/_pretrained_weights/SEA-RAFT-models/Tartan-C-T-TSKH-spring540x960-M.pth,SEA-RAFT (L)
FlyingChairs,validation,,mixed,Tartan-C-T-TSKH-spring540x960-M.pth,IR_{5px},0.9630863904953004,models/_pretrained_weights/SEA-RAFT-models/Tartan-C-T-TSKH-spring540x960-M.pth,SEA-RAFT (L)
FlyingChairs,validation,,mixed,Tartan-C-T-TSKH-spring540x960-M.pth,fl-kitti,0.0457944313685099,models/_pretrained_weights/SEA-RAFT-models/Tartan-C-T-TSKH-spring540x960-M.pth,SEA-RAFT (L)
FlyingChairs,validation,,mixed,Tartan-C-T-TSKH-spring540x960-M.pth,MSE,42.37993621826172,models/_pretrained_weights/SEA-RAFT-models/Tartan-C-T-TSKH-spring540x960-M.pth,SEA-RAFT (L)
FlyingChairs,validation,,mixed,Tartan-C-T-TSKH-spring540x960-M.pth,WAUC,0.8690368727441669,models/_pretrained_weights/SEA-RAFT-models/Tartan-C-T-TSKH-spring540x960-M.pth,SEA-RAFT (L)
FlyingChairs,validation,,tartan,Tartan480x640-M.pth,EPE,2.4195826053619385,models/_pretrained_weights/SEA-RAFT-models/Tartan480x640-M.pth,SEA-RAFT (L)
FlyingChairs,validation,,tartan,Tartan480x640-M.pth,IR_{1px},0.8381991068522134,models/_pretrained_weights/SEA-RAFT-models/Tartan480x640-M.pth,SEA-RAFT (L)
FlyingChairs,validation,,tartan,Tartan480x640-M.pth,IR_{3px},0.911034631729126,models/_pretrained_weights/SEA-RAFT-models/Tartan480x640-M.pth,SEA-RAFT (L)
FlyingChairs,validation,,tartan,Tartan480x640-M.pth,IR_{5px},0.9277595440546672,models/_pretrained_weights/SEA-RAFT-models/Tartan480x640-M.pth,SEA-RAFT (L)
FlyingChairs,validation,,tartan,Tartan480x640-M.pth,fl-kitti,0.0885007222493489,models/_pretrained_weights/SEA-RAFT-models/Tartan480x640-M.pth,SEA-RAFT (L)
FlyingChairs,validation,,tartan,Tartan480x640-M.pth,MSE,64.06520080566406,models/_pretrained_weights/SEA-RAFT-models/Tartan480x640-M.pth,SEA-RAFT (L)
FlyingChairs,validation,,tartan,Tartan480x640-M.pth,WAUC,0.8344715547262638,models/_pretrained_weights/SEA-RAFT-models/Tartan480x640-M.pth,SEA-RAFT (L)
FlyingChairs,validation,,C+T,Tartan-C-T432x960-M.pth,EPE,1.0994726419448853,models/_pretrained_weights/SEA-RAFT-models/Tartan-C-T432x960-M.pth,SEA-RAFT (L)
FlyingChairs,validation,,C+T,Tartan-C-T432x960-M.pth,IR_{1px},0.8897716204325358,models/_pretrained_weights/SEA-RAFT-models/Tartan-C-T432x960-M.pth,SEA-RAFT (L)
FlyingChairs,validation,,C+T,Tartan-C-T432x960-M.pth,IR_{3px},0.9650777101516724,models/_pretrained_weights/SEA-RAFT-models/Tartan-C-T432x960-M.pth,SEA-RAFT (L)
FlyingChairs,validation,,C+T,Tartan-C-T432x960-M.pth,IR_{5px},0.973070240020752,models/_pretrained_weights/SEA-RAFT-models/Tartan-C-T432x960-M.pth,SEA-RAFT (L)
FlyingChairs,validation,,C+T,Tartan-C-T432x960-M.pth,fl-kitti,0.0344000657399495,models/_pretrained_weights/SEA-RAFT-models/Tartan-C-T432x960-M.pth,SEA-RAFT (L)
FlyingChairs,validation,,C+T,Tartan-C-T432x960-M.pth,MSE,28.29178237915039,models/_pretrained_weights/SEA-RAFT-models/Tartan-C-T432x960-M.pth,SEA-RAFT (L)
FlyingChairs,validation,,C+T,Tartan-C-T432x960-M.pth,WAUC,0.8857516983649125,models/_pretrained_weights/SEA-RAFT-models/Tartan-C-T432x960-M.pth,SEA-RAFT (L)
FlyingChairs,validation,,K,Tartan-C-T-TSKH-kitti432x960-M.pth,EPE,1.455894112586975,models/_pretrained_weights/SEA-RAFT-models/Tartan-C-T-TSKH-kitti432x960-M.pth,SEA-RAFT (L)
FlyingChairs,validation,,K,Tartan-C-T-TSKH-kitti432x960-M.pth,IR_{1px},0.8787888367970785,models/_pretrained_weights/SEA-RAFT-models/Tartan-C-T-TSKH-kitti432x960-M.pth,SEA-RAFT (L)
FlyingChairs,validation,,K,Tartan-C-T-TSKH-kitti432x960-M.pth,IR_{3px},0.9556197404861452,models/_pretrained_weights/SEA-RAFT-models/Tartan-C-T-TSKH-kitti432x960-M.pth,SEA-RAFT (L)
FlyingChairs,validation,,K,Tartan-C-T-TSKH-kitti432x960-M.pth,IR_{5px},0.9636464754740396,models/_pretrained_weights/SEA-RAFT-models/Tartan-C-T-TSKH-kitti432x960-M.pth,SEA-RAFT (L)
FlyingChairs,validation,,K,Tartan-C-T-TSKH-kitti432x960-M.pth,fl-kitti,0.0438237190246582,models/_pretrained_weights/SEA-RAFT-models/Tartan-C-T-TSKH-kitti432x960-M.pth,SEA-RAFT (L)
FlyingChairs,validation,,K,Tartan-C-T-TSKH-kitti432x960-M.pth,MSE,38.308502197265625,models/_pretrained_weights/SEA-RAFT-models/Tartan-C-T-TSKH-kitti432x960-M.pth,SEA-RAFT (L)
FlyingChairs,validation,,K,Tartan-C-T-TSKH-kitti432x960-M.pth,WAUC,0.8709895608747754,models/_pretrained_weights/SEA-RAFT-models/Tartan-C-T-TSKH-kitti432x960-M.pth,SEA-RAFT (L)
FlyingChairs,validation,,C+T,gmflow-scale1-things-e9887eda.pth,EPE,1.2633802890777588,models/_pretrained_weights/unimatch_weights/gmflow-scale1-things-e9887eda.pth,GMFlow+ (s1)
FlyingChairs,validation,,C+T,gmflow-scale1-things-e9887eda.pth,IR_{1px},0.8275117317835491,models/_pretrained_weights/unimatch_weights/gmflow-scale1-things-e9887eda.pth,GMFlow+ (s1)
FlyingChairs,validation,,C+T,gmflow-scale1-things-e9887eda.pth,IR_{3px},0.9463751077651976,models/_pretrained_weights/unimatch_weights/gmflow-scale1-things-e9887eda.pth,GMFlow+ (s1)
FlyingChairs,validation,,C+T,gmflow-scale1-things-e9887eda.pth,IR_{5px},0.9655137379964194,models/_pretrained_weights/unimatch_weights/gmflow-scale1-things-e9887eda.pth,GMFlow+ (s1)
FlyingChairs,validation,,C+T,gmflow-scale1-things-e9887eda.pth,fl-kitti,0.0518436749776204,models/_pretrained_weights/unimatch_weights/gmflow-scale1-things-e9887eda.pth,GMFlow+ (s1)
FlyingChairs,validation,,C+T,gmflow-scale1-things-e9887eda.pth,MSE,18.65277099609375,models/_pretrained_weights/unimatch_weights/gmflow-scale1-things-e9887eda.pth,GMFlow+ (s1)
FlyingChairs,validation,,C+T,gmflow-scale1-things-e9887eda.pth,WAUC,0.791518455562025,models/_pretrained_weights/unimatch_weights/gmflow-scale1-things-e9887eda.pth,GMFlow+ (s1)
FlyingChairs,validation,,mixed,gmflow-scale1-mixdata-train320x576-4c3a6e9a.pth,EPE,1.2490947246551514,models/_pretrained_weights/unimatch_weights/gmflow-scale1-mixdata-train320x576-4c3a6e9a.pth,GMFlow+ (s1)
FlyingChairs,validation,,mixed,gmflow-scale1-mixdata-train320x576-4c3a6e9a.pth,IR_{1px},0.8407578150431316,models/_pretrained_weights/unimatch_weights/gmflow-scale1-mixdata-train320x576-4c3a6e9a.pth,GMFlow+ (s1)
FlyingChairs,validation,,mixed,gmflow-scale1-mixdata-train320x576-4c3a6e9a.pth,IR_{3px},0.9468680222829184,models/_pretrained_weights/unimatch_weights/gmflow-scale1-mixdata-train320x576-4c3a6e9a.pth,GMFlow+ (s1)
FlyingChairs,validation,,mixed,gmflow-scale1-mixdata-train320x576-4c3a6e9a.pth,IR_{5px},0.9645111481348676,models/_pretrained_weights/unimatch_weights/gmflow-scale1-mixdata-train320x576-4c3a6e9a.pth,GMFlow+ (s1)
FlyingChairs,validation,,mixed,gmflow-scale1-mixdata-train320x576-4c3a6e9a.pth,fl-kitti,0.0513008117675781,models/_pretrained_weights/unimatch_weights/gmflow-scale1-mixdata-train320x576-4c3a6e9a.pth,GMFlow+ (s1)
FlyingChairs,validation,,mixed,gmflow-scale1-mixdata-train320x576-4c3a6e9a.pth,MSE,19.268299102783203,models/_pretrained_weights/unimatch_weights/gmflow-scale1-mixdata-train320x576-4c3a6e9a.pth,GMFlow+ (s1)
FlyingChairs,validation,,mixed,gmflow-scale1-mixdata-train320x576-4c3a6e9a.pth,WAUC,0.8082947194788715,models/_pretrained_weights/unimatch_weights/gmflow-scale1-mixdata-train320x576-4c3a6e9a.pth,GMFlow+ (s1)
FlyingChairs,validation,,C+T,matchflow-r-things.pth,EPE,1.0406205654144287,models/_pretrained_weights/matchflow_weights/matchflow-r/matchflow-r-things.pth,MatchFlow (R)
FlyingChairs,validation,,C+T,matchflow-r-things.pth,IR_{1px},0.8755279064178467,models/_pretrained_weights/matchflow_weights/matchflow-r/matchflow-r-things.pth,MatchFlow (R)
FlyingChairs,validation,,C+T,matchflow-r-things.pth,IR_{3px},0.9635897239049276,models/_pretrained_weights/matchflow_weights/matchflow-r/matchflow-r-things.pth,MatchFlow (R)
FlyingChairs,validation,,C+T,matchflow-r-things.pth,IR_{5px},0.97360360622406,models/_pretrained_weights/matchflow_weights/matchflow-r/matchflow-r-things.pth,MatchFlow (R)
FlyingChairs,validation,,C+T,matchflow-r-things.pth,fl-kitti,0.0356919765472412,models/_pretrained_weights/matchflow_weights/matchflow-r/matchflow-r-things.pth,MatchFlow (R)
FlyingChairs,validation,,C+T,matchflow-r-things.pth,MSE,22.310039520263672,models/_pretrained_weights/matchflow_weights/matchflow-r/matchflow-r-things.pth,MatchFlow (R)
FlyingChairs,validation,,C+T,matchflow-r-things.pth,WAUC,0.8713964867277113,models/_pretrained_weights/matchflow_weights/matchflow-r/matchflow-r-things.pth,MatchFlow (R)
HD1K,train,,K,kitti.pth,EPE,0.421326071023941,models/_pretrained_weights/FlowFormer-Models/kitti.pth,FlowFormer
HD1K,train,,K,kitti.pth,IR_{1px},0.9336727097719232,models/_pretrained_weights/FlowFormer-Models/kitti.pth,FlowFormer
HD1K,train,,K,kitti.pth,IR_{3px},0.9825791442063236,models/_pretrained_weights/FlowFormer-Models/kitti.pth,FlowFormer
HD1K,train,,K,kitti.pth,IR_{5px},0.9918707267292152,models/_pretrained_weights/FlowFormer-Models/kitti.pth,FlowFormer
HD1K,train,,K,kitti.pth,fl-kitti,0.0174208456033231,models/_pretrained_weights/FlowFormer-Models/kitti.pth,FlowFormer
HD1K,train,,K,kitti.pth,MSE,0.8591016530990601,models/_pretrained_weights/FlowFormer-Models/kitti.pth,FlowFormer
HD1K,train,,K,kitti.pth,WAUC,0.881995365612266,models/_pretrained_weights/FlowFormer-Models/kitti.pth,FlowFormer
HD1K,train,,C,chairs.pth,EPE,1.044783592224121,models/_pretrained_weights/FlowFormer-Models/chairs.pth,FlowFormer
HD1K,train,,C,chairs.pth,IR_{1px},0.7593370203292473,models/_pretrained_weights/FlowFormer-Models/chairs.pth,FlowFormer
HD1K,train,,C,chairs.pth,IR_{3px},0.940626677064402,models/_pretrained_weights/FlowFormer-Models/chairs.pth,FlowFormer
HD1K,train,,C,chairs.pth,IR_{5px},0.9706182122618616,models/_pretrained_weights/FlowFormer-Models/chairs.pth,FlowFormer
HD1K,train,,C,chairs.pth,fl-kitti,0.059373322935598,models/_pretrained_weights/FlowFormer-Models/chairs.pth,FlowFormer
HD1K,train,,C,chairs.pth,MSE,3.868905782699585,models/_pretrained_weights/FlowFormer-Models/chairs.pth,FlowFormer
HD1K,train,,C,chairs.pth,WAUC,0.7495965312886576,models/_pretrained_weights/FlowFormer-Models/chairs.pth,FlowFormer
HD1K,train,,S,sintel.pth,EPE,0.274913877248764,models/_pretrained_weights/FlowFormer-Models/sintel.pth,FlowFormer
HD1K,train,,S,sintel.pth,IR_{1px},0.9613653622338952,models/_pretrained_weights/FlowFormer-Models/sintel.pth,FlowFormer
HD1K,train,,S,sintel.pth,IR_{3px},0.9938117448642944,models/_pretrained_weights/FlowFormer-Models/sintel.pth,FlowFormer
HD1K,train,,S,sintel.pth,IR_{5px},0.998200418466828,models/_pretrained_weights/FlowFormer-Models/sintel.pth,FlowFormer
HD1K,train,,S,sintel.pth,fl-kitti,0.0061882429005073,models/_pretrained_weights/FlowFormer-Models/sintel.pth,FlowFormer
HD1K,train,,S,sintel.pth,MSE,0.2110538184642791,models/_pretrained_weights/FlowFormer-Models/sintel.pth,FlowFormer
HD1K,train,,S,sintel.pth,WAUC,0.9133537751046812,models/_pretrained_weights/FlowFormer-Models/sintel.pth,FlowFormer
HD1K,train,,C+T,things.pth,EPE,0.4791142642498016,models/_pretrained_weights/FlowFormer-Models/things.pth,FlowFormer
HD1K,train,,C+T,things.pth,IR_{1px},0.915858328369804,models/_pretrained_weights/FlowFormer-Models/things.pth,FlowFormer
HD1K,train,,C+T,things.pth,IR_{3px},0.9794532212045584,models/_pretrained_weights/FlowFormer-Models/things.pth,FlowFormer
HD1K,train,,C+T,things.pth,IR_{5px},0.990752128553012,models/_pretrained_weights/FlowFormer-Models/things.pth,FlowFormer
HD1K,train,,C+T,things.pth,fl-kitti,0.0205467767631833,models/_pretrained_weights/FlowFormer-Models/things.pth,FlowFormer
HD1K,train,,C+T,things.pth,MSE,1.339958429336548,models/_pretrained_weights/FlowFormer-Models/things.pth,FlowFormer
HD1K,train,,C+T,things.pth,WAUC,0.869931615674969,models/_pretrained_weights/FlowFormer-Models/things.pth,FlowFormer
HD1K,train,,K,matchflow-g-kitti.pth,EPE,0.6027805805206299,models/_pretrained_weights/matchflow_weights/matchflow-g/matchflow-g-kitti.pth,MatchFlow (G)
HD1K,train,,K,matchflow-g-kitti.pth,IR_{1px},0.9056807176194116,models/_pretrained_weights/matchflow_weights/matchflow-g/matchflow-g-kitti.pth,MatchFlow (G)
HD1K,train,,K,matchflow-g-kitti.pth,IR_{3px},0.9633646886511018,models/_pretrained_weights/matchflow_weights/matchflow-g/matchflow-g-kitti.pth,MatchFlow (G)
HD1K,train,,K,matchflow-g-kitti.pth,IR_{5px},0.9783728118418156,models/_pretrained_weights/matchflow_weights/matchflow-g/matchflow-g-kitti.pth,MatchFlow (G)
HD1K,train,,K,matchflow-g-kitti.pth,fl-kitti,0.0366353113488981,models/_pretrained_weights/matchflow_weights/matchflow-g/matchflow-g-kitti.pth,MatchFlow (G)
HD1K,train,,K,matchflow-g-kitti.pth,MSE,1.9112199544906616,models/_pretrained_weights/matchflow_weights/matchflow-g/matchflow-g-kitti.pth,MatchFlow (G)
HD1K,train,,K,matchflow-g-kitti.pth,WAUC,0.8594865789189156,models/_pretrained_weights/matchflow_weights/matchflow-g/matchflow-g-kitti.pth,MatchFlow (G)
HD1K,train,,S,matchflow-g-sintel.pth,EPE,0.3423479497432709,models/_pretrained_weights/matchflow_weights/matchflow-g/matchflow-g-sintel.pth,MatchFlow (G)
HD1K,train,,S,matchflow-g-sintel.pth,IR_{1px},0.9443733787827762,models/_pretrained_weights/matchflow_weights/matchflow-g/matchflow-g-sintel.pth,MatchFlow (G)
HD1K,train,,S,matchflow-g-sintel.pth,IR_{3px},0.9873105077214094,models/_pretrained_weights/matchflow_weights/matchflow-g/matchflow-g-sintel.pth,MatchFlow (G)
HD1K,train,,S,matchflow-g-sintel.pth,IR_{5px},0.9949442121195182,models/_pretrained_weights/matchflow_weights/matchflow-g/matchflow-g-sintel.pth,MatchFlow (G)
HD1K,train,,S,matchflow-g-sintel.pth,fl-kitti,0.0126894922785906,models/_pretrained_weights/matchflow_weights/matchflow-g/matchflow-g-sintel.pth,MatchFlow (G)
HD1K,train,,S,matchflow-g-sintel.pth,MSE,0.775580108165741,models/_pretrained_weights/matchflow_weights/matchflow-g/matchflow-g-sintel.pth,MatchFlow (G)
HD1K,train,,S,matchflow-g-sintel.pth,WAUC,0.9015684174353684,models/_pretrained_weights/matchflow_weights/matchflow-g/matchflow-g-sintel.pth,MatchFlow (G)
HD1K,train,,C,matchflow-g-chairs.pth,EPE,1.047065019607544,models/_pretrained_weights/matchflow_weights/matchflow-g/matchflow-g-chairs.pth,MatchFlow (G)
HD1K,train,,C,matchflow-g-chairs.pth,IR_{1px},0.7431405149752365,models/_pretrained_weights/matchflow_weights/matchflow-g/matchflow-g-chairs.pth,MatchFlow (G)
HD1K,train,,C,matchflow-g-chairs.pth,IR_{3px},0.924911205469194,models/_pretrained_weights/matchflow_weights/matchflow-g/matchflow-g-chairs.pth,MatchFlow (G)
HD1K,train,,C,matchflow-g-chairs.pth,IR_{5px},0.9665845627573788,models/_pretrained_weights/matchflow_weights/matchflow-g/matchflow-g-chairs.pth,MatchFlow (G)
HD1K,train,,C,matchflow-g-chairs.pth,fl-kitti,0.0750887945308058,models/_pretrained_weights/matchflow_weights/matchflow-g/matchflow-g-chairs.pth,MatchFlow (G)
HD1K,train,,C,matchflow-g-chairs.pth,MSE,3.211101531982422,models/_pretrained_weights/matchflow_weights/matchflow-g/matchflow-g-chairs.pth,MatchFlow (G)
HD1K,train,,C,matchflow-g-chairs.pth,WAUC,0.7388707421441427,models/_pretrained_weights/matchflow_weights/matchflow-g/matchflow-g-chairs.pth,MatchFlow (G)
HD1K,train,,C+T,matchflow-g-things.pth,EPE,0.4581563472747803,models/_pretrained_weights/matchflow_weights/matchflow-g/matchflow-g-things.pth,MatchFlow (G)
HD1K,train,,C+T,matchflow-g-things.pth,IR_{1px},0.9136775642318522,models/_pretrained_weights/matchflow_weights/matchflow-g/matchflow-g-things.pth,MatchFlow (G)
HD1K,train,,C+T,matchflow-g-things.pth,IR_{3px},0.9797243196339096,models/_pretrained_weights/matchflow_weights/matchflow-g/matchflow-g-things.pth,MatchFlow (G)
HD1K,train,,C+T,matchflow-g-things.pth,IR_{5px},0.9909853729829246,models/_pretrained_weights/matchflow_weights/matchflow-g/matchflow-g-things.pth,MatchFlow (G)
HD1K,train,,C+T,matchflow-g-things.pth,fl-kitti,0.0202756803660903,models/_pretrained_weights/matchflow_weights/matchflow-g/matchflow-g-things.pth,MatchFlow (G)
HD1K,train,,C+T,matchflow-g-things.pth,MSE,1.2237893342971802,models/_pretrained_weights/matchflow_weights/matchflow-g/matchflow-g-things.pth,MatchFlow (G)
HD1K,train,,C+T,matchflow-g-things.pth,WAUC,0.8756025917084966,models/_pretrained_weights/matchflow_weights/matchflow-g/matchflow-g-things.pth,MatchFlow (G)
HD1K,train,,K,CCMR+_kitti.pth,EPE,0.243876650929451,models/_pretrained_weights/ccmr_weights/CCMR+_kitti.pth,CCMR+
HD1K,train,,K,CCMR+_kitti.pth,IR_{1px},0.9657501710998102,models/_pretrained_weights/ccmr_weights/CCMR+_kitti.pth,CCMR+
HD1K,train,,K,CCMR+_kitti.pth,IR_{3px},0.9940959761552516,models/_pretrained_weights/ccmr_weights/CCMR+_kitti.pth,CCMR+
HD1K,train,,K,CCMR+_kitti.pth,IR_{5px},0.998064302878212,models/_pretrained_weights/ccmr_weights/CCMR+_kitti.pth,CCMR+
HD1K,train,,K,CCMR+_kitti.pth,fl-kitti,0.0059040238447485,models/_pretrained_weights/ccmr_weights/CCMR+_kitti.pth,CCMR+
HD1K,train,,K,CCMR+_kitti.pth,MSE,0.3092319965362549,models/_pretrained_weights/ccmr_weights/CCMR+_kitti.pth,CCMR+
HD1K,train,,K,CCMR+_kitti.pth,WAUC,0.92585536691895,models/_pretrained_weights/ccmr_weights/CCMR+_kitti.pth,CCMR+
HD1K,train,,C+T,CCMR+_things.pth,EPE,0.4106760919094085,models/_pretrained_weights/ccmr_weights/CCMR+_things.pth,CCMR+
HD1K,train,,C+T,CCMR+_things.pth,IR_{1px},0.9397917587928544,models/_pretrained_weights/ccmr_weights/CCMR+_things.pth,CCMR+
HD1K,train,,C+T,CCMR+_things.pth,IR_{3px},0.9795459305803108,models/_pretrained_weights/ccmr_weights/CCMR+_things.pth,CCMR+
HD1K,train,,C+T,CCMR+_things.pth,IR_{5px},0.988909806699872,models/_pretrained_weights/ccmr_weights/CCMR+_things.pth,CCMR+
HD1K,train,,C+T,CCMR+_things.pth,fl-kitti,0.0204540633040343,models/_pretrained_weights/ccmr_weights/CCMR+_things.pth,CCMR+
HD1K,train,,C+T,CCMR+_things.pth,MSE,1.6164928674697876,models/_pretrained_weights/ccmr_weights/CCMR+_things.pth,CCMR+
HD1K,train,,C+T,CCMR+_things.pth,WAUC,0.9015232871811732,models/_pretrained_weights/ccmr_weights/CCMR+_things.pth,CCMR+
HD1K,train,,S,CCMR+_sintel.pth,EPE,0.2670007050037384,models/_pretrained_weights/ccmr_weights/CCMR+_sintel.pth,CCMR+
HD1K,train,,S,CCMR+_sintel.pth,IR_{1px},0.9617461802513516,models/_pretrained_weights/ccmr_weights/CCMR+_sintel.pth,CCMR+
HD1K,train,,S,CCMR+_sintel.pth,IR_{3px},0.9923804793014364,models/_pretrained_weights/ccmr_weights/CCMR+_sintel.pth,CCMR+
HD1K,train,,S,CCMR+_sintel.pth,IR_{5px},0.9969653899695344,models/_pretrained_weights/ccmr_weights/CCMR+_sintel.pth,CCMR+
HD1K,train,,S,CCMR+_sintel.pth,fl-kitti,0.0076195206985636,models/_pretrained_weights/ccmr_weights/CCMR+_sintel.pth,CCMR+
HD1K,train,,S,CCMR+_sintel.pth,MSE,0.4726657271385193,models/_pretrained_weights/ccmr_weights/CCMR+_sintel.pth,CCMR+
HD1K,train,,S,CCMR+_sintel.pth,WAUC,0.9216044111139134,models/_pretrained_weights/ccmr_weights/CCMR+_sintel.pth,CCMR+
HD1K,train,,C+T,FlowNet2_checkpoint.pth.tar,EPE,0.7847594022750854,models/_pretrained_weights/FlowNet/FlowNet2_checkpoint.pth.tar,FlowNet2
HD1K,train,,C+T,FlowNet2_checkpoint.pth.tar,IR_{1px},0.8530831385852996,models/_pretrained_weights/FlowNet/FlowNet2_checkpoint.pth.tar,FlowNet2
HD1K,train,,C+T,FlowNet2_checkpoint.pth.tar,IR_{3px},0.9510979254212604,models/_pretrained_weights/FlowNet/FlowNet2_checkpoint.pth.tar,FlowNet2
HD1K,train,,C+T,FlowNet2_checkpoint.pth.tar,IR_{5px},0.9743076634651544,models/_pretrained_weights/FlowNet/FlowNet2_checkpoint.pth.tar,FlowNet2
HD1K,train,,C+T,FlowNet2_checkpoint.pth.tar,fl-kitti,0.0489020745787395,models/_pretrained_weights/FlowNet/FlowNet2_checkpoint.pth.tar,FlowNet2
HD1K,train,,C+T,FlowNet2_checkpoint.pth.tar,MSE,4.009917259216309,models/_pretrained_weights/FlowNet/FlowNet2_checkpoint.pth.tar,FlowNet2
HD1K,train,,C+T,FlowNet2_checkpoint.pth.tar,WAUC,0.8202717766641051,models/_pretrained_weights/FlowNet/FlowNet2_checkpoint.pth.tar,FlowNet2
HD1K,train,,C+T,gmflow-scale2-things-36579974.pth,EPE,0.8156134486198425,models/_pretrained_weights/unimatch_weights/gmflow-scale2-things-36579974.pth,GMFlow+ (s2)
HD1K,train,,C+T,gmflow-scale2-things-36579974.pth,IR_{1px},0.8307875769097498,models/_pretrained_weights/unimatch_weights/gmflow-scale2-things-36579974.pth,GMFlow+ (s2)
HD1K,train,,C+T,gmflow-scale2-things-36579974.pth,IR_{3px},0.9526390725850844,models/_pretrained_weights/unimatch_weights/gmflow-scale2-things-36579974.pth,GMFlow+ (s2)
HD1K,train,,C+T,gmflow-scale2-things-36579974.pth,IR_{5px},0.9783763915666068,models/_pretrained_weights/unimatch_weights/gmflow-scale2-things-36579974.pth,GMFlow+ (s2)
HD1K,train,,C+T,gmflow-scale2-things-36579974.pth,fl-kitti,0.0473609212992608,models/_pretrained_weights/unimatch_weights/gmflow-scale2-things-36579974.pth,GMFlow+ (s2)
HD1K,train,,C+T,gmflow-scale2-things-36579974.pth,MSE,2.235915184020996,models/_pretrained_weights/unimatch_weights/gmflow-scale2-things-36579974.pth,GMFlow+ (s2)
HD1K,train,,C+T,gmflow-scale2-things-36579974.pth,WAUC,0.7842523187493003,models/_pretrained_weights/unimatch_weights/gmflow-scale2-things-36579974.pth,GMFlow+ (s2)
HD1K,train,,mixed,gmflow-scale2-mixdata-train320x576-9ff1c094.pth,EPE,0.6765833497047424,models/_pretrained_weights/unimatch_weights/gmflow-scale2-mixdata-train320x576-9ff1c094.pth,GMFlow+ (s2)
HD1K,train,,mixed,gmflow-scale2-mixdata-train320x576-9ff1c094.pth,IR_{1px},0.8564737021685201,models/_pretrained_weights/unimatch_weights/gmflow-scale2-mixdata-train320x576-9ff1c094.pth,GMFlow+ (s2)
HD1K,train,,mixed,gmflow-scale2-mixdata-train320x576-9ff1c094.pth,IR_{3px},0.9873419259693214,models/_pretrained_weights/unimatch_weights/gmflow-scale2-mixdata-train320x576-9ff1c094.pth,GMFlow+ (s2)
HD1K,train,,mixed,gmflow-scale2-mixdata-train320x576-9ff1c094.pth,IR_{5px},0.9965886536686792,models/_pretrained_weights/unimatch_weights/gmflow-scale2-mixdata-train320x576-9ff1c094.pth,GMFlow+ (s2)
HD1K,train,,mixed,gmflow-scale2-mixdata-train320x576-9ff1c094.pth,fl-kitti,0.0126580699496867,models/_pretrained_weights/unimatch_weights/gmflow-scale2-mixdata-train320x576-9ff1c094.pth,GMFlow+ (s2)
HD1K,train,,mixed,gmflow-scale2-mixdata-train320x576-9ff1c094.pth,MSE,0.4806999564170837,models/_pretrained_weights/unimatch_weights/gmflow-scale2-mixdata-train320x576-9ff1c094.pth,GMFlow+ (s2)
HD1K,train,,mixed,gmflow-scale2-mixdata-train320x576-9ff1c094.pth,WAUC,0.773839284273897,models/_pretrained_weights/unimatch_weights/gmflow-scale2-mixdata-train320x576-9ff1c094.pth,GMFlow+ (s2)
HD1K,train,,S,gmflow-scale2-sintel-3ed1cf48.pth,EPE,0.6543744802474976,models/_pretrained_weights/unimatch_weights/gmflow-scale2-sintel-3ed1cf48.pth,GMFlow+ (s2)
HD1K,train,,S,gmflow-scale2-sintel-3ed1cf48.pth,IR_{1px},0.8887203661753164,models/_pretrained_weights/unimatch_weights/gmflow-scale2-sintel-3ed1cf48.pth,GMFlow+ (s2)
HD1K,train,,S,gmflow-scale2-sintel-3ed1cf48.pth,IR_{3px},0.9840518262605102,models/_pretrained_weights/unimatch_weights/gmflow-scale2-sintel-3ed1cf48.pth,GMFlow+ (s2)
HD1K,train,,S,gmflow-scale2-sintel-3ed1cf48.pth,IR_{5px},0.9944552982462964,models/_pretrained_weights/unimatch_weights/gmflow-scale2-sintel-3ed1cf48.pth,GMFlow+ (s2)
HD1K,train,,S,gmflow-scale2-sintel-3ed1cf48.pth,fl-kitti,0.0159481737394898,models/_pretrained_weights/unimatch_weights/gmflow-scale2-sintel-3ed1cf48.pth,GMFlow+ (s2)
HD1K,train,,S,gmflow-scale2-sintel-3ed1cf48.pth,MSE,0.5997277498245239,models/_pretrained_weights/unimatch_weights/gmflow-scale2-sintel-3ed1cf48.pth,GMFlow+ (s2)
HD1K,train,,S,gmflow-scale2-sintel-3ed1cf48.pth,WAUC,0.78664913003151,models/_pretrained_weights/unimatch_weights/gmflow-scale2-sintel-3ed1cf48.pth,GMFlow+ (s2)
HD1K,train,,S,pwc_net.pth.tar,EPE,1.7817678451538086,models/_pretrained_weights/pwc_net.pth.tar,PWCNet
HD1K,train,,S,pwc_net.pth.tar,IR_{1px},0.1982690910976993,models/_pretrained_weights/pwc_net.pth.tar,PWCNet
HD1K,train,,S,pwc_net.pth.tar,IR_{3px},0.9333464983357922,models/_pretrained_weights/pwc_net.pth.tar,PWCNet
HD1K,train,,S,pwc_net.pth.tar,IR_{5px},0.9879330670918932,models/_pretrained_weights/pwc_net.pth.tar,PWCNet
HD1K,train,,S,pwc_net.pth.tar,fl-kitti,0.066653495548553,models/_pretrained_weights/pwc_net.pth.tar,PWCNet
HD1K,train,,S,pwc_net.pth.tar,MSE,2.8462746143341064,models/_pretrained_weights/pwc_net.pth.tar,PWCNet
HD1K,train,,S,pwc_net.pth.tar,WAUC,0.470125271515706,models/_pretrained_weights/pwc_net.pth.tar,PWCNet
HD1K,train,,C+T,pwc_net_chairs.pth.tar,EPE,2.279491662979126,models/_pretrained_weights/pwc_net_chairs.pth.tar,PWCNet
HD1K,train,,C+T,pwc_net_chairs.pth.tar,IR_{1px},0.2784845328642426,models/_pretrained_weights/pwc_net_chairs.pth.tar,PWCNet
HD1K,train,,C+T,pwc_net_chairs.pth.tar,IR_{3px},0.8202117925845485,models/_pretrained_weights/pwc_net_chairs.pth.tar,PWCNet
HD1K,train,,C+T,pwc_net_chairs.pth.tar,IR_{5px},0.9235355145764076,models/_pretrained_weights/pwc_net_chairs.pth.tar,PWCNet
HD1K,train,,C+T,pwc_net_chairs.pth.tar,fl-kitti,0.1797882074154515,models/_pretrained_weights/pwc_net_chairs.pth.tar,PWCNet
HD1K,train,,C+T,pwc_net_chairs.pth.tar,MSE,7.312241077423096,models/_pretrained_weights/pwc_net_chairs.pth.tar,PWCNet
HD1K,train,,C+T,pwc_net_chairs.pth.tar,WAUC,0.4630058634356676,models/_pretrained_weights/pwc_net_chairs.pth.tar,PWCNet
HD1K,train,,C+T,_things_phase1_100000.pth,EPE,0.4077410399913788,models/_pretrained_weights/ms_raft_plus/_things_phase1_100000.pth,MS-RAFT+
HD1K,train,,C+T,_things_phase1_100000.pth,IR_{1px},0.9396442353052828,models/_pretrained_weights/ms_raft_plus/_things_phase1_100000.pth,MS-RAFT+
HD1K,train,,C+T,_things_phase1_100000.pth,IR_{3px},0.9800308872108716,models/_pretrained_weights/ms_raft_plus/_things_phase1_100000.pth,MS-RAFT+
HD1K,train,,C+T,_things_phase1_100000.pth,IR_{5px},0.9893282987023196,models/_pretrained_weights/ms_raft_plus/_things_phase1_100000.pth,MS-RAFT+
HD1K,train,,C+T,_things_phase1_100000.pth,fl-kitti,0.0199691107505765,models/_pretrained_weights/ms_raft_plus/_things_phase1_100000.pth,MS-RAFT+
HD1K,train,,C+T,_things_phase1_100000.pth,MSE,1.4815866947174072,models/_pretrained_weights/ms_raft_plus/_things_phase1_100000.pth,MS-RAFT+
HD1K,train,,C+T,_things_phase1_100000.pth,WAUC,0.9010679110377974,models/_pretrained_weights/ms_raft_plus/_things_phase1_100000.pth,MS-RAFT+
HD1K,train,,mixed,mixed.pth,EPE,0.2573240399360657,models/_pretrained_weights/ms_raft_plus/mixed.pth,MS-RAFT+
HD1K,train,,mixed,mixed.pth,IR_{1px},0.9625994511972398,models/_pretrained_weights/ms_raft_plus/mixed.pth,MS-RAFT+
HD1K,train,,mixed,mixed.pth,IR_{3px},0.9924169583789184,models/_pretrained_weights/ms_raft_plus/mixed.pth,MS-RAFT+
HD1K,train,,mixed,mixed.pth,IR_{5px},0.9974188093119978,models/_pretrained_weights/ms_raft_plus/mixed.pth,MS-RAFT+
HD1K,train,,mixed,mixed.pth,fl-kitti,0.0075830416210816,models/_pretrained_weights/ms_raft_plus/mixed.pth,MS-RAFT+
HD1K,train,,mixed,mixed.pth,MSE,0.3884976804256439,models/_pretrained_weights/ms_raft_plus/mixed.pth,MS-RAFT+
HD1K,train,,mixed,mixed.pth,WAUC,0.9231821109969172,models/_pretrained_weights/ms_raft_plus/mixed.pth,MS-RAFT+
HD1K,train,,C+T,FlowNet2-C_checkpoint.pth.tar,EPE,1.8141690492630005,models/_pretrained_weights/FlowNet/FlowNet2-C_checkpoint.pth.tar,FlowNet2C
HD1K,train,,C+T,FlowNet2-C_checkpoint.pth.tar,IR_{1px},0.6285746865546862,models/_pretrained_weights/FlowNet/FlowNet2-C_checkpoint.pth.tar,FlowNet2C
HD1K,train,,C+T,FlowNet2-C_checkpoint.pth.tar,IR_{3px},0.8552985727087222,models/_pretrained_weights/FlowNet/FlowNet2-C_checkpoint.pth.tar,FlowNet2C
HD1K,train,,C+T,FlowNet2-C_checkpoint.pth.tar,IR_{5px},0.9130485972972956,models/_pretrained_weights/FlowNet/FlowNet2-C_checkpoint.pth.tar,FlowNet2C
HD1K,train,,C+T,FlowNet2-C_checkpoint.pth.tar,fl-kitti,0.1447014272912777,models/_pretrained_weights/FlowNet/FlowNet2-C_checkpoint.pth.tar,FlowNet2C
HD1K,train,,C+T,FlowNet2-C_checkpoint.pth.tar,MSE,8.051774024963379,models/_pretrained_weights/FlowNet/FlowNet2-C_checkpoint.pth.tar,FlowNet2C
HD1K,train,,C+T,FlowNet2-C_checkpoint.pth.tar,WAUC,0.6285988754169144,models/_pretrained_weights/FlowNet/FlowNet2-C_checkpoint.pth.tar,FlowNet2C
HD1K,train,,C+T,raft-things.pth,EPE,0.4879022240638733,models/_pretrained_weights/raft-things.pth,RAFT
HD1K,train,,C+T,raft-things.pth,IR_{1px},0.9120389404691682,models/_pretrained_weights/raft-things.pth,RAFT
HD1K,train,,C+T,raft-things.pth,IR_{3px},0.977959890699819,models/_pretrained_weights/raft-things.pth,RAFT
HD1K,train,,C+T,raft-things.pth,IR_{5px},0.9898681188321916,models/_pretrained_weights/raft-things.pth,RAFT
HD1K,train,,C+T,raft-things.pth,fl-kitti,0.0220401093001808,models/_pretrained_weights/raft-things.pth,RAFT
HD1K,train,,C+T,raft-things.pth,MSE,1.341365098953247,models/_pretrained_weights/raft-things.pth,RAFT
HD1K,train,,C+T,raft-things.pth,WAUC,0.8688708271242528,models/_pretrained_weights/raft-things.pth,RAFT
HD1K,train,,S,raft-sintel.pth,EPE,0.3718849420547485,models/_pretrained_weights/raft-sintel.pth,RAFT
HD1K,train,,S,raft-sintel.pth,IR_{1px},0.9379217497793126,models/_pretrained_weights/raft-sintel.pth,RAFT
HD1K,train,,S,raft-sintel.pth,IR_{3px},0.9857349025171392,models/_pretrained_weights/raft-sintel.pth,RAFT
HD1K,train,,S,raft-sintel.pth,IR_{5px},0.9944218853912944,models/_pretrained_weights/raft-sintel.pth,RAFT
HD1K,train,,S,raft-sintel.pth,fl-kitti,0.0142650974828608,models/_pretrained_weights/raft-sintel.pth,RAFT
HD1K,train,,S,raft-sintel.pth,MSE,0.7712239623069763,models/_pretrained_weights/raft-sintel.pth,RAFT
HD1K,train,,S,raft-sintel.pth,WAUC,0.8922844642677298,models/_pretrained_weights/raft-sintel.pth,RAFT
HD1K,train,,K,raft-kitti.pth,EPE,0.4979923069477081,models/_pretrained_weights/raft-kitti.pth,RAFT
HD1K,train,,K,raft-kitti.pth,IR_{1px},0.913335517394742,models/_pretrained_weights/raft-kitti.pth,RAFT
HD1K,train,,K,raft-kitti.pth,IR_{3px},0.9774124272855994,models/_pretrained_weights/raft-kitti.pth,RAFT
HD1K,train,,K,raft-kitti.pth,IR_{5px},0.9891427077964888,models/_pretrained_weights/raft-kitti.pth,RAFT
HD1K,train,,K,raft-kitti.pth,fl-kitti,0.0225875727144005,models/_pretrained_weights/raft-kitti.pth,RAFT
HD1K,train,,K,raft-kitti.pth,MSE,1.433420181274414,models/_pretrained_weights/raft-kitti.pth,RAFT
HD1K,train,,K,raft-kitti.pth,WAUC,0.8671354564016287,models/_pretrained_weights/raft-kitti.pth,RAFT
HD1K,train,,C,raft-chairs.pth,EPE,1.043540596961975,models/_pretrained_weights/raft-chairs.pth,RAFT
HD1K,train,,C,raft-chairs.pth,IR_{1px},0.7197791046638556,models/_pretrained_weights/raft-chairs.pth,RAFT
HD1K,train,,C,raft-chairs.pth,IR_{3px},0.9353522422148496,models/_pretrained_weights/raft-chairs.pth,RAFT
HD1K,train,,C,raft-chairs.pth,IR_{5px},0.976188399082828,models/_pretrained_weights/raft-chairs.pth,RAFT
HD1K,train,,C,raft-chairs.pth,fl-kitti,0.0646477577851503,models/_pretrained_weights/raft-chairs.pth,RAFT
HD1K,train,,C,raft-chairs.pth,MSE,2.841841697692871,models/_pretrained_weights/raft-chairs.pth,RAFT
HD1K,train,,C,raft-chairs.pth,WAUC,0.7206013883057758,models/_pretrained_weights/raft-chairs.pth,RAFT
HD1K,train,,C,gma-chairs.pth,EPE,0.9384695291519164,models/_pretrained_weights/gma-chairs.pth,GMA
HD1K,train,,C,gma-chairs.pth,IR_{1px},0.7505073741877604,models/_pretrained_weights/gma-chairs.pth,GMA
HD1K,train,,C,gma-chairs.pth,IR_{3px},0.943157686171396,models/_pretrained_weights/gma-chairs.pth,GMA
HD1K,train,,C,gma-chairs.pth,IR_{5px},0.9790395929944627,models/_pretrained_weights/gma-chairs.pth,GMA
HD1K,train,,C,gma-chairs.pth,fl-kitti,0.056842313828604,models/_pretrained_weights/gma-chairs.pth,GMA
HD1K,train,,C,gma-chairs.pth,MSE,2.6537060737609863,models/_pretrained_weights/gma-chairs.pth,GMA
HD1K,train,,C,gma-chairs.pth,WAUC,0.7500494387993,models/_pretrained_weights/gma-chairs.pth,GMA
HD1K,train,,C+T,gma-things.pth,EPE,0.5062578916549683,models/_pretrained_weights/gma-things.pth,GMA
HD1K,train,,C+T,gma-things.pth,IR_{1px},0.9046596578719832,models/_pretrained_weights/gma-things.pth,GMA
HD1K,train,,C+T,gma-things.pth,IR_{3px},0.9756274359689728,models/_pretrained_weights/gma-things.pth,GMA
HD1K,train,,C+T,gma-things.pth,IR_{5px},0.9891342494825984,models/_pretrained_weights/gma-things.pth,GMA
HD1K,train,,C+T,gma-things.pth,fl-kitti,0.0243725640310272,models/_pretrained_weights/gma-things.pth,GMA
HD1K,train,,C+T,gma-things.pth,MSE,1.3418585062026978,models/_pretrained_weights/gma-things.pth,GMA
HD1K,train,,C+T,gma-things.pth,WAUC,0.8636400618950337,models/_pretrained_weights/gma-things.pth,GMA
HD1K,train,,K,gma-kitti.pth,EPE,0.5162694454193115,models/_pretrained_weights/gma-kitti.pth,GMA
HD1K,train,,K,gma-kitti.pth,IR_{1px},0.9013298761903769,models/_pretrained_weights/gma-kitti.pth,GMA
HD1K,train,,K,gma-kitti.pth,IR_{3px},0.973985672834244,models/_pretrained_weights/gma-kitti.pth,GMA
HD1K,train,,K,gma-kitti.pth,IR_{5px},0.9883088353071944,models/_pretrained_weights/gma-kitti.pth,GMA
HD1K,train,,K,gma-kitti.pth,fl-kitti,0.026014327165756,models/_pretrained_weights/gma-kitti.pth,GMA
HD1K,train,,K,gma-kitti.pth,MSE,1.08167827129364,models/_pretrained_weights/gma-kitti.pth,GMA
HD1K,train,,K,gma-kitti.pth,WAUC,0.8582217814366295,models/_pretrained_weights/gma-kitti.pth,GMA
HD1K,train,,S,gma-sintel.pth,EPE,0.3643846809864044,models/_pretrained_weights/gma-sintel.pth,GMA
HD1K,train,,S,gma-sintel.pth,IR_{1px},0.9400785828681196,models/_pretrained_weights/gma-sintel.pth,GMA
HD1K,train,,S,gma-sintel.pth,IR_{3px},0.9862527830621228,models/_pretrained_weights/gma-sintel.pth,GMA
HD1K,train,,S,gma-sintel.pth,IR_{5px},0.9946197717651574,models/_pretrained_weights/gma-sintel.pth,GMA
HD1K,train,,S,gma-sintel.pth,fl-kitti,0.0137472169378771,models/_pretrained_weights/gma-sintel.pth,GMA
HD1K,train,,S,gma-sintel.pth,MSE,0.7464094161987305,models/_pretrained_weights/gma-sintel.pth,GMA
HD1K,train,,S,gma-sintel.pth,WAUC,0.8948330676026327,models/_pretrained_weights/gma-sintel.pth,GMA
HD1K,train,,tartan,Tartan480x640-S.pth,EPE,0.3508807420730591,models/_pretrained_weights/SEA-RAFT-models/Tartan480x640-S.pth,SEA-RAFT (S)
HD1K,train,,tartan,Tartan480x640-S.pth,IR_{1px},0.9436093852057292,models/_pretrained_weights/SEA-RAFT-models/Tartan480x640-S.pth,SEA-RAFT (S)
HD1K,train,,tartan,Tartan480x640-S.pth,IR_{3px},0.9849783945331948,models/_pretrained_weights/SEA-RAFT-models/Tartan480x640-S.pth,SEA-RAFT (S)
HD1K,train,,tartan,Tartan480x640-S.pth,IR_{5px},0.9934103205403996,models/_pretrained_weights/SEA-RAFT-models/Tartan480x640-S.pth,SEA-RAFT (S)
HD1K,train,,tartan,Tartan480x640-S.pth,fl-kitti,0.015021605466805,models/_pretrained_weights/SEA-RAFT-models/Tartan480x640-S.pth,SEA-RAFT (S)
HD1K,train,,tartan,Tartan480x640-S.pth,MSE,0.7662224173545837,models/_pretrained_weights/SEA-RAFT-models/Tartan480x640-S.pth,SEA-RAFT (S)
HD1K,train,,tartan,Tartan480x640-S.pth,WAUC,0.9018996633597371,models/_pretrained_weights/SEA-RAFT-models/Tartan480x640-S.pth,SEA-RAFT (S)
HD1K,train,,K,Tartan-C-T-TSKH-kitti432x960-S.pth,EPE,0.2659221887588501,models/_pretrained_weights/SEA-RAFT-models/Tartan-C-T-TSKH-kitti432x960-S.pth,SEA-RAFT (S)
HD1K,train,,K,Tartan-C-T-TSKH-kitti432x960-S.pth,IR_{1px},0.9638304598732644,models/_pretrained_weights/SEA-RAFT-models/Tartan-C-T-TSKH-kitti432x960-S.pth,SEA-RAFT (S)
HD1K,train,,K,Tartan-C-T-TSKH-kitti432x960-S.pth,IR_{3px},0.9917761827960808,models/_pretrained_weights/SEA-RAFT-models/Tartan-C-T-TSKH-kitti432x960-S.pth,SEA-RAFT (S)
HD1K,train,,K,Tartan-C-T-TSKH-kitti432x960-S.pth,IR_{5px},0.9974453937441198,models/_pretrained_weights/SEA-RAFT-models/Tartan-C-T-TSKH-kitti432x960-S.pth,SEA-RAFT (S)
HD1K,train,,K,Tartan-C-T-TSKH-kitti432x960-S.pth,fl-kitti,0.0082238008746997,models/_pretrained_weights/SEA-RAFT-models/Tartan-C-T-TSKH-kitti432x960-S.pth,SEA-RAFT (S)
HD1K,train,,K,Tartan-C-T-TSKH-kitti432x960-S.pth,MSE,0.3610293269157409,models/_pretrained_weights/SEA-RAFT-models/Tartan-C-T-TSKH-kitti432x960-S.pth,SEA-RAFT (S)
HD1K,train,,K,Tartan-C-T-TSKH-kitti432x960-S.pth,WAUC,0.919988893215955,models/_pretrained_weights/SEA-RAFT-models/Tartan-C-T-TSKH-kitti432x960-S.pth,SEA-RAFT (S)
HD1K,train,,S,Tartan-C-T-TSKH432x960-S.pth,EPE,0.1906286776065826,models/_pretrained_weights/SEA-RAFT-models/Tartan-C-T-TSKH432x960-S.pth,SEA-RAFT (S)
HD1K,train,,S,Tartan-C-T-TSKH432x960-S.pth,IR_{1px},0.980358533276594,models/_pretrained_weights/SEA-RAFT-models/Tartan-C-T-TSKH432x960-S.pth,SEA-RAFT (S)
HD1K,train,,S,Tartan-C-T-TSKH432x960-S.pth,IR_{3px},0.9979625983956674,models/_pretrained_weights/SEA-RAFT-models/Tartan-C-T-TSKH432x960-S.pth,SEA-RAFT (S)
HD1K,train,,S,Tartan-C-T-TSKH432x960-S.pth,IR_{5px},0.999603343823624,models/_pretrained_weights/SEA-RAFT-models/Tartan-C-T-TSKH432x960-S.pth,SEA-RAFT (S)
HD1K,train,,S,Tartan-C-T-TSKH432x960-S.pth,fl-kitti,0.0020373995657809,models/_pretrained_weights/SEA-RAFT-models/Tartan-C-T-TSKH432x960-S.pth,SEA-RAFT (S)
HD1K,train,,S,Tartan-C-T-TSKH432x960-S.pth,MSE,0.0695562362670898,models/_pretrained_weights/SEA-RAFT-models/Tartan-C-T-TSKH432x960-S.pth,SEA-RAFT (S)
HD1K,train,,S,Tartan-C-T-TSKH432x960-S.pth,WAUC,0.939041514414354,models/_pretrained_weights/SEA-RAFT-models/Tartan-C-T-TSKH432x960-S.pth,SEA-RAFT (S)
HD1K,train,,C+T,Tartan-C-T432x960-S.pth,EPE,0.3805086612701416,models/_pretrained_weights/SEA-RAFT-models/Tartan-C-T432x960-S.pth,SEA-RAFT (S)
HD1K,train,,C+T,Tartan-C-T432x960-S.pth,IR_{1px},0.9367978850142954,models/_pretrained_weights/SEA-RAFT-models/Tartan-C-T432x960-S.pth,SEA-RAFT (S)
HD1K,train,,C+T,Tartan-C-T432x960-S.pth,IR_{3px},0.9848608960499378,models/_pretrained_weights/SEA-RAFT-models/Tartan-C-T432x960-S.pth,SEA-RAFT (S)
HD1K,train,,C+T,Tartan-C-T432x960-S.pth,IR_{5px},0.9937561458357956,models/_pretrained_weights/SEA-RAFT-models/Tartan-C-T432x960-S.pth,SEA-RAFT (S)
HD1K,train,,C+T,Tartan-C-T432x960-S.pth,fl-kitti,0.0151391039500622,models/_pretrained_weights/SEA-RAFT-models/Tartan-C-T432x960-S.pth,SEA-RAFT (S)
HD1K,train,,C+T,Tartan-C-T432x960-S.pth,MSE,1.00618314743042,models/_pretrained_weights/SEA-RAFT-models/Tartan-C-T432x960-S.pth,SEA-RAFT (S)
HD1K,train,,C+T,Tartan-C-T432x960-S.pth,WAUC,0.8930387375084661,models/_pretrained_weights/SEA-RAFT-models/Tartan-C-T432x960-S.pth,SEA-RAFT (S)
HD1K,train,,C,Tartan-C368x496-S.pth,EPE,0.9877495169639589,models/_pretrained_weights/SEA-RAFT-models/Tartan-C368x496-S.pth,SEA-RAFT (S)
HD1K,train,,C,Tartan-C368x496-S.pth,IR_{1px},0.7281291732860355,models/_pretrained_weights/SEA-RAFT-models/Tartan-C368x496-S.pth,SEA-RAFT (S)
HD1K,train,,C,Tartan-C368x496-S.pth,IR_{3px},0.9413876296046756,models/_pretrained_weights/SEA-RAFT-models/Tartan-C368x496-S.pth,SEA-RAFT (S)
HD1K,train,,C,Tartan-C368x496-S.pth,IR_{5px},0.9770115756194044,models/_pretrained_weights/SEA-RAFT-models/Tartan-C368x496-S.pth,SEA-RAFT (S)
HD1K,train,,C,Tartan-C368x496-S.pth,fl-kitti,0.0586123663182214,models/_pretrained_weights/SEA-RAFT-models/Tartan-C368x496-S.pth,SEA-RAFT (S)
HD1K,train,,C,Tartan-C368x496-S.pth,MSE,2.4861316680908203,models/_pretrained_weights/SEA-RAFT-models/Tartan-C368x496-S.pth,SEA-RAFT (S)
HD1K,train,,C,Tartan-C368x496-S.pth,WAUC,0.7352215193413028,models/_pretrained_weights/SEA-RAFT-models/Tartan-C368x496-S.pth,SEA-RAFT (S)
HD1K,train,,mixed,Tartan-C-T-TSKH-spring540x960-S.pth,EPE,0.3989467024803161,models/_pretrained_weights/SEA-RAFT-models/Tartan-C-T-TSKH-spring540x960-S.pth,SEA-RAFT (S)
HD1K,train,,mixed,Tartan-C-T-TSKH-spring540x960-S.pth,IR_{1px},0.9332130699673624,models/_pretrained_weights/SEA-RAFT-models/Tartan-C-T-TSKH-spring540x960-S.pth,SEA-RAFT (S)
HD1K,train,,mixed,Tartan-C-T-TSKH-spring540x960-S.pth,IR_{3px},0.9836614414231444,models/_pretrained_weights/SEA-RAFT-models/Tartan-C-T-TSKH-spring540x960-S.pth,SEA-RAFT (S)
HD1K,train,,mixed,Tartan-C-T-TSKH-spring540x960-S.pth,IR_{5px},0.9928463468769188,models/_pretrained_weights/SEA-RAFT-models/Tartan-C-T-TSKH-spring540x960-S.pth,SEA-RAFT (S)
HD1K,train,,mixed,Tartan-C-T-TSKH-spring540x960-S.pth,fl-kitti,0.0163385565383041,models/_pretrained_weights/SEA-RAFT-models/Tartan-C-T-TSKH-spring540x960-S.pth,SEA-RAFT (S)
HD1K,train,,mixed,Tartan-C-T-TSKH-spring540x960-S.pth,MSE,1.8207210302352903,models/_pretrained_weights/SEA-RAFT-models/Tartan-C-T-TSKH-spring540x960-S.pth,SEA-RAFT (S)
HD1K,train,,mixed,Tartan-C-T-TSKH-spring540x960-S.pth,WAUC,0.8939750006158134,models/_pretrained_weights/SEA-RAFT-models/Tartan-C-T-TSKH-spring540x960-S.pth,SEA-RAFT (S)
HD1K,train,,C+T,FlowNet2-S_checkpoint.pth.tar,EPE,1.7858450412750244,models/_pretrained_weights/FlowNet/FlowNet2-S_checkpoint.pth.tar,FlowNet2S
HD1K,train,,C+T,FlowNet2-S_checkpoint.pth.tar,IR_{1px},0.6141558408275399,models/_pretrained_weights/FlowNet/FlowNet2-S_checkpoint.pth.tar,FlowNet2S
HD1K,train,,C+T,FlowNet2-S_checkpoint.pth.tar,IR_{3px},0.8571564631932485,models/_pretrained_weights/FlowNet/FlowNet2-S_checkpoint.pth.tar,FlowNet2S
HD1K,train,,C+T,FlowNet2-S_checkpoint.pth.tar,IR_{5px},0.9180494846485276,models/_pretrained_weights/FlowNet/FlowNet2-S_checkpoint.pth.tar,FlowNet2S
HD1K,train,,C+T,FlowNet2-S_checkpoint.pth.tar,fl-kitti,0.1428435368067516,models/_pretrained_weights/FlowNet/FlowNet2-S_checkpoint.pth.tar,FlowNet2S
HD1K,train,,C+T,FlowNet2-S_checkpoint.pth.tar,MSE,6.915523052215576,models/_pretrained_weights/FlowNet/FlowNet2-S_checkpoint.pth.tar,FlowNet2S
HD1K,train,,C+T,FlowNet2-S_checkpoint.pth.tar,WAUC,0.6203972564957685,models/_pretrained_weights/FlowNet/FlowNet2-S_checkpoint.pth.tar,FlowNet2S
HD1K,train,,C+T,skflow-things.pth,EPE,0.4462105929851532,models/_pretrained_weights/skflow_weights/skflow-things.pth,SKFlow
HD1K,train,,C+T,skflow-things.pth,IR_{1px},0.9200445196740772,models/_pretrained_weights/skflow_weights/skflow-things.pth,SKFlow
HD1K,train,,C+T,skflow-things.pth,IR_{3px},0.9812243301136984,models/_pretrained_weights/skflow_weights/skflow-things.pth,SKFlow
HD1K,train,,C+T,skflow-things.pth,IR_{5px},0.9920563185264488,models/_pretrained_weights/skflow_weights/skflow-things.pth,SKFlow
HD1K,train,,C+T,skflow-things.pth,fl-kitti,0.0187756698863017,models/_pretrained_weights/skflow_weights/skflow-things.pth,SKFlow
HD1K,train,,C+T,skflow-things.pth,MSE,1.205083966255188,models/_pretrained_weights/skflow_weights/skflow-things.pth,SKFlow
HD1K,train,,C+T,skflow-things.pth,WAUC,0.8765065713028499,models/_pretrained_weights/skflow_weights/skflow-things.pth,SKFlow
HD1K,train,,K,skflow-kitti.pth,EPE,0.4382030367851257,models/_pretrained_weights/skflow_weights/skflow-kitti.pth,SKFlow
HD1K,train,,K,skflow-kitti.pth,IR_{1px},0.929201075387324,models/_pretrained_weights/skflow_weights/skflow-kitti.pth,SKFlow
HD1K,train,,K,skflow-kitti.pth,IR_{3px},0.9811290975251984,models/_pretrained_weights/skflow_weights/skflow-kitti.pth,SKFlow
HD1K,train,,K,skflow-kitti.pth,IR_{5px},0.9912500057054034,models/_pretrained_weights/skflow_weights/skflow-kitti.pth,SKFlow
HD1K,train,,K,skflow-kitti.pth,fl-kitti,0.0188708963320469,models/_pretrained_weights/skflow_weights/skflow-kitti.pth,SKFlow
HD1K,train,,K,skflow-kitti.pth,MSE,1.095184087753296,models/_pretrained_weights/skflow_weights/skflow-kitti.pth,SKFlow
HD1K,train,,K,skflow-kitti.pth,WAUC,0.8791596738455286,models/_pretrained_weights/skflow_weights/skflow-kitti.pth,SKFlow
HD1K,train,,S,skflow-sintel.pth,EPE,0.3107840418815613,models/_pretrained_weights/skflow_weights/skflow-sintel.pth,SKFlow
HD1K,train,,S,skflow-sintel.pth,IR_{1px},0.954476777136529,models/_pretrained_weights/skflow_weights/skflow-sintel.pth,SKFlow
HD1K,train,,S,skflow-sintel.pth,IR_{3px},0.9927720356113952,models/_pretrained_weights/skflow_weights/skflow-sintel.pth,SKFlow
HD1K,train,,S,skflow-sintel.pth,IR_{5px},0.997089449061814,models/_pretrained_weights/skflow_weights/skflow-sintel.pth,SKFlow
HD1K,train,,S,skflow-sintel.pth,fl-kitti,0.0072279643886047,models/_pretrained_weights/skflow_weights/skflow-sintel.pth,SKFlow
HD1K,train,,S,skflow-sintel.pth,MSE,1.2049126625061035,models/_pretrained_weights/skflow_weights/skflow-sintel.pth,SKFlow
HD1K,train,,S,skflow-sintel.pth,WAUC,0.9079250357221976,models/_pretrained_weights/skflow_weights/skflow-sintel.pth,SKFlow
HD1K,train,,C,Tartan-C368x496-M.pth,EPE,0.8889970779418945,models/_pretrained_weights/SEA-RAFT-models/Tartan-C368x496-M.pth,SEA-RAFT (M)
HD1K,train,,C,Tartan-C368x496-M.pth,IR_{1px},0.7852200047722562,models/_pretrained_weights/SEA-RAFT-models/Tartan-C368x496-M.pth,SEA-RAFT (M)
HD1K,train,,C,Tartan-C368x496-M.pth,IR_{3px},0.9600781855028828,models/_pretrained_weights/SEA-RAFT-models/Tartan-C368x496-M.pth,SEA-RAFT (M)
HD1K,train,,C,Tartan-C368x496-M.pth,IR_{5px},0.9805462488165878,models/_pretrained_weights/SEA-RAFT-models/Tartan-C368x496-M.pth,SEA-RAFT (M)
HD1K,train,,C,Tartan-C368x496-M.pth,fl-kitti,0.0399218104200139,models/_pretrained_weights/SEA-RAFT-models/Tartan-C368x496-M.pth,SEA-RAFT (M)
HD1K,train,,C,Tartan-C368x496-M.pth,MSE,2.6599905490875244,models/_pretrained_weights/SEA-RAFT-models/Tartan-C368x496-M.pth,SEA-RAFT (M)
HD1K,train,,C,Tartan-C368x496-M.pth,WAUC,0.7644963642321353,models/_pretrained_weights/SEA-RAFT-models/Tartan-C368x496-M.pth,SEA-RAFT (M)
HD1K,train,,S,Tartan-C-T-TSKH432x960-M.pth,EPE,0.1856577396392822,models/_pretrained_weights/SEA-RAFT-models/Tartan-C-T-TSKH432x960-M.pth,SEA-RAFT (M)
HD1K,train,,S,Tartan-C-T-TSKH432x960-M.pth,IR_{1px},0.9811708441917298,models/_pretrained_weights/SEA-RAFT-models/Tartan-C-T-TSKH432x960-M.pth,SEA-RAFT (M)
HD1K,train,,S,Tartan-C-T-TSKH432x960-M.pth,IR_{3px},0.9979500375227128,models/_pretrained_weights/SEA-RAFT-models/Tartan-C-T-TSKH432x960-M.pth,SEA-RAFT (M)
HD1K,train,,S,Tartan-C-T-TSKH432x960-M.pth,IR_{5px},0.9996224863932652,models/_pretrained_weights/SEA-RAFT-models/Tartan-C-T-TSKH432x960-M.pth,SEA-RAFT (M)
HD1K,train,,S,Tartan-C-T-TSKH432x960-M.pth,fl-kitti,0.0020499624772872,models/_pretrained_weights/SEA-RAFT-models/Tartan-C-T-TSKH432x960-M.pth,SEA-RAFT (M)
HD1K,train,,S,Tartan-C-T-TSKH432x960-M.pth,MSE,0.0669932812452316,models/_pretrained_weights/SEA-RAFT-models/Tartan-C-T-TSKH432x960-M.pth,SEA-RAFT (M)
HD1K,train,,S,Tartan-C-T-TSKH432x960-M.pth,WAUC,0.9408397914425934,models/_pretrained_weights/SEA-RAFT-models/Tartan-C-T-TSKH432x960-M.pth,SEA-RAFT (M)
HD1K,train,,mixed,Tartan-C-T-TSKH-spring540x960-M.pth,EPE,0.3575934767723083,models/_pretrained_weights/SEA-RAFT-models/Tartan-C-T-TSKH-spring540x960-M.pth,SEA-RAFT (M)
HD1K,train,,mixed,Tartan-C-T-TSKH-spring540x960-M.pth,IR_{1px},0.9435223055262116,models/_pretrained_weights/SEA-RAFT-models/Tartan-C-T-TSKH-spring540x960-M.pth,SEA-RAFT (M)
HD1K,train,,mixed,Tartan-C-T-TSKH-spring540x960-M.pth,IR_{3px},0.9855445900452064,models/_pretrained_weights/SEA-RAFT-models/Tartan-C-T-TSKH-spring540x960-M.pth,SEA-RAFT (M)
HD1K,train,,mixed,Tartan-C-T-TSKH-spring540x960-M.pth,IR_{5px},0.9939183337175496,models/_pretrained_weights/SEA-RAFT-models/Tartan-C-T-TSKH-spring540x960-M.pth,SEA-RAFT (M)
HD1K,train,,mixed,Tartan-C-T-TSKH-spring540x960-M.pth,fl-kitti,0.0144554079123533,models/_pretrained_weights/SEA-RAFT-models/Tartan-C-T-TSKH-spring540x960-M.pth,SEA-RAFT (M)
HD1K,train,,mixed,Tartan-C-T-TSKH-spring540x960-M.pth,MSE,1.326555848121643,models/_pretrained_weights/SEA-RAFT-models/Tartan-C-T-TSKH-spring540x960-M.pth,SEA-RAFT (M)
HD1K,train,,mixed,Tartan-C-T-TSKH-spring540x960-M.pth,WAUC,0.9036972181253518,models/_pretrained_weights/SEA-RAFT-models/Tartan-C-T-TSKH-spring540x960-M.pth,SEA-RAFT (M)
HD1K,train,,tartan,Tartan480x640-M.pth,EPE,0.3308384716510772,models/_pretrained_weights/SEA-RAFT-models/Tartan480x640-M.pth,SEA-RAFT (M)
HD1K,train,,tartan,Tartan480x640-M.pth,IR_{1px},0.9485870808234816,models/_pretrained_weights/SEA-RAFT-models/Tartan480x640-M.pth,SEA-RAFT (M)
HD1K,train,,tartan,Tartan480x640-M.pth,IR_{3px},0.986634994648899,models/_pretrained_weights/SEA-RAFT-models/Tartan480x640-M.pth,SEA-RAFT (M)
HD1K,train,,tartan,Tartan480x640-M.pth,IR_{5px},0.9944065895039268,models/_pretrained_weights/SEA-RAFT-models/Tartan480x640-M.pth,SEA-RAFT (M)
HD1K,train,,tartan,Tartan480x640-M.pth,fl-kitti,0.013365005351101,models/_pretrained_weights/SEA-RAFT-models/Tartan480x640-M.pth,SEA-RAFT (M)
HD1K,train,,tartan,Tartan480x640-M.pth,MSE,0.7052397727966309,models/_pretrained_weights/SEA-RAFT-models/Tartan480x640-M.pth,SEA-RAFT (M)
HD1K,train,,tartan,Tartan480x640-M.pth,WAUC,0.906535136749158,models/_pretrained_weights/SEA-RAFT-models/Tartan480x640-M.pth,SEA-RAFT (M)
HD1K,train,,C+T,Tartan-C-T432x960-M.pth,EPE,0.3837599456310272,models/_pretrained_weights/SEA-RAFT-models/Tartan-C-T432x960-M.pth,SEA-RAFT (M)
HD1K,train,,C+T,Tartan-C-T432x960-M.pth,IR_{1px},0.9391548359482016,models/_pretrained_weights/SEA-RAFT-models/Tartan-C-T432x960-M.pth,SEA-RAFT (M)
HD1K,train,,C+T,Tartan-C-T432x960-M.pth,IR_{3px},0.9840591285988692,models/_pretrained_weights/SEA-RAFT-models/Tartan-C-T432x960-M.pth,SEA-RAFT (M)
HD1K,train,,C+T,Tartan-C-T432x960-M.pth,IR_{5px},0.9929045044247038,models/_pretrained_weights/SEA-RAFT-models/Tartan-C-T432x960-M.pth,SEA-RAFT (M)
HD1K,train,,C+T,Tartan-C-T432x960-M.pth,fl-kitti,0.0159408693625792,models/_pretrained_weights/SEA-RAFT-models/Tartan-C-T432x960-M.pth,SEA-RAFT (M)
HD1K,train,,C+T,Tartan-C-T432x960-M.pth,MSE,1.082489013671875,models/_pretrained_weights/SEA-RAFT-models/Tartan-C-T432x960-M.pth,SEA-RAFT (M)
HD1K,train,,C+T,Tartan-C-T432x960-M.pth,WAUC,0.8957837332843502,models/_pretrained_weights/SEA-RAFT-models/Tartan-C-T432x960-M.pth,SEA-RAFT (M)
HD1K,train,,K,Tartan-C-T-TSKH-kitti432x960-M.pth,EPE,0.2299962341785431,models/_pretrained_weights/SEA-RAFT-models/Tartan-C-T-TSKH-kitti432x960-M.pth,SEA-RAFT (M)
HD1K,train,,K,Tartan-C-T-TSKH-kitti432x960-M.pth,IR_{1px},0.9718047401824998,models/_pretrained_weights/SEA-RAFT-models/Tartan-C-T-TSKH-kitti432x960-M.pth,SEA-RAFT (M)
HD1K,train,,K,Tartan-C-T-TSKH-kitti432x960-M.pth,IR_{3px},0.9960191774343784,models/_pretrained_weights/SEA-RAFT-models/Tartan-C-T-TSKH-kitti432x960-M.pth,SEA-RAFT (M)
HD1K,train,,K,Tartan-C-T-TSKH-kitti432x960-M.pth,IR_{5px},0.9992737090179808,models/_pretrained_weights/SEA-RAFT-models/Tartan-C-T-TSKH-kitti432x960-M.pth,SEA-RAFT (M)
HD1K,train,,K,Tartan-C-T-TSKH-kitti432x960-M.pth,fl-kitti,0.00398081848463,models/_pretrained_weights/SEA-RAFT-models/Tartan-C-T-TSKH-kitti432x960-M.pth,SEA-RAFT (M)
HD1K,train,,K,Tartan-C-T-TSKH-kitti432x960-M.pth,MSE,0.1410018801689148,models/_pretrained_weights/SEA-RAFT-models/Tartan-C-T-TSKH-kitti432x960-M.pth,SEA-RAFT (M)
HD1K,train,,K,Tartan-C-T-TSKH-kitti432x960-M.pth,WAUC,0.9263632658249928,models/_pretrained_weights/SEA-RAFT-models/Tartan-C-T-TSKH-kitti432x960-M.pth,SEA-RAFT (M)
HD1K,train,,mixed,MemFlowNet_spring.pth,EPE,0.3616085648536682,models/_pretrained_weights/memflow_weights/MemFlowNet_spring.pth,MemFlow
HD1K,train,,mixed,MemFlowNet_spring.pth,IR_{1px},0.9427542384211224,models/_pretrained_weights/memflow_weights/MemFlowNet_spring.pth,MemFlow
HD1K,train,,mixed,MemFlowNet_spring.pth,IR_{3px},0.9872730032137575,models/_pretrained_weights/memflow_weights/MemFlowNet_spring.pth,MemFlow
HD1K,train,,mixed,MemFlowNet_spring.pth,IR_{5px},0.9948473828315494,models/_pretrained_weights/memflow_weights/MemFlowNet_spring.pth,MemFlow
HD1K,train,,mixed,MemFlowNet_spring.pth,fl-kitti,0.0127269927091392,models/_pretrained_weights/memflow_weights/MemFlowNet_spring.pth,MemFlow
HD1K,train,,mixed,MemFlowNet_spring.pth,MSE,1.6573439836502075,models/_pretrained_weights/memflow_weights/MemFlowNet_spring.pth,MemFlow
HD1K,train,,mixed,MemFlowNet_spring.pth,WAUC,0.8998209604047991,models/_pretrained_weights/memflow_weights/MemFlowNet_spring.pth,MemFlow
HD1K,train,,S,MemFlowNet_sintel.pth,EPE,0.2728643715381622,models/_pretrained_weights/memflow_weights/MemFlowNet_sintel.pth,MemFlow
HD1K,train,,S,MemFlowNet_sintel.pth,IR_{1px},0.9646569814996846,models/_pretrained_weights/memflow_weights/MemFlowNet_sintel.pth,MemFlow
HD1K,train,,S,MemFlowNet_sintel.pth,IR_{3px},0.9951410516722664,models/_pretrained_weights/memflow_weights/MemFlowNet_sintel.pth,MemFlow
HD1K,train,,S,MemFlowNet_sintel.pth,IR_{5px},0.9982843506368902,models/_pretrained_weights/memflow_weights/MemFlowNet_sintel.pth,MemFlow
HD1K,train,,S,MemFlowNet_sintel.pth,fl-kitti,0.0048589483277338,models/_pretrained_weights/memflow_weights/MemFlowNet_sintel.pth,MemFlow
HD1K,train,,S,MemFlowNet_sintel.pth,MSE,1.0882450342178345,models/_pretrained_weights/memflow_weights/MemFlowNet_sintel.pth,MemFlow
HD1K,train,,S,MemFlowNet_sintel.pth,WAUC,0.9175284131430048,models/_pretrained_weights/memflow_weights/MemFlowNet_sintel.pth,MemFlow
HD1K,train,,K,MemFlowNet_kitti.pth,EPE,0.4160283207893371,models/_pretrained_weights/memflow_weights/MemFlowNet_kitti.pth,MemFlow
HD1K,train,,K,MemFlowNet_kitti.pth,IR_{1px},0.9345588248359034,models/_pretrained_weights/memflow_weights/MemFlowNet_kitti.pth,MemFlow
HD1K,train,,K,MemFlowNet_kitti.pth,IR_{3px},0.9816441144167036,models/_pretrained_weights/memflow_weights/MemFlowNet_kitti.pth,MemFlow
HD1K,train,,K,MemFlowNet_kitti.pth,IR_{5px},0.99107983792392,models/_pretrained_weights/memflow_weights/MemFlowNet_kitti.pth,MemFlow
HD1K,train,,K,MemFlowNet_kitti.pth,fl-kitti,0.018355873357709,models/_pretrained_weights/memflow_weights/MemFlowNet_kitti.pth,MemFlow
HD1K,train,,K,MemFlowNet_kitti.pth,MSE,0.9174930453300476,models/_pretrained_weights/memflow_weights/MemFlowNet_kitti.pth,MemFlow
HD1K,train,,K,MemFlowNet_kitti.pth,WAUC,0.8863153892783218,models/_pretrained_weights/memflow_weights/MemFlowNet_kitti.pth,MemFlow
HD1K,train,,C+T,MemFlowNet_things.pth,EPE,0.426205039024353,models/_pretrained_weights/memflow_weights/MemFlowNet_things.pth,MemFlow
HD1K,train,,C+T,MemFlowNet_things.pth,IR_{1px},0.9348721929278462,models/_pretrained_weights/memflow_weights/MemFlowNet_things.pth,MemFlow
HD1K,train,,C+T,MemFlowNet_things.pth,IR_{3px},0.9833448965675384,models/_pretrained_weights/memflow_weights/MemFlowNet_things.pth,MemFlow
HD1K,train,,C+T,MemFlowNet_things.pth,IR_{5px},0.9925541040827854,models/_pretrained_weights/memflow_weights/MemFlowNet_things.pth,MemFlow
HD1K,train,,C+T,MemFlowNet_things.pth,fl-kitti,0.0166551034324617,models/_pretrained_weights/memflow_weights/MemFlowNet_things.pth,MemFlow
HD1K,train,,C+T,MemFlowNet_things.pth,MSE,2.4357476234436035,models/_pretrained_weights/memflow_weights/MemFlowNet_things.pth,MemFlow
HD1K,train,,C+T,MemFlowNet_things.pth,WAUC,0.8888327640309187,models/_pretrained_weights/memflow_weights/MemFlowNet_things.pth,MemFlow
HD1K,train,,C+T,gmflow-scale2-regrefine6-things-776ed612.pth,EPE,0.4633114337921142,models/_pretrained_weights/unimatch_weights/gmflow-scale2-regrefine6-things-776ed612.pth,GMFlow+
HD1K,train,,C+T,gmflow-scale2-regrefine6-things-776ed612.pth,IR_{1px},0.9235596033800508,models/_pretrained_weights/unimatch_weights/gmflow-scale2-regrefine6-things-776ed612.pth,GMFlow+
HD1K,train,,C+T,gmflow-scale2-regrefine6-things-776ed612.pth,IR_{3px},0.9794235810615172,models/_pretrained_weights/unimatch_weights/gmflow-scale2-regrefine6-things-776ed612.pth,GMFlow+
HD1K,train,,C+T,gmflow-scale2-regrefine6-things-776ed612.pth,IR_{5px},0.9901373802224276,models/_pretrained_weights/unimatch_weights/gmflow-scale2-regrefine6-things-776ed612.pth,GMFlow+
HD1K,train,,C+T,gmflow-scale2-regrefine6-things-776ed612.pth,fl-kitti,0.0205764168999312,models/_pretrained_weights/unimatch_weights/gmflow-scale2-regrefine6-things-776ed612.pth,GMFlow+
HD1K,train,,C+T,gmflow-scale2-regrefine6-things-776ed612.pth,MSE,1.278786063194275,models/_pretrained_weights/unimatch_weights/gmflow-scale2-regrefine6-things-776ed612.pth,GMFlow+
HD1K,train,,C+T,gmflow-scale2-regrefine6-things-776ed612.pth,WAUC,0.8746018050141117,models/_pretrained_weights/unimatch_weights/gmflow-scale2-regrefine6-things-776ed612.pth,GMFlow+
HD1K,train,,S,gmflow-scale2-regrefine6-sintelft-6e39e2b9.pth,EPE,0.3264034390449524,models/_pretrained_weights/unimatch_weights/gmflow-scale2-regrefine6-sintelft-6e39e2b9.pth,GMFlow+
HD1K,train,,S,gmflow-scale2-regrefine6-sintelft-6e39e2b9.pth,IR_{1px},0.9498272927579636,models/_pretrained_weights/unimatch_weights/gmflow-scale2-regrefine6-sintelft-6e39e2b9.pth,GMFlow+
HD1K,train,,S,gmflow-scale2-regrefine6-sintelft-6e39e2b9.pth,IR_{3px},0.9884148291745224,models/_pretrained_weights/unimatch_weights/gmflow-scale2-regrefine6-sintelft-6e39e2b9.pth,GMFlow+
HD1K,train,,S,gmflow-scale2-regrefine6-sintelft-6e39e2b9.pth,IR_{5px},0.995935472918994,models/_pretrained_weights/unimatch_weights/gmflow-scale2-regrefine6-sintelft-6e39e2b9.pth,GMFlow+
HD1K,train,,S,gmflow-scale2-regrefine6-sintelft-6e39e2b9.pth,fl-kitti,0.0115851667483745,models/_pretrained_weights/unimatch_weights/gmflow-scale2-regrefine6-sintelft-6e39e2b9.pth,GMFlow+
HD1K,train,,S,gmflow-scale2-regrefine6-sintelft-6e39e2b9.pth,MSE,0.3248370289802551,models/_pretrained_weights/unimatch_weights/gmflow-scale2-regrefine6-sintelft-6e39e2b9.pth,GMFlow+
HD1K,train,,S,gmflow-scale2-regrefine6-sintelft-6e39e2b9.pth,WAUC,0.900155282954009,models/_pretrained_weights/unimatch_weights/gmflow-scale2-regrefine6-sintelft-6e39e2b9.pth,GMFlow+
HD1K,train,,mixed,gmflow-scale2-regrefine6-mixdata-train320x576-4e7b215d.pth,EPE,0.4255201816558838,models/_pretrained_weights/unimatch_weights/gmflow-scale2-regrefine6-mixdata-train320x576-4e7b215d.pth,GMFlow+
HD1K,train,,mixed,gmflow-scale2-regrefine6-mixdata-train320x576-4e7b215d.pth,IR_{1px},0.9422802056248444,models/_pretrained_weights/unimatch_weights/gmflow-scale2-regrefine6-mixdata-train320x576-4e7b215d.pth,GMFlow+
HD1K,train,,mixed,gmflow-scale2-regrefine6-mixdata-train320x576-4e7b215d.pth,IR_{3px},0.9879500015496776,models/_pretrained_weights/unimatch_weights/gmflow-scale2-regrefine6-mixdata-train320x576-4e7b215d.pth,GMFlow+
HD1K,train,,mixed,gmflow-scale2-regrefine6-mixdata-train320x576-4e7b215d.pth,IR_{5px},0.9958680050489288,models/_pretrained_weights/unimatch_weights/gmflow-scale2-regrefine6-mixdata-train320x576-4e7b215d.pth,GMFlow+
HD1K,train,,mixed,gmflow-scale2-regrefine6-mixdata-train320x576-4e7b215d.pth,fl-kitti,0.0120499964117709,models/_pretrained_weights/unimatch_weights/gmflow-scale2-regrefine6-mixdata-train320x576-4e7b215d.pth,GMFlow+
HD1K,train,,mixed,gmflow-scale2-regrefine6-mixdata-train320x576-4e7b215d.pth,MSE,0.3856983482837677,models/_pretrained_weights/unimatch_weights/gmflow-scale2-regrefine6-mixdata-train320x576-4e7b215d.pth,GMFlow+
HD1K,train,,mixed,gmflow-scale2-regrefine6-mixdata-train320x576-4e7b215d.pth,WAUC,0.8639296905526598,models/_pretrained_weights/unimatch_weights/gmflow-scale2-regrefine6-mixdata-train320x576-4e7b215d.pth,GMFlow+
HD1K,train,,K,gmflow-scale2-regrefine6-kitti15-25b554d7.pth,EPE,0.5380862951278687,models/_pretrained_weights/unimatch_weights/gmflow-scale2-regrefine6-kitti15-25b554d7.pth,GMFlow+
HD1K,train,,K,gmflow-scale2-regrefine6-kitti15-25b554d7.pth,IR_{1px},0.9062604796927808,models/_pretrained_weights/unimatch_weights/gmflow-scale2-regrefine6-kitti15-25b554d7.pth,GMFlow+
HD1K,train,,K,gmflow-scale2-regrefine6-kitti15-25b554d7.pth,IR_{3px},0.9734367689238048,models/_pretrained_weights/unimatch_weights/gmflow-scale2-regrefine6-kitti15-25b554d7.pth,GMFlow+
HD1K,train,,K,gmflow-scale2-regrefine6-kitti15-25b554d7.pth,IR_{5px},0.9862999078386334,models/_pretrained_weights/unimatch_weights/gmflow-scale2-regrefine6-kitti15-25b554d7.pth,GMFlow+
HD1K,train,,K,gmflow-scale2-regrefine6-kitti15-25b554d7.pth,fl-kitti,0.0265632310761951,models/_pretrained_weights/unimatch_weights/gmflow-scale2-regrefine6-kitti15-25b554d7.pth,GMFlow+
HD1K,train,,K,gmflow-scale2-regrefine6-kitti15-25b554d7.pth,MSE,1.2240207195281982,models/_pretrained_weights/unimatch_weights/gmflow-scale2-regrefine6-kitti15-25b554d7.pth,GMFlow+
HD1K,train,,K,gmflow-scale2-regrefine6-kitti15-25b554d7.pth,WAUC,0.8533632529403745,models/_pretrained_weights/unimatch_weights/gmflow-scale2-regrefine6-kitti15-25b554d7.pth,GMFlow+
HD1K,train,,S,sintel,EPE,0.3195216655731201,sintel,RPKNet
HD1K,train,,S,sintel,IR_{1px},0.9487100798713848,sintel,RPKNet
HD1K,train,,S,sintel,IR_{3px},0.9888161381239768,sintel,RPKNet
HD1K,train,,S,sintel,IR_{5px},0.9962134484217418,sintel,RPKNet
HD1K,train,,S,sintel,fl-kitti,0.0111838557603684,sintel,RPKNet
HD1K,train,,S,sintel,MSE,0.3810855150222778,sintel,RPKNet
HD1K,train,,S,sintel,WAUC,0.9033778295831458,sintel,RPKNet
HD1K,train,,C,chairs,EPE,1.0648165941238403,chairs,RPKNet
HD1K,train,,C,chairs,IR_{1px},0.742536763304734,chairs,RPKNet
HD1K,train,,C,chairs,IR_{3px},0.9336298924082588,chairs,RPKNet
HD1K,train,,C,chairs,IR_{5px},0.9712567739387028,chairs,RPKNet
HD1K,train,,C,chairs,fl-kitti,0.0663701075917411,chairs,RPKNet
HD1K,train,,C,chairs,MSE,3.962120771408081,chairs,RPKNet
HD1K,train,,C,chairs,WAUC,0.7423031089380154,chairs,RPKNet
HD1K,train,,K,kitti,EPE,0.3904048204421997,kitti,RPKNet
HD1K,train,,K,kitti,IR_{1px},0.9388708408245452,kitti,RPKNet
HD1K,train,,K,kitti,IR_{3px},0.9834245510966406,kitti,RPKNet
HD1K,train,,K,kitti,IR_{5px},0.9925116567793736,kitti,RPKNet
HD1K,train,,K,kitti,fl-kitti,0.0165754468609192,kitti,RPKNet
HD1K,train,,K,kitti,MSE,0.7368866205215454,kitti,RPKNet
HD1K,train,,K,kitti,WAUC,0.8898786482478241,kitti,RPKNet
HD1K,train,,C+T,things,EPE,0.5607571005821228,things,RPKNet
HD1K,train,,C+T,things,IR_{1px},0.9079028481629526,things,RPKNet
HD1K,train,,C+T,things,IR_{3px},0.973271765385908,things,RPKNet
HD1K,train,,C+T,things,IR_{5px},0.9855957027654738,things,RPKNet
HD1K,train,,C+T,things,fl-kitti,0.0267282305331003,things,RPKNet
HD1K,train,,C+T,things,MSE,2.3960750102996826,things,RPKNet
HD1K,train,,C+T,things,WAUC,0.8657771395860883,things,RPKNet
HD1K,train,,C,Tartan-C368x496-M.pth,EPE,1.0260329246520996,models/_pretrained_weights/SEA-RAFT-models/Tartan-C368x496-M.pth,SEA-RAFT (L)
HD1K,train,,C,Tartan-C368x496-M.pth,IR_{1px},0.740176204370344,models/_pretrained_weights/SEA-RAFT-models/Tartan-C368x496-M.pth,SEA-RAFT (L)
HD1K,train,,C,Tartan-C368x496-M.pth,IR_{3px},0.9492375845152404,models/_pretrained_weights/SEA-RAFT-models/Tartan-C368x496-M.pth,SEA-RAFT (L)
HD1K,train,,C,Tartan-C368x496-M.pth,IR_{5px},0.9762601463796988,models/_pretrained_weights/SEA-RAFT-models/Tartan-C368x496-M.pth,SEA-RAFT (L)
HD1K,train,,C,Tartan-C368x496-M.pth,fl-kitti,0.0507624154847595,models/_pretrained_weights/SEA-RAFT-models/Tartan-C368x496-M.pth,SEA-RAFT (L)
HD1K,train,,C,Tartan-C368x496-M.pth,MSE,3.474121570587158,models/_pretrained_weights/SEA-RAFT-models/Tartan-C368x496-M.pth,SEA-RAFT (L)
HD1K,train,,C,Tartan-C368x496-M.pth,WAUC,0.7402228384403761,models/_pretrained_weights/SEA-RAFT-models/Tartan-C368x496-M.pth,SEA-RAFT (L)
HD1K,train,,S,Tartan-C-T-TSKH432x960-M.pth,EPE,0.1867776811122894,models/_pretrained_weights/SEA-RAFT-models/Tartan-C-T-TSKH432x960-M.pth,SEA-RAFT (L)
HD1K,train,,S,Tartan-C-T-TSKH432x960-M.pth,IR_{1px},0.9809943860234592,models/_pretrained_weights/SEA-RAFT-models/Tartan-C-T-TSKH432x960-M.pth,SEA-RAFT (L)
HD1K,train,,S,Tartan-C-T-TSKH432x960-M.pth,IR_{3px},0.9978630943278344,models/_pretrained_weights/SEA-RAFT-models/Tartan-C-T-TSKH432x960-M.pth,SEA-RAFT (L)
HD1K,train,,S,Tartan-C-T-TSKH432x960-M.pth,IR_{5px},0.9995962751601172,models/_pretrained_weights/SEA-RAFT-models/Tartan-C-T-TSKH432x960-M.pth,SEA-RAFT (L)
HD1K,train,,S,Tartan-C-T-TSKH432x960-M.pth,fl-kitti,0.0021369056721656,models/_pretrained_weights/SEA-RAFT-models/Tartan-C-T-TSKH432x960-M.pth,SEA-RAFT (L)
HD1K,train,,S,Tartan-C-T-TSKH432x960-M.pth,MSE,0.0681900307536125,models/_pretrained_weights/SEA-RAFT-models/Tartan-C-T-TSKH432x960-M.pth,SEA-RAFT (L)
HD1K,train,,S,Tartan-C-T-TSKH432x960-M.pth,WAUC,0.9404920826383074,models/_pretrained_weights/SEA-RAFT-models/Tartan-C-T-TSKH432x960-M.pth,SEA-RAFT (L)
HD1K,train,,mixed,Tartan-C-T-TSKH-spring540x960-M.pth,EPE,0.3466639220714569,models/_pretrained_weights/SEA-RAFT-models/Tartan-C-T-TSKH-spring540x960-M.pth,SEA-RAFT (L)
HD1K,train,,mixed,Tartan-C-T-TSKH-spring540x960-M.pth,IR_{1px},0.9450956430909612,models/_pretrained_weights/SEA-RAFT-models/Tartan-C-T-TSKH-spring540x960-M.pth,SEA-RAFT (L)
HD1K,train,,mixed,Tartan-C-T-TSKH-spring540x960-M.pth,IR_{3px},0.9861955400222108,models/_pretrained_weights/SEA-RAFT-models/Tartan-C-T-TSKH-spring540x960-M.pth,SEA-RAFT (L)
HD1K,train,,mixed,Tartan-C-T-TSKH-spring540x960-M.pth,IR_{5px},0.9943951275589312,models/_pretrained_weights/SEA-RAFT-models/Tartan-C-T-TSKH-spring540x960-M.pth,SEA-RAFT (L)
HD1K,train,,mixed,Tartan-C-T-TSKH-spring540x960-M.pth,fl-kitti,0.0138044579353489,models/_pretrained_weights/SEA-RAFT-models/Tartan-C-T-TSKH-spring540x960-M.pth,SEA-RAFT (L)
HD1K,train,,mixed,Tartan-C-T-TSKH-spring540x960-M.pth,MSE,1.2994550466537476,models/_pretrained_weights/SEA-RAFT-models/Tartan-C-T-TSKH-spring540x960-M.pth,SEA-RAFT (L)
HD1K,train,,mixed,Tartan-C-T-TSKH-spring540x960-M.pth,WAUC,0.9051068053119956,models/_pretrained_weights/SEA-RAFT-models/Tartan-C-T-TSKH-spring540x960-M.pth,SEA-RAFT (L)
HD1K,train,,tartan,Tartan480x640-M.pth,EPE,0.3257973492145538,models/_pretrained_weights/SEA-RAFT-models/Tartan480x640-M.pth,SEA-RAFT (L)
HD1K,train,,tartan,Tartan480x640-M.pth,IR_{1px},0.9495794629977096,models/_pretrained_weights/SEA-RAFT-models/Tartan480x640-M.pth,SEA-RAFT (L)
HD1K,train,,tartan,Tartan480x640-M.pth,IR_{3px},0.9871227040781052,models/_pretrained_weights/SEA-RAFT-models/Tartan480x640-M.pth,SEA-RAFT (L)
HD1K,train,,tartan,Tartan480x640-M.pth,IR_{5px},0.994728320786934,models/_pretrained_weights/SEA-RAFT-models/Tartan480x640-M.pth,SEA-RAFT (L)
HD1K,train,,tartan,Tartan480x640-M.pth,fl-kitti,0.0128772959218948,models/_pretrained_weights/SEA-RAFT-models/Tartan480x640-M.pth,SEA-RAFT (L)
HD1K,train,,tartan,Tartan480x640-M.pth,MSE,0.692264974117279,models/_pretrained_weights/SEA-RAFT-models/Tartan480x640-M.pth,SEA-RAFT (L)
HD1K,train,,tartan,Tartan480x640-M.pth,WAUC,0.907561626039974,models/_pretrained_weights/SEA-RAFT-models/Tartan480x640-M.pth,SEA-RAFT (L)
HD1K,train,,C+T,Tartan-C-T432x960-M.pth,EPE,0.3745824098587036,models/_pretrained_weights/SEA-RAFT-models/Tartan-C-T432x960-M.pth,SEA-RAFT (L)
HD1K,train,,C+T,Tartan-C-T432x960-M.pth,IR_{1px},0.9392469830883106,models/_pretrained_weights/SEA-RAFT-models/Tartan-C-T432x960-M.pth,SEA-RAFT (L)
HD1K,train,,C+T,Tartan-C-T432x960-M.pth,IR_{3px},0.9850442759809828,models/_pretrained_weights/SEA-RAFT-models/Tartan-C-T432x960-M.pth,SEA-RAFT (L)
HD1K,train,,C+T,Tartan-C-T432x960-M.pth,IR_{5px},0.9936648969386008,models/_pretrained_weights/SEA-RAFT-models/Tartan-C-T432x960-M.pth,SEA-RAFT (L)
HD1K,train,,C+T,Tartan-C-T432x960-M.pth,fl-kitti,0.014955721986759,models/_pretrained_weights/SEA-RAFT-models/Tartan-C-T432x960-M.pth,SEA-RAFT (L)
HD1K,train,,C+T,Tartan-C-T432x960-M.pth,MSE,0.9731935262680054,models/_pretrained_weights/SEA-RAFT-models/Tartan-C-T432x960-M.pth,SEA-RAFT (L)
HD1K,train,,C+T,Tartan-C-T432x960-M.pth,WAUC,0.8959434392697064,models/_pretrained_weights/SEA-RAFT-models/Tartan-C-T432x960-M.pth,SEA-RAFT (L)
HD1K,train,,K,Tartan-C-T-TSKH-kitti432x960-M.pth,EPE,0.2317868620157241,models/_pretrained_weights/SEA-RAFT-models/Tartan-C-T-TSKH-kitti432x960-M.pth,SEA-RAFT (L)
HD1K,train,,K,Tartan-C-T-TSKH-kitti432x960-M.pth,IR_{1px},0.971460487816079,models/_pretrained_weights/SEA-RAFT-models/Tartan-C-T-TSKH-kitti432x960-M.pth,SEA-RAFT (L)
HD1K,train,,K,Tartan-C-T-TSKH-kitti432x960-M.pth,IR_{3px},0.995445294202988,models/_pretrained_weights/SEA-RAFT-models/Tartan-C-T-TSKH-kitti432x960-M.pth,SEA-RAFT (L)
HD1K,train,,K,Tartan-C-T-TSKH-kitti432x960-M.pth,IR_{5px},0.9990818218541117,models/_pretrained_weights/SEA-RAFT-models/Tartan-C-T-TSKH-kitti432x960-M.pth,SEA-RAFT (L)
HD1K,train,,K,Tartan-C-T-TSKH-kitti432x960-M.pth,fl-kitti,0.0045547037584602,models/_pretrained_weights/SEA-RAFT-models/Tartan-C-T-TSKH-kitti432x960-M.pth,SEA-RAFT (L)
HD1K,train,,K,Tartan-C-T-TSKH-kitti432x960-M.pth,MSE,0.1243935003876686,models/_pretrained_weights/SEA-RAFT-models/Tartan-C-T-TSKH-kitti432x960-M.pth,SEA-RAFT (L)
HD1K,train,,K,Tartan-C-T-TSKH-kitti432x960-M.pth,WAUC,0.9259333031231648,models/_pretrained_weights/SEA-RAFT-models/Tartan-C-T-TSKH-kitti432x960-M.pth,SEA-RAFT (L)
HD1K,train,,C+T,gmflow-scale1-things-e9887eda.pth,EPE,1.3771690130233765,models/_pretrained_weights/unimatch_weights/gmflow-scale1-things-e9887eda.pth,GMFlow+ (s1)
HD1K,train,,C+T,gmflow-scale1-things-e9887eda.pth,IR_{1px},0.7138368975928223,models/_pretrained_weights/unimatch_weights/gmflow-scale1-things-e9887eda.pth,GMFlow+ (s1)
HD1K,train,,C+T,gmflow-scale1-things-e9887eda.pth,IR_{3px},0.8952753470785967,models/_pretrained_weights/unimatch_weights/gmflow-scale1-things-e9887eda.pth,GMFlow+ (s1)
HD1K,train,,C+T,gmflow-scale1-things-e9887eda.pth,IR_{5px},0.9410859826914444,models/_pretrained_weights/unimatch_weights/gmflow-scale1-things-e9887eda.pth,GMFlow+ (s1)
HD1K,train,,C+T,gmflow-scale1-things-e9887eda.pth,fl-kitti,0.1047246529214032,models/_pretrained_weights/unimatch_weights/gmflow-scale1-things-e9887eda.pth,GMFlow+ (s1)
HD1K,train,,C+T,gmflow-scale1-things-e9887eda.pth,MSE,4.96464204788208,models/_pretrained_weights/unimatch_weights/gmflow-scale1-things-e9887eda.pth,GMFlow+ (s1)
HD1K,train,,C+T,gmflow-scale1-things-e9887eda.pth,WAUC,0.6782006965937619,models/_pretrained_weights/unimatch_weights/gmflow-scale1-things-e9887eda.pth,GMFlow+ (s1)
HD1K,train,,mixed,gmflow-scale1-mixdata-train320x576-4c3a6e9a.pth,EPE,1.179676532745361,models/_pretrained_weights/unimatch_weights/gmflow-scale1-mixdata-train320x576-4c3a6e9a.pth,GMFlow+ (s1)
HD1K,train,,mixed,gmflow-scale1-mixdata-train320x576-4c3a6e9a.pth,IR_{1px},0.4769567697452565,models/_pretrained_weights/unimatch_weights/gmflow-scale1-mixdata-train320x576-4c3a6e9a.pth,GMFlow+ (s1)
HD1K,train,,mixed,gmflow-scale1-mixdata-train320x576-4c3a6e9a.pth,IR_{3px},0.9725931860312044,models/_pretrained_weights/unimatch_weights/gmflow-scale1-mixdata-train320x576-4c3a6e9a.pth,GMFlow+ (s1)
HD1K,train,,mixed,gmflow-scale1-mixdata-train320x576-4c3a6e9a.pth,IR_{5px},0.9916407833026676,models/_pretrained_weights/unimatch_weights/gmflow-scale1-mixdata-train320x576-4c3a6e9a.pth,GMFlow+ (s1)
HD1K,train,,mixed,gmflow-scale1-mixdata-train320x576-4c3a6e9a.pth,fl-kitti,0.0274068139687955,models/_pretrained_weights/unimatch_weights/gmflow-scale1-mixdata-train320x576-4c3a6e9a.pth,GMFlow+ (s1)
HD1K,train,,mixed,gmflow-scale1-mixdata-train320x576-4c3a6e9a.pth,MSE,1.166536569595337,models/_pretrained_weights/unimatch_weights/gmflow-scale1-mixdata-train320x576-4c3a6e9a.pth,GMFlow+ (s1)
HD1K,train,,mixed,gmflow-scale1-mixdata-train320x576-4c3a6e9a.pth,WAUC,0.6220095581501025,models/_pretrained_weights/unimatch_weights/gmflow-scale1-mixdata-train320x576-4c3a6e9a.pth,GMFlow+ (s1)
HD1K,train,,C+T,matchflow-r-things.pth,EPE,0.4267717599868774,models/_pretrained_weights/matchflow_weights/matchflow-r/matchflow-r-things.pth,MatchFlow (R)
HD1K,train,,C+T,matchflow-r-things.pth,IR_{1px},0.9299589092361592,models/_pretrained_weights/matchflow_weights/matchflow-r/matchflow-r-things.pth,MatchFlow (R)
HD1K,train,,C+T,matchflow-r-things.pth,IR_{3px},0.9831965322702442,models/_pretrained_weights/matchflow_weights/matchflow-r/matchflow-r-things.pth,MatchFlow (R)
HD1K,train,,C+T,matchflow-r-things.pth,IR_{5px},0.9926751381743366,models/_pretrained_weights/matchflow_weights/matchflow-r/matchflow-r-things.pth,MatchFlow (R)
HD1K,train,,C+T,matchflow-r-things.pth,fl-kitti,0.0168034677297557,models/_pretrained_weights/matchflow_weights/matchflow-r/matchflow-r-things.pth,MatchFlow (R)
HD1K,train,,C+T,matchflow-r-things.pth,MSE,1.9164552688598635,models/_pretrained_weights/matchflow_weights/matchflow-r/matchflow-r-things.pth,MatchFlow (R)
HD1K,train,,C+T,matchflow-r-things.pth,WAUC,0.8846614506887285,models/_pretrained_weights/matchflow_weights/matchflow-r/matchflow-r-things.pth,MatchFlow (R)
Spring,train,,K,kitti.pth,EPE,2.1723380088806152,models/_pretrained_weights/FlowFormer-Models/kitti.pth,FlowFormer
Spring,train,,K,kitti.pth,IR_{1px},0.9105574030784556,models/_pretrained_weights/FlowFormer-Models/kitti.pth,FlowFormer
Spring,train,,K,kitti.pth,IR_{3px},0.9577550242192538,models/_pretrained_weights/FlowFormer-Models/kitti.pth,FlowFormer
Spring,train,,K,kitti.pth,IR_{5px},0.9684265921526156,models/_pretrained_weights/FlowFormer-Models/kitti.pth,FlowFormer
Spring,train,,K,kitti.pth,fl-kitti,0.0417493645049195,models/_pretrained_weights/FlowFormer-Models/kitti.pth,FlowFormer
Spring,train,,K,kitti.pth,MSE,133.8606414794922,models/_pretrained_weights/FlowFormer-Models/kitti.pth,FlowFormer
Spring,train,,K,kitti.pth,WAUC,0.8646170801375875,models/_pretrained_weights/FlowFormer-Models/kitti.pth,FlowFormer
Spring,train,,C,chairs.pth,EPE,1.0548601150512695,models/_pretrained_weights/FlowFormer-Models/chairs.pth,FlowFormer
Spring,train,,C,chairs.pth,IR_{1px},0.9235631247588902,models/_pretrained_weights/FlowFormer-Models/chairs.pth,FlowFormer
Spring,train,,C,chairs.pth,IR_{3px},0.9710893802887712,models/_pretrained_weights/FlowFormer-Models/chairs.pth,FlowFormer
Spring,train,,C,chairs.pth,IR_{5px},0.9821468683779312,models/_pretrained_weights/FlowFormer-Models/chairs.pth,FlowFormer
Spring,train,,C,chairs.pth,fl-kitti,0.028167619448124,models/_pretrained_weights/FlowFormer-Models/chairs.pth,FlowFormer
Spring,train,,C,chairs.pth,MSE,53.07708358764648,models/_pretrained_weights/FlowFormer-Models/chairs.pth,FlowFormer
Spring,train,,C,chairs.pth,WAUC,0.894360721339207,models/_pretrained_weights/FlowFormer-Models/chairs.pth,FlowFormer
Spring,train,,S,sintel.pth,EPE,0.6111674308776855,models/_pretrained_weights/FlowFormer-Models/sintel.pth,FlowFormer
Spring,train,,S,sintel.pth,IR_{1px},0.9613665293110738,models/_pretrained_weights/FlowFormer-Models/sintel.pth,FlowFormer
Spring,train,,S,sintel.pth,IR_{3px},0.984991282013682,models/_pretrained_weights/FlowFormer-Models/sintel.pth,FlowFormer
Spring,train,,S,sintel.pth,IR_{5px},0.9909154418024404,models/_pretrained_weights/FlowFormer-Models/sintel.pth,FlowFormer
Spring,train,,S,sintel.pth,fl-kitti,0.0142380613803516,models/_pretrained_weights/FlowFormer-Models/sintel.pth,FlowFormer
Spring,train,,S,sintel.pth,MSE,38.05612182617188,models/_pretrained_weights/FlowFormer-Models/sintel.pth,FlowFormer
Spring,train,,S,sintel.pth,WAUC,0.944403215646838,models/_pretrained_weights/FlowFormer-Models/sintel.pth,FlowFormer
Spring,train,,C+T,things.pth,EPE,0.5321201682090759,models/_pretrained_weights/FlowFormer-Models/things.pth,FlowFormer
Spring,train,,C+T,things.pth,IR_{1px},0.9600988255155284,models/_pretrained_weights/FlowFormer-Models/things.pth,FlowFormer
Spring,train,,C+T,things.pth,IR_{3px},0.9865002506571904,models/_pretrained_weights/FlowFormer-Models/things.pth,FlowFormer
Spring,train,,C+T,things.pth,IR_{5px},0.9916908419011397,models/_pretrained_weights/FlowFormer-Models/things.pth,FlowFormer
Spring,train,,C+T,things.pth,fl-kitti,0.0125059325305911,models/_pretrained_weights/FlowFormer-Models/things.pth,FlowFormer
Spring,train,,C+T,things.pth,MSE,32.11311721801758,models/_pretrained_weights/FlowFormer-Models/things.pth,FlowFormer
Spring,train,,C+T,things.pth,WAUC,0.9412793231554536,models/_pretrained_weights/FlowFormer-Models/things.pth,FlowFormer
Spring,train,,K,matchflow-g-kitti.pth,EPE,3.1419599056243896,models/_pretrained_weights/matchflow_weights/matchflow-g/matchflow-g-kitti.pth,MatchFlow (G)
Spring,train,,K,matchflow-g-kitti.pth,IR_{1px},0.7737622965976347,models/_pretrained_weights/matchflow_weights/matchflow-g/matchflow-g-kitti.pth,MatchFlow (G)
Spring,train,,K,matchflow-g-kitti.pth,IR_{3px},0.9124883197061168,models/_pretrained_weights/matchflow_weights/matchflow-g/matchflow-g-kitti.pth,MatchFlow (G)
Spring,train,,K,matchflow-g-kitti.pth,IR_{5px},0.9460789474480537,models/_pretrained_weights/matchflow_weights/matchflow-g/matchflow-g-kitti.pth,MatchFlow (G)
Spring,train,,K,matchflow-g-kitti.pth,fl-kitti,0.0869662616343551,models/_pretrained_weights/matchflow_weights/matchflow-g/matchflow-g-kitti.pth,MatchFlow (G)
Spring,train,,K,matchflow-g-kitti.pth,MSE,232.78797912597656,models/_pretrained_weights/matchflow_weights/matchflow-g/matchflow-g-kitti.pth,MatchFlow (G)
Spring,train,,K,matchflow-g-kitti.pth,WAUC,0.7604186686262923,models/_pretrained_weights/matchflow_weights/matchflow-g/matchflow-g-kitti.pth,MatchFlow (G)
Spring,train,,S,matchflow-g-sintel.pth,EPE,0.4823589622974396,models/_pretrained_weights/matchflow_weights/matchflow-g/matchflow-g-sintel.pth,MatchFlow (G)
Spring,train,,S,matchflow-g-sintel.pth,IR_{1px},0.9587029916927906,models/_pretrained_weights/matchflow_weights/matchflow-g/matchflow-g-sintel.pth,MatchFlow (G)
Spring,train,,S,matchflow-g-sintel.pth,IR_{3px},0.9860944387033224,models/_pretrained_weights/matchflow_weights/matchflow-g/matchflow-g-sintel.pth,MatchFlow (G)
Spring,train,,S,matchflow-g-sintel.pth,IR_{5px},0.9917534008092068,models/_pretrained_weights/matchflow_weights/matchflow-g/matchflow-g-sintel.pth,MatchFlow (G)
Spring,train,,S,matchflow-g-sintel.pth,fl-kitti,0.0129801074206249,models/_pretrained_weights/matchflow_weights/matchflow-g/matchflow-g-sintel.pth,MatchFlow (G)
Spring,train,,S,matchflow-g-sintel.pth,MSE,25.14262008666992,models/_pretrained_weights/matchflow_weights/matchflow-g/matchflow-g-sintel.pth,MatchFlow (G)
Spring,train,,S,matchflow-g-sintel.pth,WAUC,0.9454706196169624,models/_pretrained_weights/matchflow_weights/matchflow-g/matchflow-g-sintel.pth,MatchFlow (G)
Spring,train,,C,matchflow-g-chairs.pth,EPE,1.6256024837493896,models/_pretrained_weights/matchflow_weights/matchflow-g/matchflow-g-chairs.pth,MatchFlow (G)
Spring,train,,C,matchflow-g-chairs.pth,IR_{1px},0.9033151328901904,models/_pretrained_weights/matchflow_weights/matchflow-g/matchflow-g-chairs.pth,MatchFlow (G)
Spring,train,,C,matchflow-g-chairs.pth,IR_{3px},0.9572897463279196,models/_pretrained_weights/matchflow_weights/matchflow-g/matchflow-g-chairs.pth,MatchFlow (G)
Spring,train,,C,matchflow-g-chairs.pth,IR_{5px},0.9693426700629524,models/_pretrained_weights/matchflow_weights/matchflow-g/matchflow-g-chairs.pth,MatchFlow (G)
Spring,train,,C,matchflow-g-chairs.pth,fl-kitti,0.0423549794244083,models/_pretrained_weights/matchflow_weights/matchflow-g/matchflow-g-chairs.pth,MatchFlow (G)
Spring,train,,C,matchflow-g-chairs.pth,MSE,69.51212310791016,models/_pretrained_weights/matchflow_weights/matchflow-g/matchflow-g-chairs.pth,MatchFlow (G)
Spring,train,,C,matchflow-g-chairs.pth,WAUC,0.8716310929440486,models/_pretrained_weights/matchflow_weights/matchflow-g/matchflow-g-chairs.pth,MatchFlow (G)
Spring,train,,C+T,matchflow-g-things.pth,EPE,0.513698935508728,models/_pretrained_weights/matchflow_weights/matchflow-g/matchflow-g-things.pth,MatchFlow (G)
Spring,train,,C+T,matchflow-g-things.pth,IR_{1px},0.9598564750718508,models/_pretrained_weights/matchflow_weights/matchflow-g/matchflow-g-things.pth,MatchFlow (G)
Spring,train,,C+T,matchflow-g-things.pth,IR_{3px},0.9859780233470294,models/_pretrained_weights/matchflow_weights/matchflow-g/matchflow-g-things.pth,MatchFlow (G)
Spring,train,,C+T,matchflow-g-things.pth,IR_{5px},0.9912049624242658,models/_pretrained_weights/matchflow_weights/matchflow-g/matchflow-g-things.pth,MatchFlow (G)
Spring,train,,C+T,matchflow-g-things.pth,fl-kitti,0.0130148907310508,models/_pretrained_weights/matchflow_weights/matchflow-g/matchflow-g-things.pth,MatchFlow (G)
Spring,train,,C+T,matchflow-g-things.pth,MSE,27.443721771240234,models/_pretrained_weights/matchflow_weights/matchflow-g/matchflow-g-things.pth,MatchFlow (G)
Spring,train,,C+T,matchflow-g-things.pth,WAUC,0.9415640673308422,models/_pretrained_weights/matchflow_weights/matchflow-g/matchflow-g-things.pth,MatchFlow (G)
Spring,train,,K,CCMR+_kitti.pth,EPE,0.5957832336425781,models/_pretrained_weights/ccmr_weights/CCMR+_kitti.pth,CCMR+
Spring,train,,K,CCMR+_kitti.pth,IR_{1px},0.9547865784591,models/_pretrained_weights/ccmr_weights/CCMR+_kitti.pth,CCMR+
Spring,train,,K,CCMR+_kitti.pth,IR_{3px},0.983514848418144,models/_pretrained_weights/ccmr_weights/CCMR+_kitti.pth,CCMR+
Spring,train,,K,CCMR+_kitti.pth,IR_{5px},0.9897174250111084,models/_pretrained_weights/ccmr_weights/CCMR+_kitti.pth,CCMR+
Spring,train,,K,CCMR+_kitti.pth,fl-kitti,0.0157401281958784,models/_pretrained_weights/ccmr_weights/CCMR+_kitti.pth,CCMR+
Spring,train,,K,CCMR+_kitti.pth,MSE,36.27398681640625,models/_pretrained_weights/ccmr_weights/CCMR+_kitti.pth,CCMR+
Spring,train,,K,CCMR+_kitti.pth,WAUC,0.942765527895878,models/_pretrained_weights/ccmr_weights/CCMR+_kitti.pth,CCMR+
Spring,train,,C+T,CCMR+_things.pth,EPE,0.4346587061882019,models/_pretrained_weights/ccmr_weights/CCMR+_things.pth,CCMR+
Spring,train,,C+T,CCMR+_things.pth,IR_{1px},0.9633486605993946,models/_pretrained_weights/ccmr_weights/CCMR+_things.pth,CCMR+
Spring,train,,C+T,CCMR+_things.pth,IR_{3px},0.9868318772017324,models/_pretrained_weights/ccmr_weights/CCMR+_things.pth,CCMR+
Spring,train,,C+T,CCMR+_things.pth,IR_{5px},0.991817108359411,models/_pretrained_weights/ccmr_weights/CCMR+_things.pth,CCMR+
Spring,train,,C+T,CCMR+_things.pth,fl-kitti,0.0121130891294651,models/_pretrained_weights/ccmr_weights/CCMR+_things.pth,CCMR+
Spring,train,,C+T,CCMR+_things.pth,MSE,22.552215576171875,models/_pretrained_weights/ccmr_weights/CCMR+_things.pth,CCMR+
Spring,train,,C+T,CCMR+_things.pth,WAUC,0.9484890479776352,models/_pretrained_weights/ccmr_weights/CCMR+_things.pth,CCMR+
Spring,train,,S,CCMR+_sintel.pth,EPE,0.4257335960865021,models/_pretrained_weights/ccmr_weights/CCMR+_sintel.pth,CCMR+
Spring,train,,S,CCMR+_sintel.pth,IR_{1px},0.9646194200135838,models/_pretrained_weights/ccmr_weights/CCMR+_sintel.pth,CCMR+
Spring,train,,S,CCMR+_sintel.pth,IR_{3px},0.9878559036158618,models/_pretrained_weights/ccmr_weights/CCMR+_sintel.pth,CCMR+
Spring,train,,S,CCMR+_sintel.pth,IR_{5px},0.9924830201271112,models/_pretrained_weights/ccmr_weights/CCMR+_sintel.pth,CCMR+
Spring,train,,S,CCMR+_sintel.pth,fl-kitti,0.0112195337239325,models/_pretrained_weights/ccmr_weights/CCMR+_sintel.pth,CCMR+
Spring,train,,S,CCMR+_sintel.pth,MSE,22.01189613342285,models/_pretrained_weights/ccmr_weights/CCMR+_sintel.pth,CCMR+
Spring,train,,S,CCMR+_sintel.pth,WAUC,0.9520814425915372,models/_pretrained_weights/ccmr_weights/CCMR+_sintel.pth,CCMR+
Spring,train,,C+T,FlowNet2_checkpoint.pth.tar,EPE,0.6955012679100037,models/_pretrained_weights/FlowNet/FlowNet2_checkpoint.pth.tar,FlowNet2
Spring,train,,C+T,FlowNet2_checkpoint.pth.tar,IR_{1px},0.9547513123952174,models/_pretrained_weights/FlowNet/FlowNet2_checkpoint.pth.tar,FlowNet2
Spring,train,,C+T,FlowNet2_checkpoint.pth.tar,IR_{3px},0.9813456811764404,models/_pretrained_weights/FlowNet/FlowNet2_checkpoint.pth.tar,FlowNet2
Spring,train,,C+T,FlowNet2_checkpoint.pth.tar,IR_{5px},0.98723085023178,models/_pretrained_weights/FlowNet/FlowNet2_checkpoint.pth.tar,FlowNet2
Spring,train,,C+T,FlowNet2_checkpoint.pth.tar,fl-kitti,0.0173889118048702,models/_pretrained_weights/FlowNet/FlowNet2_checkpoint.pth.tar,FlowNet2
Spring,train,,C+T,FlowNet2_checkpoint.pth.tar,MSE,42.34096145629883,models/_pretrained_weights/FlowNet/FlowNet2_checkpoint.pth.tar,FlowNet2
Spring,train,,C+T,FlowNet2_checkpoint.pth.tar,WAUC,0.9358768978589652,models/_pretrained_weights/FlowNet/FlowNet2_checkpoint.pth.tar,FlowNet2
Spring,train,,C+T,gmflow-scale2-things-36579974.pth,EPE,0.6807906627655029,models/_pretrained_weights/unimatch_weights/gmflow-scale2-things-36579974.pth,GMFlow+ (s2)
Spring,train,,C+T,gmflow-scale2-things-36579974.pth,IR_{1px},0.9338587380868436,models/_pretrained_weights/unimatch_weights/gmflow-scale2-things-36579974.pth,GMFlow+ (s2)
Spring,train,,C+T,gmflow-scale2-things-36579974.pth,IR_{3px},0.9833681934750974,models/_pretrained_weights/unimatch_weights/gmflow-scale2-things-36579974.pth,GMFlow+ (s2)
Spring,train,,C+T,gmflow-scale2-things-36579974.pth,IR_{5px},0.9898967024066128,models/_pretrained_weights/unimatch_weights/gmflow-scale2-things-36579974.pth,GMFlow+ (s2)
Spring,train,,C+T,gmflow-scale2-things-36579974.pth,fl-kitti,0.0155525665560147,models/_pretrained_weights/unimatch_weights/gmflow-scale2-things-36579974.pth,GMFlow+ (s2)
Spring,train,,C+T,gmflow-scale2-things-36579974.pth,MSE,19.62404441833496,models/_pretrained_weights/unimatch_weights/gmflow-scale2-things-36579974.pth,GMFlow+ (s2)
Spring,train,,C+T,gmflow-scale2-things-36579974.pth,WAUC,0.86357941916481,models/_pretrained_weights/unimatch_weights/gmflow-scale2-things-36579974.pth,GMFlow+ (s2)
Spring,train,,mixed,gmflow-scale2-mixdata-train320x576-9ff1c094.pth,EPE,0.6615113019943237,models/_pretrained_weights/unimatch_weights/gmflow-scale2-mixdata-train320x576-9ff1c094.pth,GMFlow+ (s2)
Spring,train,,mixed,gmflow-scale2-mixdata-train320x576-9ff1c094.pth,IR_{1px},0.9282153430264812,models/_pretrained_weights/unimatch_weights/gmflow-scale2-mixdata-train320x576-9ff1c094.pth,GMFlow+ (s2)
Spring,train,,mixed,gmflow-scale2-mixdata-train320x576-9ff1c094.pth,IR_{3px},0.9766097457218228,models/_pretrained_weights/unimatch_weights/gmflow-scale2-mixdata-train320x576-9ff1c094.pth,GMFlow+ (s2)
Spring,train,,mixed,gmflow-scale2-mixdata-train320x576-9ff1c094.pth,IR_{5px},0.9862394832371538,models/_pretrained_weights/unimatch_weights/gmflow-scale2-mixdata-train320x576-9ff1c094.pth,GMFlow+ (s2)
Spring,train,,mixed,gmflow-scale2-mixdata-train320x576-9ff1c094.pth,fl-kitti,0.0220088473674401,models/_pretrained_weights/unimatch_weights/gmflow-scale2-mixdata-train320x576-9ff1c094.pth,GMFlow+ (s2)
Spring,train,,mixed,gmflow-scale2-mixdata-train320x576-9ff1c094.pth,MSE,19.243337631225582,models/_pretrained_weights/unimatch_weights/gmflow-scale2-mixdata-train320x576-9ff1c094.pth,GMFlow+ (s2)
Spring,train,,mixed,gmflow-scale2-mixdata-train320x576-9ff1c094.pth,WAUC,0.875661543388549,models/_pretrained_weights/unimatch_weights/gmflow-scale2-mixdata-train320x576-9ff1c094.pth,GMFlow+ (s2)
Spring,train,,S,gmflow-scale2-sintel-3ed1cf48.pth,EPE,0.620306134223938,models/_pretrained_weights/unimatch_weights/gmflow-scale2-sintel-3ed1cf48.pth,GMFlow+ (s2)
Spring,train,,S,gmflow-scale2-sintel-3ed1cf48.pth,IR_{1px},0.9298523150053944,models/_pretrained_weights/unimatch_weights/gmflow-scale2-sintel-3ed1cf48.pth,GMFlow+ (s2)
Spring,train,,S,gmflow-scale2-sintel-3ed1cf48.pth,IR_{3px},0.9807818779678368,models/_pretrained_weights/unimatch_weights/gmflow-scale2-sintel-3ed1cf48.pth,GMFlow+ (s2)
Spring,train,,S,gmflow-scale2-sintel-3ed1cf48.pth,IR_{5px},0.9895610309059298,models/_pretrained_weights/unimatch_weights/gmflow-scale2-sintel-3ed1cf48.pth,GMFlow+ (s2)
Spring,train,,S,gmflow-scale2-sintel-3ed1cf48.pth,fl-kitti,0.017974946721705,models/_pretrained_weights/unimatch_weights/gmflow-scale2-sintel-3ed1cf48.pth,GMFlow+ (s2)
Spring,train,,S,gmflow-scale2-sintel-3ed1cf48.pth,MSE,15.219526290893556,models/_pretrained_weights/unimatch_weights/gmflow-scale2-sintel-3ed1cf48.pth,GMFlow+ (s2)
Spring,train,,S,gmflow-scale2-sintel-3ed1cf48.pth,WAUC,0.867422151399153,models/_pretrained_weights/unimatch_weights/gmflow-scale2-sintel-3ed1cf48.pth,GMFlow+ (s2)
Spring,train,,S,pwc_net.pth.tar,EPE,2.124383449554444,models/_pretrained_weights/pwc_net.pth.tar,PWCNet
Spring,train,,S,pwc_net.pth.tar,IR_{1px},0.1650049444943374,models/_pretrained_weights/pwc_net.pth.tar,PWCNet
Spring,train,,S,pwc_net.pth.tar,IR_{3px},0.9532290130272196,models/_pretrained_weights/pwc_net.pth.tar,PWCNet
Spring,train,,S,pwc_net.pth.tar,IR_{5px},0.9843818319033626,models/_pretrained_weights/pwc_net.pth.tar,PWCNet
Spring,train,,S,pwc_net.pth.tar,fl-kitti,0.0448563453997517,models/_pretrained_weights/pwc_net.pth.tar,PWCNet
Spring,train,,S,pwc_net.pth.tar,MSE,30.792274475097656,models/_pretrained_weights/pwc_net.pth.tar,PWCNet
Spring,train,,S,pwc_net.pth.tar,WAUC,0.4521228571057701,models/_pretrained_weights/pwc_net.pth.tar,PWCNet
Spring,train,,C+T,pwc_net_chairs.pth.tar,EPE,2.4229395389556885,models/_pretrained_weights/pwc_net_chairs.pth.tar,PWCNet
Spring,train,,C+T,pwc_net_chairs.pth.tar,IR_{1px},0.1681733316210089,models/_pretrained_weights/pwc_net_chairs.pth.tar,PWCNet
Spring,train,,C+T,pwc_net_chairs.pth.tar,IR_{3px},0.90242589716482,models/_pretrained_weights/pwc_net_chairs.pth.tar,PWCNet
Spring,train,,C+T,pwc_net_chairs.pth.tar,IR_{5px},0.9766507689463252,models/_pretrained_weights/pwc_net_chairs.pth.tar,PWCNet
Spring,train,,C+T,pwc_net_chairs.pth.tar,fl-kitti,0.0959157447196727,models/_pretrained_weights/pwc_net_chairs.pth.tar,PWCNet
Spring,train,,C+T,pwc_net_chairs.pth.tar,MSE,52.072303771972656,models/_pretrained_weights/pwc_net_chairs.pth.tar,PWCNet
Spring,train,,C+T,pwc_net_chairs.pth.tar,WAUC,0.4390677413755625,models/_pretrained_weights/pwc_net_chairs.pth.tar,PWCNet
Spring,train,,C+T,_things_phase1_100000.pth,EPE,0.4474798142910003,models/_pretrained_weights/ms_raft_plus/_things_phase1_100000.pth,MS-RAFT+
Spring,train,,C+T,_things_phase1_100000.pth,IR_{1px},0.9625259138791364,models/_pretrained_weights/ms_raft_plus/_things_phase1_100000.pth,MS-RAFT+
Spring,train,,C+T,_things_phase1_100000.pth,IR_{3px},0.9859833041158744,models/_pretrained_weights/ms_raft_plus/_things_phase1_100000.pth,MS-RAFT+
Spring,train,,C+T,_things_phase1_100000.pth,IR_{5px},0.9916552382016036,models/_pretrained_weights/ms_raft_plus/_things_phase1_100000.pth,MS-RAFT+
Spring,train,,C+T,_things_phase1_100000.pth,fl-kitti,0.0129450472239796,models/_pretrained_weights/ms_raft_plus/_things_phase1_100000.pth,MS-RAFT+
Spring,train,,C+T,_things_phase1_100000.pth,MSE,20.742048263549805,models/_pretrained_weights/ms_raft_plus/_things_phase1_100000.pth,MS-RAFT+
Spring,train,,C+T,_things_phase1_100000.pth,WAUC,0.9457826854315864,models/_pretrained_weights/ms_raft_plus/_things_phase1_100000.pth,MS-RAFT+
Spring,train,,mixed,mixed.pth,EPE,0.4273004531860351,models/_pretrained_weights/ms_raft_plus/mixed.pth,MS-RAFT+
Spring,train,,mixed,mixed.pth,IR_{1px},0.9648892823586273,models/_pretrained_weights/ms_raft_plus/mixed.pth,MS-RAFT+
Spring,train,,mixed,mixed.pth,IR_{3px},0.986839232008748,models/_pretrained_weights/ms_raft_plus/mixed.pth,MS-RAFT+
Spring,train,,mixed,mixed.pth,IR_{5px},0.9920106579333324,models/_pretrained_weights/ms_raft_plus/mixed.pth,MS-RAFT+
Spring,train,,mixed,mixed.pth,fl-kitti,0.0123066911896287,models/_pretrained_weights/ms_raft_plus/mixed.pth,MS-RAFT+
Spring,train,,mixed,mixed.pth,MSE,22.71805953979492,models/_pretrained_weights/ms_raft_plus/mixed.pth,MS-RAFT+
Spring,train,,mixed,mixed.pth,WAUC,0.9538527519361896,models/_pretrained_weights/ms_raft_plus/mixed.pth,MS-RAFT+
Spring,train,,C+T,FlowNet2-C_checkpoint.pth.tar,EPE,1.163855791091919,models/_pretrained_weights/FlowNet/FlowNet2-C_checkpoint.pth.tar,FlowNet2C
Spring,train,,C+T,FlowNet2-C_checkpoint.pth.tar,IR_{1px},0.8679397932648868,models/_pretrained_weights/FlowNet/FlowNet2-C_checkpoint.pth.tar,FlowNet2C
Spring,train,,C+T,FlowNet2-C_checkpoint.pth.tar,IR_{3px},0.9640159608289472,models/_pretrained_weights/FlowNet/FlowNet2-C_checkpoint.pth.tar,FlowNet2C
Spring,train,,C+T,FlowNet2-C_checkpoint.pth.tar,IR_{5px},0.9781421090009432,models/_pretrained_weights/FlowNet/FlowNet2-C_checkpoint.pth.tar,FlowNet2C
Spring,train,,C+T,FlowNet2-C_checkpoint.pth.tar,fl-kitti,0.0345141163493219,models/_pretrained_weights/FlowNet/FlowNet2-C_checkpoint.pth.tar,FlowNet2C
Spring,train,,C+T,FlowNet2-C_checkpoint.pth.tar,MSE,37.05076599121094,models/_pretrained_weights/FlowNet/FlowNet2-C_checkpoint.pth.tar,FlowNet2C
Spring,train,,C+T,FlowNet2-C_checkpoint.pth.tar,WAUC,0.7998784087681106,models/_pretrained_weights/FlowNet/FlowNet2-C_checkpoint.pth.tar,FlowNet2C
Spring,train,,C+T,raft-things.pth,EPE,0.6621054410934448,models/_pretrained_weights/raft-things.pth,RAFT
Spring,train,,C+T,raft-things.pth,IR_{1px},0.9546722741346478,models/_pretrained_weights/raft-things.pth,RAFT
Spring,train,,C+T,raft-things.pth,IR_{3px},0.983472588884989,models/_pretrained_weights/raft-things.pth,RAFT
Spring,train,,C+T,raft-things.pth,IR_{5px},0.9892217391543652,models/_pretrained_weights/raft-things.pth,RAFT
Spring,train,,C+T,raft-things.pth,fl-kitti,0.015435149150706,models/_pretrained_weights/raft-things.pth,RAFT
Spring,train,,C+T,raft-things.pth,MSE,37.91880416870117,models/_pretrained_weights/raft-things.pth,RAFT
Spring,train,,C+T,raft-things.pth,WAUC,0.9324761697474556,models/_pretrained_weights/raft-things.pth,RAFT
Spring,train,,S,raft-sintel.pth,EPE,0.6059995293617249,models/_pretrained_weights/raft-sintel.pth,RAFT
Spring,train,,S,raft-sintel.pth,IR_{1px},0.9560383321556412,models/_pretrained_weights/raft-sintel.pth,RAFT
Spring,train,,S,raft-sintel.pth,IR_{3px},0.9837225183312316,models/_pretrained_weights/raft-sintel.pth,RAFT
Spring,train,,S,raft-sintel.pth,IR_{5px},0.9905033764581402,models/_pretrained_weights/raft-sintel.pth,RAFT
Spring,train,,S,raft-sintel.pth,fl-kitti,0.0152414691764121,models/_pretrained_weights/raft-sintel.pth,RAFT
Spring,train,,S,raft-sintel.pth,MSE,43.71409225463867,models/_pretrained_weights/raft-sintel.pth,RAFT
Spring,train,,S,raft-sintel.pth,WAUC,0.9399754275952767,models/_pretrained_weights/raft-sintel.pth,RAFT
Spring,train,,K,raft-kitti.pth,EPE,3.364564180374145,models/_pretrained_weights/raft-kitti.pth,RAFT
Spring,train,,K,raft-kitti.pth,IR_{1px},0.9132368796271562,models/_pretrained_weights/raft-kitti.pth,RAFT
Spring,train,,K,raft-kitti.pth,IR_{3px},0.9609327413718396,models/_pretrained_weights/raft-kitti.pth,RAFT
Spring,train,,K,raft-kitti.pth,IR_{5px},0.9709328740425353,models/_pretrained_weights/raft-kitti.pth,RAFT
Spring,train,,K,raft-kitti.pth,fl-kitti,0.0386948748160799,models/_pretrained_weights/raft-kitti.pth,RAFT
Spring,train,,K,raft-kitti.pth,MSE,492.3213806152344,models/_pretrained_weights/raft-kitti.pth,RAFT
Spring,train,,K,raft-kitti.pth,WAUC,0.8702456884619733,models/_pretrained_weights/raft-kitti.pth,RAFT
Spring,train,,C,raft-chairs.pth,EPE,1.3078776597976685,models/_pretrained_weights/raft-chairs.pth,RAFT
Spring,train,,C,raft-chairs.pth,IR_{1px},0.9081057475560368,models/_pretrained_weights/raft-chairs.pth,RAFT
Spring,train,,C,raft-chairs.pth,IR_{3px},0.9676529872642418,models/_pretrained_weights/raft-chairs.pth,RAFT
Spring,train,,C,raft-chairs.pth,IR_{5px},0.9781906676553332,models/_pretrained_weights/raft-chairs.pth,RAFT
Spring,train,,C,raft-chairs.pth,fl-kitti,0.031403509963239,models/_pretrained_weights/raft-chairs.pth,RAFT
Spring,train,,C,raft-chairs.pth,MSE,105.2093276977539,models/_pretrained_weights/raft-chairs.pth,RAFT
Spring,train,,C,raft-chairs.pth,WAUC,0.8819592026858689,models/_pretrained_weights/raft-chairs.pth,RAFT
Spring,train,,C,gma-chairs.pth,EPE,0.9458248615264891,models/_pretrained_weights/gma-chairs.pth,GMA
Spring,train,,C,gma-chairs.pth,IR_{1px},0.923349357203252,models/_pretrained_weights/gma-chairs.pth,GMA
Spring,train,,C,gma-chairs.pth,IR_{3px},0.9723883345758202,models/_pretrained_weights/gma-chairs.pth,GMA
Spring,train,,C,gma-chairs.pth,IR_{5px},0.9828686064672278,models/_pretrained_weights/gma-chairs.pth,GMA
Spring,train,,C,gma-chairs.pth,fl-kitti,0.0266975737353643,models/_pretrained_weights/gma-chairs.pth,GMA
Spring,train,,C,gma-chairs.pth,MSE,51.6270637512207,models/_pretrained_weights/gma-chairs.pth,GMA
Spring,train,,C,gma-chairs.pth,WAUC,0.8960978858038924,models/_pretrained_weights/gma-chairs.pth,GMA
Spring,train,,C+T,gma-things.pth,EPE,0.535943329334259,models/_pretrained_weights/gma-things.pth,GMA
Spring,train,,C+T,gma-things.pth,IR_{1px},0.9538202907099192,models/_pretrained_weights/gma-things.pth,GMA
Spring,train,,C+T,gma-things.pth,IR_{3px},0.9845386905369944,models/_pretrained_weights/gma-things.pth,GMA
Spring,train,,C+T,gma-things.pth,IR_{5px},0.9903781150976096,models/_pretrained_weights/gma-things.pth,GMA
Spring,train,,C+T,gma-things.pth,fl-kitti,0.0143761747583028,models/_pretrained_weights/gma-things.pth,GMA
Spring,train,,C+T,gma-things.pth,MSE,24.99435806274414,models/_pretrained_weights/gma-things.pth,GMA
Spring,train,,C+T,gma-things.pth,WAUC,0.9311270264417,models/_pretrained_weights/gma-things.pth,GMA
Spring,train,,K,gma-kitti.pth,EPE,3.1939523220062256,models/_pretrained_weights/gma-kitti.pth,GMA
Spring,train,,K,gma-kitti.pth,IR_{1px},0.9078118398721288,models/_pretrained_weights/gma-kitti.pth,GMA
Spring,train,,K,gma-kitti.pth,IR_{3px},0.957807795929919,models/_pretrained_weights/gma-kitti.pth,GMA
Spring,train,,K,gma-kitti.pth,IR_{5px},0.968031180691276,models/_pretrained_weights/gma-kitti.pth,GMA
Spring,train,,K,gma-kitti.pth,fl-kitti,0.0417738264025156,models/_pretrained_weights/gma-kitti.pth,GMA
Spring,train,,K,gma-kitti.pth,MSE,317.11749267578125,models/_pretrained_weights/gma-kitti.pth,GMA
Spring,train,,K,gma-kitti.pth,WAUC,0.8661054774592238,models/_pretrained_weights/gma-kitti.pth,GMA
Spring,train,,S,gma-sintel.pth,EPE,0.5428341627120972,models/_pretrained_weights/gma-sintel.pth,GMA
Spring,train,,S,gma-sintel.pth,IR_{1px},0.9580842697176748,models/_pretrained_weights/gma-sintel.pth,GMA
Spring,train,,S,gma-sintel.pth,IR_{3px},0.9853216993153452,models/_pretrained_weights/gma-sintel.pth,GMA
Spring,train,,S,gma-sintel.pth,IR_{5px},0.9911614172071396,models/_pretrained_weights/gma-sintel.pth,GMA
Spring,train,,S,gma-sintel.pth,fl-kitti,0.0136223475052292,models/_pretrained_weights/gma-sintel.pth,GMA
Spring,train,,S,gma-sintel.pth,MSE,30.858125686645508,models/_pretrained_weights/gma-sintel.pth,GMA
Spring,train,,S,gma-sintel.pth,WAUC,0.9393633713163448,models/_pretrained_weights/gma-sintel.pth,GMA
Spring,train,,tartan,Tartan480x640-S.pth,EPE,1.1640936136245728,models/_pretrained_weights/SEA-RAFT-models/Tartan480x640-S.pth,SEA-RAFT (S)
Spring,train,,tartan,Tartan480x640-S.pth,IR_{1px},0.915475469925507,models/_pretrained_weights/SEA-RAFT-models/Tartan480x640-S.pth,SEA-RAFT (S)
Spring,train,,tartan,Tartan480x640-S.pth,IR_{3px},0.9555401399979224,models/_pretrained_weights/SEA-RAFT-models/Tartan480x640-S.pth,SEA-RAFT (S)
Spring,train,,tartan,Tartan480x640-S.pth,IR_{5px},0.9670564414573692,models/_pretrained_weights/SEA-RAFT-models/Tartan480x640-S.pth,SEA-RAFT (S)
Spring,train,,tartan,Tartan480x640-S.pth,fl-kitti,0.0438785982359623,models/_pretrained_weights/SEA-RAFT-models/Tartan480x640-S.pth,SEA-RAFT (S)
Spring,train,,tartan,Tartan480x640-S.pth,MSE,52.56794738769531,models/_pretrained_weights/SEA-RAFT-models/Tartan480x640-S.pth,SEA-RAFT (S)
Spring,train,,tartan,Tartan480x640-S.pth,WAUC,0.897683213248429,models/_pretrained_weights/SEA-RAFT-models/Tartan480x640-S.pth,SEA-RAFT (S)
Spring,train,,K,Tartan-C-T-TSKH-kitti432x960-S.pth,EPE,1.0772908926010132,models/_pretrained_weights/SEA-RAFT-models/Tartan-C-T-TSKH-kitti432x960-S.pth,SEA-RAFT (S)
Spring,train,,K,Tartan-C-T-TSKH-kitti432x960-S.pth,IR_{1px},0.9317121047299372,models/_pretrained_weights/SEA-RAFT-models/Tartan-C-T-TSKH-kitti432x960-S.pth,SEA-RAFT (S)
Spring,train,,K,Tartan-C-T-TSKH-kitti432x960-S.pth,IR_{3px},0.974878214174435,models/_pretrained_weights/SEA-RAFT-models/Tartan-C-T-TSKH-kitti432x960-S.pth,SEA-RAFT (S)
Spring,train,,K,Tartan-C-T-TSKH-kitti432x960-S.pth,IR_{5px},0.984138477490768,models/_pretrained_weights/SEA-RAFT-models/Tartan-C-T-TSKH-kitti432x960-S.pth,SEA-RAFT (S)
Spring,train,,K,Tartan-C-T-TSKH-kitti432x960-S.pth,fl-kitti,0.0241464667730854,models/_pretrained_weights/SEA-RAFT-models/Tartan-C-T-TSKH-kitti432x960-S.pth,SEA-RAFT (S)
Spring,train,,K,Tartan-C-T-TSKH-kitti432x960-S.pth,MSE,85.57217407226562,models/_pretrained_weights/SEA-RAFT-models/Tartan-C-T-TSKH-kitti432x960-S.pth,SEA-RAFT (S)
Spring,train,,K,Tartan-C-T-TSKH-kitti432x960-S.pth,WAUC,0.9030178796579992,models/_pretrained_weights/SEA-RAFT-models/Tartan-C-T-TSKH-kitti432x960-S.pth,SEA-RAFT (S)
Spring,train,,S,Tartan-C-T-TSKH432x960-S.pth,EPE,0.5120540857315063,models/_pretrained_weights/SEA-RAFT-models/Tartan-C-T-TSKH432x960-S.pth,SEA-RAFT (S)
Spring,train,,S,Tartan-C-T-TSKH432x960-S.pth,IR_{1px},0.9583965685586288,models/_pretrained_weights/SEA-RAFT-models/Tartan-C-T-TSKH432x960-S.pth,SEA-RAFT (S)
Spring,train,,S,Tartan-C-T-TSKH432x960-S.pth,IR_{3px},0.9836425322622662,models/_pretrained_weights/SEA-RAFT-models/Tartan-C-T-TSKH432x960-S.pth,SEA-RAFT (S)
Spring,train,,S,Tartan-C-T-TSKH432x960-S.pth,IR_{5px},0.9894983609832928,models/_pretrained_weights/SEA-RAFT-models/Tartan-C-T-TSKH432x960-S.pth,SEA-RAFT (S)
Spring,train,,S,Tartan-C-T-TSKH432x960-S.pth,fl-kitti,0.0153254547977369,models/_pretrained_weights/SEA-RAFT-models/Tartan-C-T-TSKH432x960-S.pth,SEA-RAFT (S)
Spring,train,,S,Tartan-C-T-TSKH432x960-S.pth,MSE,37.05879211425781,models/_pretrained_weights/SEA-RAFT-models/Tartan-C-T-TSKH432x960-S.pth,SEA-RAFT (S)
Spring,train,,S,Tartan-C-T-TSKH432x960-S.pth,WAUC,0.9441773885469764,models/_pretrained_weights/SEA-RAFT-models/Tartan-C-T-TSKH432x960-S.pth,SEA-RAFT (S)
Spring,train,,C+T,Tartan-C-T432x960-S.pth,EPE,1.3027899265289309,models/_pretrained_weights/SEA-RAFT-models/Tartan-C-T432x960-S.pth,SEA-RAFT (S)
Spring,train,,C+T,Tartan-C-T432x960-S.pth,IR_{1px},0.9564025713038016,models/_pretrained_weights/SEA-RAFT-models/Tartan-C-T432x960-S.pth,SEA-RAFT (S)
Spring,train,,C+T,Tartan-C-T432x960-S.pth,IR_{3px},0.9808212501027916,models/_pretrained_weights/SEA-RAFT-models/Tartan-C-T432x960-S.pth,SEA-RAFT (S)
Spring,train,,C+T,Tartan-C-T432x960-S.pth,IR_{5px},0.9862204387864676,models/_pretrained_weights/SEA-RAFT-models/Tartan-C-T432x960-S.pth,SEA-RAFT (S)
Spring,train,,C+T,Tartan-C-T432x960-S.pth,fl-kitti,0.0182139455559952,models/_pretrained_weights/SEA-RAFT-models/Tartan-C-T432x960-S.pth,SEA-RAFT (S)
Spring,train,,C+T,Tartan-C-T432x960-S.pth,MSE,166.68545532226562,models/_pretrained_weights/SEA-RAFT-models/Tartan-C-T432x960-S.pth,SEA-RAFT (S)
Spring,train,,C+T,Tartan-C-T432x960-S.pth,WAUC,0.9408054812328048,models/_pretrained_weights/SEA-RAFT-models/Tartan-C-T432x960-S.pth,SEA-RAFT (S)
Spring,train,,C,Tartan-C368x496-S.pth,EPE,1.0776166915893557,models/_pretrained_weights/SEA-RAFT-models/Tartan-C368x496-S.pth,SEA-RAFT (S)
Spring,train,,C,Tartan-C368x496-S.pth,IR_{1px},0.917883193560002,models/_pretrained_weights/SEA-RAFT-models/Tartan-C368x496-S.pth,SEA-RAFT (S)
Spring,train,,C,Tartan-C368x496-S.pth,IR_{3px},0.9691399304549888,models/_pretrained_weights/SEA-RAFT-models/Tartan-C368x496-S.pth,SEA-RAFT (S)
Spring,train,,C,Tartan-C368x496-S.pth,IR_{5px},0.9782205620148452,models/_pretrained_weights/SEA-RAFT-models/Tartan-C368x496-S.pth,SEA-RAFT (S)
Spring,train,,C,Tartan-C368x496-S.pth,fl-kitti,0.0299148624965824,models/_pretrained_weights/SEA-RAFT-models/Tartan-C368x496-S.pth,SEA-RAFT (S)
Spring,train,,C,Tartan-C368x496-S.pth,MSE,72.2162094116211,models/_pretrained_weights/SEA-RAFT-models/Tartan-C368x496-S.pth,SEA-RAFT (S)
Spring,train,,C,Tartan-C368x496-S.pth,WAUC,0.8959391183947235,models/_pretrained_weights/SEA-RAFT-models/Tartan-C368x496-S.pth,SEA-RAFT (S)
Spring,train,,mixed,Tartan-C-T-TSKH-spring540x960-S.pth,EPE,0.2148930877447128,models/_pretrained_weights/SEA-RAFT-models/Tartan-C-T-TSKH-spring540x960-S.pth,SEA-RAFT (S)
Spring,train,,mixed,Tartan-C-T-TSKH-spring540x960-S.pth,IR_{1px},0.9821514676579112,models/_pretrained_weights/SEA-RAFT-models/Tartan-C-T-TSKH-spring540x960-S.pth,SEA-RAFT (S)
Spring,train,,mixed,Tartan-C-T-TSKH-spring540x960-S.pth,IR_{3px},0.9937231831931744,models/_pretrained_weights/SEA-RAFT-models/Tartan-C-T-TSKH-spring540x960-S.pth,SEA-RAFT (S)
Spring,train,,mixed,Tartan-C-T-TSKH-spring540x960-S.pth,IR_{5px},0.9959518760340382,models/_pretrained_weights/SEA-RAFT-models/Tartan-C-T-TSKH-spring540x960-S.pth,SEA-RAFT (S)
Spring,train,,mixed,Tartan-C-T-TSKH-spring540x960-S.pth,fl-kitti,0.0054891276423438,models/_pretrained_weights/SEA-RAFT-models/Tartan-C-T-TSKH-spring540x960-S.pth,SEA-RAFT (S)
Spring,train,,mixed,Tartan-C-T-TSKH-spring540x960-S.pth,MSE,10.040283203125,models/_pretrained_weights/SEA-RAFT-models/Tartan-C-T-TSKH-spring540x960-S.pth,SEA-RAFT (S)
Spring,train,,mixed,Tartan-C-T-TSKH-spring540x960-S.pth,WAUC,0.9731354643440177,models/_pretrained_weights/SEA-RAFT-models/Tartan-C-T-TSKH-spring540x960-S.pth,SEA-RAFT (S)
Spring,train,,C+T,FlowNet2-S_checkpoint.pth.tar,EPE,1.2900336980819702,models/_pretrained_weights/FlowNet/FlowNet2-S_checkpoint.pth.tar,FlowNet2S
Spring,train,,C+T,FlowNet2-S_checkpoint.pth.tar,IR_{1px},0.865724238591418,models/_pretrained_weights/FlowNet/FlowNet2-S_checkpoint.pth.tar,FlowNet2S
Spring,train,,C+T,FlowNet2-S_checkpoint.pth.tar,IR_{3px},0.9622951192498116,models/_pretrained_weights/FlowNet/FlowNet2-S_checkpoint.pth.tar,FlowNet2S
Spring,train,,C+T,FlowNet2-S_checkpoint.pth.tar,IR_{5px},0.9772753621483352,models/_pretrained_weights/FlowNet/FlowNet2-S_checkpoint.pth.tar,FlowNet2S
Spring,train,,C+T,FlowNet2-S_checkpoint.pth.tar,fl-kitti,0.0367076346893511,models/_pretrained_weights/FlowNet/FlowNet2-S_checkpoint.pth.tar,FlowNet2S
Spring,train,,C+T,FlowNet2-S_checkpoint.pth.tar,MSE,61.37736892700195,models/_pretrained_weights/FlowNet/FlowNet2-S_checkpoint.pth.tar,FlowNet2S
Spring,train,,C+T,FlowNet2-S_checkpoint.pth.tar,WAUC,0.790311350415471,models/_pretrained_weights/FlowNet/FlowNet2-S_checkpoint.pth.tar,FlowNet2S
Spring,train,,C+T,skflow-things.pth,EPE,0.470071792602539,models/_pretrained_weights/skflow_weights/skflow-things.pth,SKFlow
Spring,train,,C+T,skflow-things.pth,IR_{1px},0.956708965054574,models/_pretrained_weights/skflow_weights/skflow-things.pth,SKFlow
Spring,train,,C+T,skflow-things.pth,IR_{3px},0.9864777901406836,models/_pretrained_weights/skflow_weights/skflow-things.pth,SKFlow
Spring,train,,C+T,skflow-things.pth,IR_{5px},0.9917822043312956,models/_pretrained_weights/skflow_weights/skflow-things.pth,SKFlow
Spring,train,,C+T,skflow-things.pth,fl-kitti,0.0124803096936789,models/_pretrained_weights/skflow_weights/skflow-things.pth,SKFlow
Spring,train,,C+T,skflow-things.pth,MSE,22.852863311767575,models/_pretrained_weights/skflow_weights/skflow-things.pth,SKFlow
Spring,train,,C+T,skflow-things.pth,WAUC,0.9404110593359684,models/_pretrained_weights/skflow_weights/skflow-things.pth,SKFlow
Spring,train,,K,skflow-kitti.pth,EPE,0.9111579060554504,models/_pretrained_weights/skflow_weights/skflow-kitti.pth,SKFlow
Spring,train,,K,skflow-kitti.pth,IR_{1px},0.9197484250227894,models/_pretrained_weights/skflow_weights/skflow-kitti.pth,SKFlow
Spring,train,,K,skflow-kitti.pth,IR_{3px},0.9725396411005222,models/_pretrained_weights/skflow_weights/skflow-kitti.pth,SKFlow
Spring,train,,K,skflow-kitti.pth,IR_{5px},0.9834633034201316,models/_pretrained_weights/skflow_weights/skflow-kitti.pth,SKFlow
Spring,train,,K,skflow-kitti.pth,fl-kitti,0.0264389081655344,models/_pretrained_weights/skflow_weights/skflow-kitti.pth,SKFlow
Spring,train,,K,skflow-kitti.pth,MSE,45.84602355957031,models/_pretrained_weights/skflow_weights/skflow-kitti.pth,SKFlow
Spring,train,,K,skflow-kitti.pth,WAUC,0.8835118535341893,models/_pretrained_weights/skflow_weights/skflow-kitti.pth,SKFlow
Spring,train,,S,skflow-sintel.pth,EPE,0.4555947482585907,models/_pretrained_weights/skflow_weights/skflow-sintel.pth,SKFlow
Spring,train,,S,skflow-sintel.pth,IR_{1px},0.95973072943764,models/_pretrained_weights/skflow_weights/skflow-sintel.pth,SKFlow
Spring,train,,S,skflow-sintel.pth,IR_{3px},0.9858265014624852,models/_pretrained_weights/skflow_weights/skflow-sintel.pth,SKFlow
Spring,train,,S,skflow-sintel.pth,IR_{5px},0.9920415850838462,models/_pretrained_weights/skflow_weights/skflow-sintel.pth,SKFlow
Spring,train,,S,skflow-sintel.pth,fl-kitti,0.013036732984932,models/_pretrained_weights/skflow_weights/skflow-sintel.pth,SKFlow
Spring,train,,S,skflow-sintel.pth,MSE,24.016162872314453,models/_pretrained_weights/skflow_weights/skflow-sintel.pth,SKFlow
Spring,train,,S,skflow-sintel.pth,WAUC,0.9455646046259653,models/_pretrained_weights/skflow_weights/skflow-sintel.pth,SKFlow
Spring,train,,C,Tartan-C368x496-M.pth,EPE,1.2730332612991333,models/_pretrained_weights/SEA-RAFT-models/Tartan-C368x496-M.pth,SEA-RAFT (M)
Spring,train,,C,Tartan-C368x496-M.pth,IR_{1px},0.9206991418221226,models/_pretrained_weights/SEA-RAFT-models/Tartan-C368x496-M.pth,SEA-RAFT (M)
Spring,train,,C,Tartan-C368x496-M.pth,IR_{3px},0.968694873458942,models/_pretrained_weights/SEA-RAFT-models/Tartan-C368x496-M.pth,SEA-RAFT (M)
Spring,train,,C,Tartan-C368x496-M.pth,IR_{5px},0.9774581805669772,models/_pretrained_weights/SEA-RAFT-models/Tartan-C368x496-M.pth,SEA-RAFT (M)
Spring,train,,C,Tartan-C368x496-M.pth,fl-kitti,0.0304551489817836,models/_pretrained_weights/SEA-RAFT-models/Tartan-C368x496-M.pth,SEA-RAFT (M)
Spring,train,,C,Tartan-C368x496-M.pth,MSE,103.26869201660156,models/_pretrained_weights/SEA-RAFT-models/Tartan-C368x496-M.pth,SEA-RAFT (M)
Spring,train,,C,Tartan-C368x496-M.pth,WAUC,0.9012645459431826,models/_pretrained_weights/SEA-RAFT-models/Tartan-C368x496-M.pth,SEA-RAFT (M)
Spring,train,,S,Tartan-C-T-TSKH432x960-M.pth,EPE,0.5163125991821289,models/_pretrained_weights/SEA-RAFT-models/Tartan-C-T-TSKH432x960-M.pth,SEA-RAFT (M)
Spring,train,,S,Tartan-C-T-TSKH432x960-M.pth,IR_{1px},0.9598600431956218,models/_pretrained_weights/SEA-RAFT-models/Tartan-C-T-TSKH432x960-M.pth,SEA-RAFT (M)
Spring,train,,S,Tartan-C-T-TSKH432x960-M.pth,IR_{3px},0.985730297047672,models/_pretrained_weights/SEA-RAFT-models/Tartan-C-T-TSKH432x960-M.pth,SEA-RAFT (M)
Spring,train,,S,Tartan-C-T-TSKH432x960-M.pth,IR_{5px},0.9914570697461448,models/_pretrained_weights/SEA-RAFT-models/Tartan-C-T-TSKH432x960-M.pth,SEA-RAFT (M)
Spring,train,,S,Tartan-C-T-TSKH432x960-M.pth,fl-kitti,0.0133623418051821,models/_pretrained_weights/SEA-RAFT-models/Tartan-C-T-TSKH432x960-M.pth,SEA-RAFT (M)
Spring,train,,S,Tartan-C-T-TSKH432x960-M.pth,MSE,38.96541213989258,models/_pretrained_weights/SEA-RAFT-models/Tartan-C-T-TSKH432x960-M.pth,SEA-RAFT (M)
Spring,train,,S,Tartan-C-T-TSKH432x960-M.pth,WAUC,0.9464513182944392,models/_pretrained_weights/SEA-RAFT-models/Tartan-C-T-TSKH432x960-M.pth,SEA-RAFT (M)
Spring,train,,mixed,Tartan-C-T-TSKH-spring540x960-M.pth,EPE,0.2351819425821304,models/_pretrained_weights/SEA-RAFT-models/Tartan-C-T-TSKH-spring540x960-M.pth,SEA-RAFT (M)
Spring,train,,mixed,Tartan-C-T-TSKH-spring540x960-M.pth,IR_{1px},0.981564012965309,models/_pretrained_weights/SEA-RAFT-models/Tartan-C-T-TSKH-spring540x960-M.pth,SEA-RAFT (M)
Spring,train,,mixed,Tartan-C-T-TSKH-spring540x960-M.pth,IR_{3px},0.9934095678487757,models/_pretrained_weights/SEA-RAFT-models/Tartan-C-T-TSKH-spring540x960-M.pth,SEA-RAFT (M)
Spring,train,,mixed,Tartan-C-T-TSKH-spring540x960-M.pth,IR_{5px},0.9956995411995826,models/_pretrained_weights/SEA-RAFT-models/Tartan-C-T-TSKH-spring540x960-M.pth,SEA-RAFT (M)
Spring,train,,mixed,Tartan-C-T-TSKH-spring540x960-M.pth,fl-kitti,0.0056683753896677,models/_pretrained_weights/SEA-RAFT-models/Tartan-C-T-TSKH-spring540x960-M.pth,SEA-RAFT (M)
Spring,train,,mixed,Tartan-C-T-TSKH-spring540x960-M.pth,MSE,11.817578315734863,models/_pretrained_weights/SEA-RAFT-models/Tartan-C-T-TSKH-spring540x960-M.pth,SEA-RAFT (M)
Spring,train,,mixed,Tartan-C-T-TSKH-spring540x960-M.pth,WAUC,0.9724502809098916,models/_pretrained_weights/SEA-RAFT-models/Tartan-C-T-TSKH-spring540x960-M.pth,SEA-RAFT (M)
Spring,train,,tartan,Tartan480x640-M.pth,EPE,1.4323680400848389,models/_pretrained_weights/SEA-RAFT-models/Tartan480x640-M.pth,SEA-RAFT (M)
Spring,train,,tartan,Tartan480x640-M.pth,IR_{1px},0.916753530177978,models/_pretrained_weights/SEA-RAFT-models/Tartan480x640-M.pth,SEA-RAFT (M)
Spring,train,,tartan,Tartan480x640-M.pth,IR_{3px},0.95626863249838,models/_pretrained_weights/SEA-RAFT-models/Tartan480x640-M.pth,SEA-RAFT (M)
Spring,train,,tartan,Tartan480x640-M.pth,IR_{5px},0.9683217985866982,models/_pretrained_weights/SEA-RAFT-models/Tartan480x640-M.pth,SEA-RAFT (M)
Spring,train,,tartan,Tartan480x640-M.pth,fl-kitti,0.0433868095594226,models/_pretrained_weights/SEA-RAFT-models/Tartan480x640-M.pth,SEA-RAFT (M)
Spring,train,,tartan,Tartan480x640-M.pth,MSE,68.05398559570312,models/_pretrained_weights/SEA-RAFT-models/Tartan480x640-M.pth,SEA-RAFT (M)
Spring,train,,tartan,Tartan480x640-M.pth,WAUC,0.8989356540638825,models/_pretrained_weights/SEA-RAFT-models/Tartan480x640-M.pth,SEA-RAFT (M)
Spring,train,,C+T,Tartan-C-T432x960-M.pth,EPE,1.734756350517273,models/_pretrained_weights/SEA-RAFT-models/Tartan-C-T432x960-M.pth,SEA-RAFT (M)
Spring,train,,C+T,Tartan-C-T432x960-M.pth,IR_{1px},0.953600451925286,models/_pretrained_weights/SEA-RAFT-models/Tartan-C-T432x960-M.pth,SEA-RAFT (M)
Spring,train,,C+T,Tartan-C-T432x960-M.pth,IR_{3px},0.9798041432697672,models/_pretrained_weights/SEA-RAFT-models/Tartan-C-T432x960-M.pth,SEA-RAFT (M)
Spring,train,,C+T,Tartan-C-T432x960-M.pth,IR_{5px},0.985289531752524,models/_pretrained_weights/SEA-RAFT-models/Tartan-C-T432x960-M.pth,SEA-RAFT (M)
Spring,train,,C+T,Tartan-C-T432x960-M.pth,fl-kitti,0.0193452334062711,models/_pretrained_weights/SEA-RAFT-models/Tartan-C-T432x960-M.pth,SEA-RAFT (M)
Spring,train,,C+T,Tartan-C-T432x960-M.pth,MSE,263.73681640625,models/_pretrained_weights/SEA-RAFT-models/Tartan-C-T432x960-M.pth,SEA-RAFT (M)
Spring,train,,C+T,Tartan-C-T432x960-M.pth,WAUC,0.9390767035992256,models/_pretrained_weights/SEA-RAFT-models/Tartan-C-T432x960-M.pth,SEA-RAFT (M)
Spring,train,,K,Tartan-C-T-TSKH-kitti432x960-M.pth,EPE,0.8123905062675476,models/_pretrained_weights/SEA-RAFT-models/Tartan-C-T-TSKH-kitti432x960-M.pth,SEA-RAFT (M)
Spring,train,,K,Tartan-C-T-TSKH-kitti432x960-M.pth,IR_{1px},0.9461986322535254,models/_pretrained_weights/SEA-RAFT-models/Tartan-C-T-TSKH-kitti432x960-M.pth,SEA-RAFT (M)
Spring,train,,K,Tartan-C-T-TSKH-kitti432x960-M.pth,IR_{3px},0.9803852899353231,models/_pretrained_weights/SEA-RAFT-models/Tartan-C-T-TSKH-kitti432x960-M.pth,SEA-RAFT (M)
Spring,train,,K,Tartan-C-T-TSKH-kitti432x960-M.pth,IR_{5px},0.9877725101168514,models/_pretrained_weights/SEA-RAFT-models/Tartan-C-T-TSKH-kitti432x960-M.pth,SEA-RAFT (M)
Spring,train,,K,Tartan-C-T-TSKH-kitti432x960-M.pth,fl-kitti,0.018679775908441,models/_pretrained_weights/SEA-RAFT-models/Tartan-C-T-TSKH-kitti432x960-M.pth,SEA-RAFT (M)
Spring,train,,K,Tartan-C-T-TSKH-kitti432x960-M.pth,MSE,61.86786651611328,models/_pretrained_weights/SEA-RAFT-models/Tartan-C-T-TSKH-kitti432x960-M.pth,SEA-RAFT (M)
Spring,train,,K,Tartan-C-T-TSKH-kitti432x960-M.pth,WAUC,0.9147690127972904,models/_pretrained_weights/SEA-RAFT-models/Tartan-C-T-TSKH-kitti432x960-M.pth,SEA-RAFT (M)
Spring,train,,mixed,MemFlowNet_spring.pth,EPE,0.239748403429985,models/_pretrained_weights/memflow_weights/MemFlowNet_spring.pth,MemFlow
Spring,train,,mixed,MemFlowNet_spring.pth,IR_{1px},0.977677595158083,models/_pretrained_weights/memflow_weights/MemFlowNet_spring.pth,MemFlow
Spring,train,,mixed,MemFlowNet_spring.pth,IR_{3px},0.9929970233329912,models/_pretrained_weights/memflow_weights/MemFlowNet_spring.pth,MemFlow
Spring,train,,mixed,MemFlowNet_spring.pth,IR_{5px},0.9956484517255306,models/_pretrained_weights/memflow_weights/MemFlowNet_spring.pth,MemFlow
Spring,train,,mixed,MemFlowNet_spring.pth,fl-kitti,0.0061188152125771,models/_pretrained_weights/memflow_weights/MemFlowNet_spring.pth,MemFlow
Spring,train,,mixed,MemFlowNet_spring.pth,MSE,12.12625217437744,models/_pretrained_weights/memflow_weights/MemFlowNet_spring.pth,MemFlow
Spring,train,,mixed,MemFlowNet_spring.pth,WAUC,0.9674389727684024,models/_pretrained_weights/memflow_weights/MemFlowNet_spring.pth,MemFlow
Spring,train,,S,MemFlowNet_sintel.pth,EPE,0.3880114555358886,models/_pretrained_weights/memflow_weights/MemFlowNet_sintel.pth,MemFlow
Spring,train,,S,MemFlowNet_sintel.pth,IR_{1px},0.9626217178138848,models/_pretrained_weights/memflow_weights/MemFlowNet_sintel.pth,MemFlow
Spring,train,,S,MemFlowNet_sintel.pth,IR_{3px},0.986501314551523,models/_pretrained_weights/memflow_weights/MemFlowNet_sintel.pth,MemFlow
Spring,train,,S,MemFlowNet_sintel.pth,IR_{5px},0.992694983285196,models/_pretrained_weights/memflow_weights/MemFlowNet_sintel.pth,MemFlow
Spring,train,,S,MemFlowNet_sintel.pth,fl-kitti,0.0123329741092489,models/_pretrained_weights/memflow_weights/MemFlowNet_sintel.pth,MemFlow
Spring,train,,S,MemFlowNet_sintel.pth,MSE,16.607919692993164,models/_pretrained_weights/memflow_weights/MemFlowNet_sintel.pth,MemFlow
Spring,train,,S,MemFlowNet_sintel.pth,WAUC,0.9478379133272452,models/_pretrained_weights/memflow_weights/MemFlowNet_sintel.pth,MemFlow
Spring,train,,K,MemFlowNet_kitti.pth,EPE,1.3683687448501587,models/_pretrained_weights/memflow_weights/MemFlowNet_kitti.pth,MemFlow
Spring,train,,K,MemFlowNet_kitti.pth,IR_{1px},0.9274526586296632,models/_pretrained_weights/memflow_weights/MemFlowNet_kitti.pth,MemFlow
Spring,train,,K,MemFlowNet_kitti.pth,IR_{3px},0.9729614801206596,models/_pretrained_weights/memflow_weights/MemFlowNet_kitti.pth,MemFlow
Spring,train,,K,MemFlowNet_kitti.pth,IR_{5px},0.9832224758119544,models/_pretrained_weights/memflow_weights/MemFlowNet_kitti.pth,MemFlow
Spring,train,,K,MemFlowNet_kitti.pth,fl-kitti,0.0262147858116915,models/_pretrained_weights/memflow_weights/MemFlowNet_kitti.pth,MemFlow
Spring,train,,K,MemFlowNet_kitti.pth,MSE,125.2378387451172,models/_pretrained_weights/memflow_weights/MemFlowNet_kitti.pth,MemFlow
Spring,train,,K,MemFlowNet_kitti.pth,WAUC,0.8913564735411086,models/_pretrained_weights/memflow_weights/MemFlowNet_kitti.pth,MemFlow
Spring,train,,C+T,MemFlowNet_things.pth,EPE,0.4264325499534607,models/_pretrained_weights/memflow_weights/MemFlowNet_things.pth,MemFlow
Spring,train,,C+T,MemFlowNet_things.pth,IR_{1px},0.9572744363088396,models/_pretrained_weights/memflow_weights/MemFlowNet_things.pth,MemFlow
Spring,train,,C+T,MemFlowNet_things.pth,IR_{3px},0.9868960999152684,models/_pretrained_weights/memflow_weights/MemFlowNet_things.pth,MemFlow
Spring,train,,C+T,MemFlowNet_things.pth,IR_{5px},0.9921752321393612,models/_pretrained_weights/memflow_weights/MemFlowNet_things.pth,MemFlow
Spring,train,,C+T,MemFlowNet_things.pth,fl-kitti,0.0119868497408518,models/_pretrained_weights/memflow_weights/MemFlowNet_things.pth,MemFlow
Spring,train,,C+T,MemFlowNet_things.pth,MSE,18.189868927001957,models/_pretrained_weights/memflow_weights/MemFlowNet_things.pth,MemFlow
Spring,train,,C+T,MemFlowNet_things.pth,WAUC,0.943557056513693,models/_pretrained_weights/memflow_weights/MemFlowNet_things.pth,MemFlow
Spring,train,,C+T,gmflow-scale2-regrefine6-things-776ed612.pth,EPE,0.7064549326896667,models/_pretrained_weights/unimatch_weights/gmflow-scale2-regrefine6-things-776ed612.pth,GMFlow+
Spring,train,,C+T,gmflow-scale2-regrefine6-things-776ed612.pth,IR_{1px},0.9440545938825168,models/_pretrained_weights/unimatch_weights/gmflow-scale2-regrefine6-things-776ed612.pth,GMFlow+
Spring,train,,C+T,gmflow-scale2-regrefine6-things-776ed612.pth,IR_{3px},0.9833156991031,models/_pretrained_weights/unimatch_weights/gmflow-scale2-regrefine6-things-776ed612.pth,GMFlow+
Spring,train,,C+T,gmflow-scale2-regrefine6-things-776ed612.pth,IR_{5px},0.9895587276341048,models/_pretrained_weights/unimatch_weights/gmflow-scale2-regrefine6-things-776ed612.pth,GMFlow+
Spring,train,,C+T,gmflow-scale2-regrefine6-things-776ed612.pth,fl-kitti,0.0156438566222468,models/_pretrained_weights/unimatch_weights/gmflow-scale2-regrefine6-things-776ed612.pth,GMFlow+
Spring,train,,C+T,gmflow-scale2-regrefine6-things-776ed612.pth,MSE,40.2482795715332,models/_pretrained_weights/unimatch_weights/gmflow-scale2-regrefine6-things-776ed612.pth,GMFlow+
Spring,train,,C+T,gmflow-scale2-regrefine6-things-776ed612.pth,WAUC,0.8949292962026719,models/_pretrained_weights/unimatch_weights/gmflow-scale2-regrefine6-things-776ed612.pth,GMFlow+
Spring,train,,S,gmflow-scale2-regrefine6-sintelft-6e39e2b9.pth,EPE,0.5347997546195984,models/_pretrained_weights/unimatch_weights/gmflow-scale2-regrefine6-sintelft-6e39e2b9.pth,GMFlow+
Spring,train,,S,gmflow-scale2-regrefine6-sintelft-6e39e2b9.pth,IR_{1px},0.9390217567938688,models/_pretrained_weights/unimatch_weights/gmflow-scale2-regrefine6-sintelft-6e39e2b9.pth,GMFlow+
Spring,train,,S,gmflow-scale2-regrefine6-sintelft-6e39e2b9.pth,IR_{3px},0.9823742721862946,models/_pretrained_weights/unimatch_weights/gmflow-scale2-regrefine6-sintelft-6e39e2b9.pth,GMFlow+
Spring,train,,S,gmflow-scale2-regrefine6-sintelft-6e39e2b9.pth,IR_{5px},0.9906710472337564,models/_pretrained_weights/unimatch_weights/gmflow-scale2-regrefine6-sintelft-6e39e2b9.pth,GMFlow+
Spring,train,,S,gmflow-scale2-regrefine6-sintelft-6e39e2b9.pth,fl-kitti,0.0163578177207894,models/_pretrained_weights/unimatch_weights/gmflow-scale2-regrefine6-sintelft-6e39e2b9.pth,GMFlow+
Spring,train,,S,gmflow-scale2-regrefine6-sintelft-6e39e2b9.pth,MSE,14.116153717041016,models/_pretrained_weights/unimatch_weights/gmflow-scale2-regrefine6-sintelft-6e39e2b9.pth,GMFlow+
Spring,train,,S,gmflow-scale2-regrefine6-sintelft-6e39e2b9.pth,WAUC,0.8945187587566032,models/_pretrained_weights/unimatch_weights/gmflow-scale2-regrefine6-sintelft-6e39e2b9.pth,GMFlow+
Spring,train,,mixed,gmflow-scale2-regrefine6-mixdata-train320x576-4e7b215d.pth,EPE,0.9325550198554992,models/_pretrained_weights/unimatch_weights/gmflow-scale2-regrefine6-mixdata-train320x576-4e7b215d.pth,GMFlow+
Spring,train,,mixed,gmflow-scale2-regrefine6-mixdata-train320x576-4e7b215d.pth,IR_{1px},0.9053930722803536,models/_pretrained_weights/unimatch_weights/gmflow-scale2-regrefine6-mixdata-train320x576-4e7b215d.pth,GMFlow+
Spring,train,,mixed,gmflow-scale2-regrefine6-mixdata-train320x576-4e7b215d.pth,IR_{3px},0.9656175307742412,models/_pretrained_weights/unimatch_weights/gmflow-scale2-regrefine6-mixdata-train320x576-4e7b215d.pth,GMFlow+
Spring,train,,mixed,gmflow-scale2-regrefine6-mixdata-train320x576-4e7b215d.pth,IR_{5px},0.9776518826223234,models/_pretrained_weights/unimatch_weights/gmflow-scale2-regrefine6-mixdata-train320x576-4e7b215d.pth,GMFlow+
Spring,train,,mixed,gmflow-scale2-regrefine6-mixdata-train320x576-4e7b215d.pth,fl-kitti,0.0332343046322474,models/_pretrained_weights/unimatch_weights/gmflow-scale2-regrefine6-mixdata-train320x576-4e7b215d.pth,GMFlow+
Spring,train,,mixed,gmflow-scale2-regrefine6-mixdata-train320x576-4e7b215d.pth,MSE,28.029376983642575,models/_pretrained_weights/unimatch_weights/gmflow-scale2-regrefine6-mixdata-train320x576-4e7b215d.pth,GMFlow+
Spring,train,,mixed,gmflow-scale2-regrefine6-mixdata-train320x576-4e7b215d.pth,WAUC,0.8507133045469898,models/_pretrained_weights/unimatch_weights/gmflow-scale2-regrefine6-mixdata-train320x576-4e7b215d.pth,GMFlow+
Spring,train,,K,gmflow-scale2-regrefine6-kitti15-25b554d7.pth,EPE,1.092616081237793,models/_pretrained_weights/unimatch_weights/gmflow-scale2-regrefine6-kitti15-25b554d7.pth,GMFlow+
Spring,train,,K,gmflow-scale2-regrefine6-kitti15-25b554d7.pth,IR_{1px},0.8583350618729917,models/_pretrained_weights/unimatch_weights/gmflow-scale2-regrefine6-kitti15-25b554d7.pth,GMFlow+
Spring,train,,K,gmflow-scale2-regrefine6-kitti15-25b554d7.pth,IR_{3px},0.9555210029750658,models/_pretrained_weights/unimatch_weights/gmflow-scale2-regrefine6-kitti15-25b554d7.pth,GMFlow+
Spring,train,,K,gmflow-scale2-regrefine6-kitti15-25b554d7.pth,IR_{5px},0.9743008271995142,models/_pretrained_weights/unimatch_weights/gmflow-scale2-regrefine6-kitti15-25b554d7.pth,GMFlow+
Spring,train,,K,gmflow-scale2-regrefine6-kitti15-25b554d7.pth,fl-kitti,0.0427267925549545,models/_pretrained_weights/unimatch_weights/gmflow-scale2-regrefine6-kitti15-25b554d7.pth,GMFlow+
Spring,train,,K,gmflow-scale2-regrefine6-kitti15-25b554d7.pth,MSE,29.870716094970703,models/_pretrained_weights/unimatch_weights/gmflow-scale2-regrefine6-kitti15-25b554d7.pth,GMFlow+
Spring,train,,K,gmflow-scale2-regrefine6-kitti15-25b554d7.pth,WAUC,0.8112468746603227,models/_pretrained_weights/unimatch_weights/gmflow-scale2-regrefine6-kitti15-25b554d7.pth,GMFlow+
Spring,train,,S,sintel,EPE,0.4108165204524994,sintel,RPKNet
Spring,train,,S,sintel,IR_{1px},0.9634768281043944,sintel,RPKNet
Spring,train,,S,sintel,IR_{3px},0.9883405017450296,sintel,RPKNet
Spring,train,,S,sintel,IR_{5px},0.9931961045762868,sintel,RPKNet
Spring,train,,S,sintel,fl-kitti,0.0106401378271339,sintel,RPKNet
Spring,train,,S,sintel,MSE,22.115175247192383,sintel,RPKNet
Spring,train,,S,sintel,WAUC,0.9464950807110796,sintel,RPKNet
Spring,train,,C,chairs,EPE,0.6467767357826233,chairs,RPKNet
Spring,train,,C,chairs,IR_{1px},0.926886007610974,chairs,RPKNet
Spring,train,,C,chairs,IR_{3px},0.9804586081795154,chairs,RPKNet
Spring,train,,C,chairs,IR_{5px},0.9884157812954856,chairs,RPKNet
Spring,train,,C,chairs,fl-kitti,0.0183908589369596,chairs,RPKNet
Spring,train,,C,chairs,MSE,30.20273780822754,chairs,RPKNet
Spring,train,,C,chairs,WAUC,0.9082671361368704,chairs,RPKNet
Spring,train,,K,kitti,EPE,0.5785849690437317,kitti,RPKNet
Spring,train,,K,kitti,IR_{1px},0.9536101438320472,kitti,RPKNet
Spring,train,,K,kitti,IR_{3px},0.9836893338787316,kitti,RPKNet
Spring,train,,K,kitti,IR_{5px},0.989985745500909,kitti,RPKNet
Spring,train,,K,kitti,fl-kitti,0.0152565034353219,kitti,RPKNet
Spring,train,,K,kitti,MSE,29.63339614868164,kitti,RPKNet
Spring,train,,K,kitti,WAUC,0.9275209907491933,kitti,RPKNet
Spring,train,,C+T,things,EPE,0.4195935130119324,things,RPKNet
Spring,train,,C+T,things,IR_{1px},0.9638448260201228,things,RPKNet
Spring,train,,C+T,things,IR_{3px},0.9881452330673532,things,RPKNet
Spring,train,,C+T,things,IR_{5px},0.992580693471187,things,RPKNet
Spring,train,,C+T,things,fl-kitti,0.0108117906654269,things,RPKNet
Spring,train,,C+T,things,MSE,19.553998947143555,things,RPKNet
Spring,train,,C+T,things,WAUC,0.942910672579387,things,RPKNet
Spring,train,,C,Tartan-C368x496-M.pth,EPE,2.813984632492065,models/_pretrained_weights/SEA-RAFT-models/Tartan-C368x496-M.pth,SEA-RAFT (L)
Spring,train,,C,Tartan-C368x496-M.pth,IR_{1px},0.9125376168743397,models/_pretrained_weights/SEA-RAFT-models/Tartan-C368x496-M.pth,SEA-RAFT (L)
Spring,train,,C,Tartan-C368x496-M.pth,IR_{3px},0.9655355931728594,models/_pretrained_weights/SEA-RAFT-models/Tartan-C368x496-M.pth,SEA-RAFT (L)
Spring,train,,C,Tartan-C368x496-M.pth,IR_{5px},0.9746399652920112,models/_pretrained_weights/SEA-RAFT-models/Tartan-C368x496-M.pth,SEA-RAFT (L)
Spring,train,,C,Tartan-C368x496-M.pth,fl-kitti,0.0337091551546251,models/_pretrained_weights/SEA-RAFT-models/Tartan-C368x496-M.pth,SEA-RAFT (L)
Spring,train,,C,Tartan-C368x496-M.pth,MSE,474.8387451171875,models/_pretrained_weights/SEA-RAFT-models/Tartan-C368x496-M.pth,SEA-RAFT (L)
Spring,train,,C,Tartan-C368x496-M.pth,WAUC,0.892171513327659,models/_pretrained_weights/SEA-RAFT-models/Tartan-C368x496-M.pth,SEA-RAFT (L)
Spring,train,,S,Tartan-C-T-TSKH432x960-M.pth,EPE,0.4403382539749145,models/_pretrained_weights/SEA-RAFT-models/Tartan-C-T-TSKH432x960-M.pth,SEA-RAFT (L)
Spring,train,,S,Tartan-C-T-TSKH432x960-M.pth,IR_{1px},0.9620532180520308,models/_pretrained_weights/SEA-RAFT-models/Tartan-C-T-TSKH432x960-M.pth,SEA-RAFT (L)
Spring,train,,S,Tartan-C-T-TSKH432x960-M.pth,IR_{3px},0.9873512433749574,models/_pretrained_weights/SEA-RAFT-models/Tartan-C-T-TSKH432x960-M.pth,SEA-RAFT (L)
Spring,train,,S,Tartan-C-T-TSKH432x960-M.pth,IR_{5px},0.9923146507686728,models/_pretrained_weights/SEA-RAFT-models/Tartan-C-T-TSKH432x960-M.pth,SEA-RAFT (L)
Spring,train,,S,Tartan-C-T-TSKH432x960-M.pth,fl-kitti,0.011767824959577,models/_pretrained_weights/SEA-RAFT-models/Tartan-C-T-TSKH432x960-M.pth,SEA-RAFT (L)
Spring,train,,S,Tartan-C-T-TSKH432x960-M.pth,MSE,25.56748962402344,models/_pretrained_weights/SEA-RAFT-models/Tartan-C-T-TSKH432x960-M.pth,SEA-RAFT (L)
Spring,train,,S,Tartan-C-T-TSKH432x960-M.pth,WAUC,0.9481677692857,models/_pretrained_weights/SEA-RAFT-models/Tartan-C-T-TSKH432x960-M.pth,SEA-RAFT (L)
Spring,train,,mixed,Tartan-C-T-TSKH-spring540x960-M.pth,EPE,0.2142602503299713,models/_pretrained_weights/SEA-RAFT-models/Tartan-C-T-TSKH-spring540x960-M.pth,SEA-RAFT (L)
Spring,train,,mixed,Tartan-C-T-TSKH-spring540x960-M.pth,IR_{1px},0.9817486418796858,models/_pretrained_weights/SEA-RAFT-models/Tartan-C-T-TSKH-spring540x960-M.pth,SEA-RAFT (L)
Spring,train,,mixed,Tartan-C-T-TSKH-spring540x960-M.pth,IR_{3px},0.993759447694482,models/_pretrained_weights/SEA-RAFT-models/Tartan-C-T-TSKH-spring540x960-M.pth,SEA-RAFT (L)
Spring,train,,mixed,Tartan-C-T-TSKH-spring540x960-M.pth,IR_{5px},0.9959982276664834,models/_pretrained_weights/SEA-RAFT-models/Tartan-C-T-TSKH-spring540x960-M.pth,SEA-RAFT (L)
Spring,train,,mixed,Tartan-C-T-TSKH-spring540x960-M.pth,fl-kitti,0.005399118376525,models/_pretrained_weights/SEA-RAFT-models/Tartan-C-T-TSKH-spring540x960-M.pth,SEA-RAFT (L)
Spring,train,,mixed,Tartan-C-T-TSKH-spring540x960-M.pth,MSE,9.592187881469728,models/_pretrained_weights/SEA-RAFT-models/Tartan-C-T-TSKH-spring540x960-M.pth,SEA-RAFT (L)
Spring,train,,mixed,Tartan-C-T-TSKH-spring540x960-M.pth,WAUC,0.9727511865809066,models/_pretrained_weights/SEA-RAFT-models/Tartan-C-T-TSKH-spring540x960-M.pth,SEA-RAFT (L)
Spring,train,,tartan,Tartan480x640-M.pth,EPE,1.2378292083740234,models/_pretrained_weights/SEA-RAFT-models/Tartan480x640-M.pth,SEA-RAFT (L)
Spring,train,,tartan,Tartan480x640-M.pth,IR_{1px},0.9167848517841006,models/_pretrained_weights/SEA-RAFT-models/Tartan480x640-M.pth,SEA-RAFT (L)
Spring,train,,tartan,Tartan480x640-M.pth,IR_{3px},0.955255076148109,models/_pretrained_weights/SEA-RAFT-models/Tartan480x640-M.pth,SEA-RAFT (L)
Spring,train,,tartan,Tartan480x640-M.pth,IR_{5px},0.9681210122611316,models/_pretrained_weights/SEA-RAFT-models/Tartan480x640-M.pth,SEA-RAFT (L)
Spring,train,,tartan,Tartan480x640-M.pth,fl-kitti,0.0440731609310415,models/_pretrained_weights/SEA-RAFT-models/Tartan480x640-M.pth,SEA-RAFT (L)
Spring,train,,tartan,Tartan480x640-M.pth,MSE,56.81742477416992,models/_pretrained_weights/SEA-RAFT-models/Tartan480x640-M.pth,SEA-RAFT (L)
Spring,train,,tartan,Tartan480x640-M.pth,WAUC,0.8994221382438397,models/_pretrained_weights/SEA-RAFT-models/Tartan480x640-M.pth,SEA-RAFT (L)
Spring,train,,C+T,Tartan-C-T432x960-M.pth,EPE,3.4536550045013428,models/_pretrained_weights/SEA-RAFT-models/Tartan-C-T432x960-M.pth,SEA-RAFT (L)
Spring,train,,C+T,Tartan-C-T432x960-M.pth,IR_{1px},0.938832917145372,models/_pretrained_weights/SEA-RAFT-models/Tartan-C-T432x960-M.pth,SEA-RAFT (L)
Spring,train,,C+T,Tartan-C-T432x960-M.pth,IR_{3px},0.9736913713338012,models/_pretrained_weights/SEA-RAFT-models/Tartan-C-T432x960-M.pth,SEA-RAFT (L)
Spring,train,,C+T,Tartan-C-T432x960-M.pth,IR_{5px},0.9798837619158418,models/_pretrained_weights/SEA-RAFT-models/Tartan-C-T432x960-M.pth,SEA-RAFT (L)
Spring,train,,C+T,Tartan-C-T432x960-M.pth,fl-kitti,0.0256210574242326,models/_pretrained_weights/SEA-RAFT-models/Tartan-C-T432x960-M.pth,SEA-RAFT (L)
Spring,train,,C+T,Tartan-C-T432x960-M.pth,MSE,743.933349609375,models/_pretrained_weights/SEA-RAFT-models/Tartan-C-T432x960-M.pth,SEA-RAFT (L)
Spring,train,,C+T,Tartan-C-T432x960-M.pth,WAUC,0.9254965423718212,models/_pretrained_weights/SEA-RAFT-models/Tartan-C-T432x960-M.pth,SEA-RAFT (L)
Spring,train,,K,Tartan-C-T-TSKH-kitti432x960-M.pth,EPE,0.8545188307762146,models/_pretrained_weights/SEA-RAFT-models/Tartan-C-T-TSKH-kitti432x960-M.pth,SEA-RAFT (L)
Spring,train,,K,Tartan-C-T-TSKH-kitti432x960-M.pth,IR_{1px},0.9444193803346932,models/_pretrained_weights/SEA-RAFT-models/Tartan-C-T-TSKH-kitti432x960-M.pth,SEA-RAFT (L)
Spring,train,,K,Tartan-C-T-TSKH-kitti432x960-M.pth,IR_{3px},0.9786279071522028,models/_pretrained_weights/SEA-RAFT-models/Tartan-C-T-TSKH-kitti432x960-M.pth,SEA-RAFT (L)
Spring,train,,K,Tartan-C-T-TSKH-kitti432x960-M.pth,IR_{5px},0.9858830716277592,models/_pretrained_weights/SEA-RAFT-models/Tartan-C-T-TSKH-kitti432x960-M.pth,SEA-RAFT (L)
Spring,train,,K,Tartan-C-T-TSKH-kitti432x960-M.pth,fl-kitti,0.0204425804649841,models/_pretrained_weights/SEA-RAFT-models/Tartan-C-T-TSKH-kitti432x960-M.pth,SEA-RAFT (L)
Spring,train,,K,Tartan-C-T-TSKH-kitti432x960-M.pth,MSE,64.59261322021484,models/_pretrained_weights/SEA-RAFT-models/Tartan-C-T-TSKH-kitti432x960-M.pth,SEA-RAFT (L)
Spring,train,,K,Tartan-C-T-TSKH-kitti432x960-M.pth,WAUC,0.9132448332079348,models/_pretrained_weights/SEA-RAFT-models/Tartan-C-T-TSKH-kitti432x960-M.pth,SEA-RAFT (L)
Spring,train,,C+T,gmflow-scale1-things-e9887eda.pth,EPE,1.322605848312378,models/_pretrained_weights/unimatch_weights/gmflow-scale1-things-e9887eda.pth,GMFlow+ (s1)
Spring,train,,C+T,gmflow-scale1-things-e9887eda.pth,IR_{1px},0.5961447194626479,models/_pretrained_weights/unimatch_weights/gmflow-scale1-things-e9887eda.pth,GMFlow+ (s1)
Spring,train,,C+T,gmflow-scale1-things-e9887eda.pth,IR_{3px},0.9646315897411268,models/_pretrained_weights/unimatch_weights/gmflow-scale1-things-e9887eda.pth,GMFlow+ (s1)
Spring,train,,C+T,gmflow-scale1-things-e9887eda.pth,IR_{5px},0.9848044024220608,models/_pretrained_weights/unimatch_weights/gmflow-scale1-things-e9887eda.pth,GMFlow+ (s1)
Spring,train,,C+T,gmflow-scale1-things-e9887eda.pth,fl-kitti,0.0339253811643627,models/_pretrained_weights/unimatch_weights/gmflow-scale1-things-e9887eda.pth,GMFlow+ (s1)
Spring,train,,C+T,gmflow-scale1-things-e9887eda.pth,MSE,20.199995040893555,models/_pretrained_weights/unimatch_weights/gmflow-scale1-things-e9887eda.pth,GMFlow+ (s1)
Spring,train,,C+T,gmflow-scale1-things-e9887eda.pth,WAUC,0.6776103101034371,models/_pretrained_weights/unimatch_weights/gmflow-scale1-things-e9887eda.pth,GMFlow+ (s1)
Spring,train,,mixed,gmflow-scale1-mixdata-train320x576-4c3a6e9a.pth,EPE,2.007089614868164,models/_pretrained_weights/unimatch_weights/gmflow-scale1-mixdata-train320x576-4c3a6e9a.pth,GMFlow+ (s1)
Spring,train,,mixed,gmflow-scale1-mixdata-train320x576-4c3a6e9a.pth,IR_{1px},0.4505033767527333,models/_pretrained_weights/unimatch_weights/gmflow-scale1-mixdata-train320x576-4c3a6e9a.pth,GMFlow+ (s1)
Spring,train,,mixed,gmflow-scale1-mixdata-train320x576-4c3a6e9a.pth,IR_{3px},0.7621063271114915,models/_pretrained_weights/unimatch_weights/gmflow-scale1-mixdata-train320x576-4c3a6e9a.pth,GMFlow+ (s1)
Spring,train,,mixed,gmflow-scale1-mixdata-train320x576-4c3a6e9a.pth,IR_{5px},0.962583012148341,models/_pretrained_weights/unimatch_weights/gmflow-scale1-mixdata-train320x576-4c3a6e9a.pth,GMFlow+ (s1)
Spring,train,,mixed,gmflow-scale1-mixdata-train320x576-4c3a6e9a.pth,fl-kitti,0.2361312186874243,models/_pretrained_weights/unimatch_weights/gmflow-scale1-mixdata-train320x576-4c3a6e9a.pth,GMFlow+ (s1)
Spring,train,,mixed,gmflow-scale1-mixdata-train320x576-4c3a6e9a.pth,MSE,21.28828811645508,models/_pretrained_weights/unimatch_weights/gmflow-scale1-mixdata-train320x576-4c3a6e9a.pth,GMFlow+ (s1)
Spring,train,,mixed,gmflow-scale1-mixdata-train320x576-4c3a6e9a.pth,WAUC,0.5321992829698303,models/_pretrained_weights/unimatch_weights/gmflow-scale1-mixdata-train320x576-4c3a6e9a.pth,GMFlow+ (s1)
Spring,train,,C+T,matchflow-r-things.pth,EPE,1.16797935962677,models/_pretrained_weights/matchflow_weights/matchflow-r/matchflow-r-things.pth,MatchFlow (R)
Spring,train,,C+T,matchflow-r-things.pth,IR_{1px},0.9552366278277586,models/_pretrained_weights/matchflow_weights/matchflow-r/matchflow-r-things.pth,MatchFlow (R)
Spring,train,,C+T,matchflow-r-things.pth,IR_{3px},0.9834736298044262,models/_pretrained_weights/matchflow_weights/matchflow-r/matchflow-r-things.pth,MatchFlow (R)
Spring,train,,C+T,matchflow-r-things.pth,IR_{5px},0.9891008988366446,models/_pretrained_weights/matchflow_weights/matchflow-r/matchflow-r-things.pth,MatchFlow (R)
Spring,train,,C+T,matchflow-r-things.pth,fl-kitti,0.0157791581781399,models/_pretrained_weights/matchflow_weights/matchflow-r/matchflow-r-things.pth,MatchFlow (R)
Spring,train,,C+T,matchflow-r-things.pth,MSE,195.48907470703125,models/_pretrained_weights/matchflow_weights/matchflow-r/matchflow-r-things.pth,MatchFlow (R)
Spring,train,,C+T,matchflow-r-things.pth,WAUC,0.9393103650767484,models/_pretrained_weights/matchflow_weights/matchflow-r/matchflow-r-things.pth,MatchFlow (R)
FlyingThings3D,validation,final,K,kitti.pth,EPE,14.197918891906738,models/_pretrained_weights/FlowFormer-Models/kitti.pth,FlowFormer
FlyingThings3D,validation,final,K,kitti.pth,IR_{1px},0.6347477609112775,models/_pretrained_weights/FlowFormer-Models/kitti.pth,FlowFormer
FlyingThings3D,validation,final,K,kitti.pth,IR_{3px},0.7620689536726102,models/_pretrained_weights/FlowFormer-Models/kitti.pth,FlowFormer
FlyingThings3D,validation,final,K,kitti.pth,IR_{5px},0.7953434431725991,models/_pretrained_weights/FlowFormer-Models/kitti.pth,FlowFormer
FlyingThings3D,validation,final,K,kitti.pth,fl-kitti,0.2288051125813327,models/_pretrained_weights/FlowFormer-Models/kitti.pth,FlowFormer
FlyingThings3D,validation,final,K,kitti.pth,MSE,1280.8955078125,models/_pretrained_weights/FlowFormer-Models/kitti.pth,FlowFormer
FlyingThings3D,validation,final,K,kitti.pth,WAUC,0.6171380815002188,models/_pretrained_weights/FlowFormer-Models/kitti.pth,FlowFormer
FlyingThings3D,validation,final,C,chairs.pth,EPE,13.512664794921877,models/_pretrained_weights/FlowFormer-Models/chairs.pth,FlowFormer
FlyingThings3D,validation,final,C,chairs.pth,IR_{1px},0.692695351973425,models/_pretrained_weights/FlowFormer-Models/chairs.pth,FlowFormer
FlyingThings3D,validation,final,C,chairs.pth,IR_{3px},0.8162913162888396,models/_pretrained_weights/FlowFormer-Models/chairs.pth,FlowFormer
FlyingThings3D,validation,final,C,chairs.pth,IR_{5px},0.8456087236840842,models/_pretrained_weights/FlowFormer-Models/chairs.pth,FlowFormer
FlyingThings3D,validation,final,C,chairs.pth,fl-kitti,0.1747776757961508,models/_pretrained_weights/FlowFormer-Models/chairs.pth,FlowFormer
FlyingThings3D,validation,final,C,chairs.pth,MSE,1340.323974609375,models/_pretrained_weights/FlowFormer-Models/chairs.pth,FlowFormer
FlyingThings3D,validation,final,C,chairs.pth,WAUC,0.6702286897715689,models/_pretrained_weights/FlowFormer-Models/chairs.pth,FlowFormer
FlyingThings3D,validation,final,S,sintel.pth,EPE,4.548298358917236,models/_pretrained_weights/FlowFormer-Models/sintel.pth,FlowFormer
FlyingThings3D,validation,final,S,sintel.pth,IR_{1px},0.8309679252425403,models/_pretrained_weights/FlowFormer-Models/sintel.pth,FlowFormer
FlyingThings3D,validation,final,S,sintel.pth,IR_{3px},0.905059683803782,models/_pretrained_weights/FlowFormer-Models/sintel.pth,FlowFormer
FlyingThings3D,validation,final,S,sintel.pth,IR_{5px},0.92579705510474,models/_pretrained_weights/FlowFormer-Models/sintel.pth,FlowFormer
FlyingThings3D,validation,final,S,sintel.pth,fl-kitti,0.0833503415300864,models/_pretrained_weights/FlowFormer-Models/sintel.pth,FlowFormer
FlyingThings3D,validation,final,S,sintel.pth,MSE,520.8966064453125,models/_pretrained_weights/FlowFormer-Models/sintel.pth,FlowFormer
FlyingThings3D,validation,final,S,sintel.pth,WAUC,0.8126247933350573,models/_pretrained_weights/FlowFormer-Models/sintel.pth,FlowFormer
FlyingThings3D,validation,final,C+T,things.pth,EPE,3.615730047225952,models/_pretrained_weights/FlowFormer-Models/things.pth,FlowFormer
FlyingThings3D,validation,final,C+T,things.pth,IR_{1px},0.837529834365827,models/_pretrained_weights/FlowFormer-Models/things.pth,FlowFormer
FlyingThings3D,validation,final,C+T,things.pth,IR_{3px},0.9112709865536458,models/_pretrained_weights/FlowFormer-Models/things.pth,FlowFormer
FlyingThings3D,validation,final,C+T,things.pth,IR_{5px},0.9320846350609182,models/_pretrained_weights/FlowFormer-Models/things.pth,FlowFormer
FlyingThings3D,validation,final,C+T,things.pth,fl-kitti,0.0762213129184097,models/_pretrained_weights/FlowFormer-Models/things.pth,FlowFormer
FlyingThings3D,validation,final,C+T,things.pth,MSE,405.2787780761719,models/_pretrained_weights/FlowFormer-Models/things.pth,FlowFormer
FlyingThings3D,validation,final,C+T,things.pth,WAUC,0.8203017548039869,models/_pretrained_weights/FlowFormer-Models/things.pth,FlowFormer
FlyingThings3D,validation,final,K,matchflow-g-kitti.pth,EPE,14.383939743041992,models/_pretrained_weights/matchflow_weights/matchflow-g/matchflow-g-kitti.pth,MatchFlow (G)
FlyingThings3D,validation,final,K,matchflow-g-kitti.pth,IR_{1px},0.6122226074186806,models/_pretrained_weights/matchflow_weights/matchflow-g/matchflow-g-kitti.pth,MatchFlow (G)
FlyingThings3D,validation,final,K,matchflow-g-kitti.pth,IR_{3px},0.7530496097173912,models/_pretrained_weights/matchflow_weights/matchflow-g/matchflow-g-kitti.pth,MatchFlow (G)
FlyingThings3D,validation,final,K,matchflow-g-kitti.pth,IR_{5px},0.7908046777507222,models/_pretrained_weights/matchflow_weights/matchflow-g/matchflow-g-kitti.pth,MatchFlow (G)
FlyingThings3D,validation,final,K,matchflow-g-kitti.pth,fl-kitti,0.2372893036961337,models/_pretrained_weights/matchflow_weights/matchflow-g/matchflow-g-kitti.pth,MatchFlow (G)
FlyingThings3D,validation,final,K,matchflow-g-kitti.pth,MSE,1320.6153564453125,models/_pretrained_weights/matchflow_weights/matchflow-g/matchflow-g-kitti.pth,MatchFlow (G)
FlyingThings3D,validation,final,K,matchflow-g-kitti.pth,WAUC,0.6029814442962524,models/_pretrained_weights/matchflow_weights/matchflow-g/matchflow-g-kitti.pth,MatchFlow (G)
FlyingThings3D,validation,final,S,matchflow-g-sintel.pth,EPE,4.061767101287842,models/_pretrained_weights/matchflow_weights/matchflow-g/matchflow-g-sintel.pth,MatchFlow (G)
FlyingThings3D,validation,final,S,matchflow-g-sintel.pth,IR_{1px},0.8276647050056714,models/_pretrained_weights/matchflow_weights/matchflow-g/matchflow-g-sintel.pth,MatchFlow (G)
FlyingThings3D,validation,final,S,matchflow-g-sintel.pth,IR_{3px},0.9024343303180484,models/_pretrained_weights/matchflow_weights/matchflow-g/matchflow-g-sintel.pth,MatchFlow (G)
FlyingThings3D,validation,final,S,matchflow-g-sintel.pth,IR_{5px},0.9238916200653802,models/_pretrained_weights/matchflow_weights/matchflow-g/matchflow-g-sintel.pth,MatchFlow (G)
FlyingThings3D,validation,final,S,matchflow-g-sintel.pth,fl-kitti,0.0852022583687449,models/_pretrained_weights/matchflow_weights/matchflow-g/matchflow-g-sintel.pth,MatchFlow (G)
FlyingThings3D,validation,final,S,matchflow-g-sintel.pth,MSE,424.8087768554688,models/_pretrained_weights/matchflow_weights/matchflow-g/matchflow-g-sintel.pth,MatchFlow (G)
FlyingThings3D,validation,final,S,matchflow-g-sintel.pth,WAUC,0.8114367697587855,models/_pretrained_weights/matchflow_weights/matchflow-g/matchflow-g-sintel.pth,MatchFlow (G)
FlyingThings3D,validation,final,C,matchflow-g-chairs.pth,EPE,9.716679573059082,models/_pretrained_weights/matchflow_weights/matchflow-g/matchflow-g-chairs.pth,MatchFlow (G)
FlyingThings3D,validation,final,C,matchflow-g-chairs.pth,IR_{1px},0.6834421989838099,models/_pretrained_weights/matchflow_weights/matchflow-g/matchflow-g-chairs.pth,MatchFlow (G)
FlyingThings3D,validation,final,C,matchflow-g-chairs.pth,IR_{3px},0.8229431610652175,models/_pretrained_weights/matchflow_weights/matchflow-g/matchflow-g-chairs.pth,MatchFlow (G)
FlyingThings3D,validation,final,C,matchflow-g-chairs.pth,IR_{5px},0.8556267237400282,models/_pretrained_weights/matchflow_weights/matchflow-g/matchflow-g-chairs.pth,MatchFlow (G)
FlyingThings3D,validation,final,C,matchflow-g-chairs.pth,fl-kitti,0.1634011481097272,models/_pretrained_weights/matchflow_weights/matchflow-g/matchflow-g-chairs.pth,MatchFlow (G)
FlyingThings3D,validation,final,C,matchflow-g-chairs.pth,MSE,946.9223022460938,models/_pretrained_weights/matchflow_weights/matchflow-g/matchflow-g-chairs.pth,MatchFlow (G)
FlyingThings3D,validation,final,C,matchflow-g-chairs.pth,WAUC,0.6668149325446256,models/_pretrained_weights/matchflow_weights/matchflow-g/matchflow-g-chairs.pth,MatchFlow (G)
FlyingThings3D,validation,final,C+T,matchflow-g-things.pth,EPE,3.4232003688812256,models/_pretrained_weights/matchflow_weights/matchflow-g/matchflow-g-things.pth,MatchFlow (G)
FlyingThings3D,validation,final,C+T,matchflow-g-things.pth,IR_{1px},0.8359023691405861,models/_pretrained_weights/matchflow_weights/matchflow-g/matchflow-g-things.pth,MatchFlow (G)
FlyingThings3D,validation,final,C+T,matchflow-g-things.pth,IR_{3px},0.9087952678833152,models/_pretrained_weights/matchflow_weights/matchflow-g/matchflow-g-things.pth,MatchFlow (G)
FlyingThings3D,validation,final,C+T,matchflow-g-things.pth,IR_{5px},0.9298689265544734,models/_pretrained_weights/matchflow_weights/matchflow-g/matchflow-g-things.pth,MatchFlow (G)
FlyingThings3D,validation,final,C+T,matchflow-g-things.pth,fl-kitti,0.0784759131820586,models/_pretrained_weights/matchflow_weights/matchflow-g/matchflow-g-things.pth,MatchFlow (G)
FlyingThings3D,validation,final,C+T,matchflow-g-things.pth,MSE,328.42315673828125,models/_pretrained_weights/matchflow_weights/matchflow-g/matchflow-g-things.pth,MatchFlow (G)
FlyingThings3D,validation,final,C+T,matchflow-g-things.pth,WAUC,0.8209716694073482,models/_pretrained_weights/matchflow_weights/matchflow-g/matchflow-g-things.pth,MatchFlow (G)
FlyingThings3D,validation,final,K,CCMR+_kitti.pth,EPE,8.446427345275879,models/_pretrained_weights/ccmr_weights/CCMR+_kitti.pth,CCMR+
FlyingThings3D,validation,final,K,CCMR+_kitti.pth,IR_{1px},0.8100759884866852,models/_pretrained_weights/ccmr_weights/CCMR+_kitti.pth,CCMR+
FlyingThings3D,validation,final,K,CCMR+_kitti.pth,IR_{3px},0.8729542326560216,models/_pretrained_weights/ccmr_weights/CCMR+_kitti.pth,CCMR+
FlyingThings3D,validation,final,K,CCMR+_kitti.pth,IR_{5px},0.8921216901635431,models/_pretrained_weights/ccmr_weights/CCMR+_kitti.pth,CCMR+
FlyingThings3D,validation,final,K,CCMR+_kitti.pth,fl-kitti,0.1172704142483538,models/_pretrained_weights/ccmr_weights/CCMR+_kitti.pth,CCMR+
FlyingThings3D,validation,final,K,CCMR+_kitti.pth,MSE,983.4000854492188,models/_pretrained_weights/ccmr_weights/CCMR+_kitti.pth,CCMR+
FlyingThings3D,validation,final,K,CCMR+_kitti.pth,WAUC,0.7951418571169159,models/_pretrained_weights/ccmr_weights/CCMR+_kitti.pth,CCMR+
FlyingThings3D,validation,final,C+T,CCMR+_things.pth,EPE,3.662285327911377,models/_pretrained_weights/ccmr_weights/CCMR+_things.pth,CCMR+
FlyingThings3D,validation,final,C+T,CCMR+_things.pth,IR_{1px},0.8770826822891163,models/_pretrained_weights/ccmr_weights/CCMR+_things.pth,CCMR+
FlyingThings3D,validation,final,C+T,CCMR+_things.pth,IR_{3px},0.9238545837285544,models/_pretrained_weights/ccmr_weights/CCMR+_things.pth,CCMR+
FlyingThings3D,validation,final,C+T,CCMR+_things.pth,IR_{5px},0.9386026834043016,models/_pretrained_weights/ccmr_weights/CCMR+_things.pth,CCMR+
FlyingThings3D,validation,final,C+T,CCMR+_things.pth,fl-kitti,0.0660018973198594,models/_pretrained_weights/ccmr_weights/CCMR+_things.pth,CCMR+
FlyingThings3D,validation,final,C+T,CCMR+_things.pth,MSE,422.0384826660156,models/_pretrained_weights/ccmr_weights/CCMR+_things.pth,CCMR+
FlyingThings3D,validation,final,C+T,CCMR+_things.pth,WAUC,0.8678330451814594,models/_pretrained_weights/ccmr_weights/CCMR+_things.pth,CCMR+
FlyingThings3D,validation,final,S,CCMR+_sintel.pth,EPE,4.354778289794922,models/_pretrained_weights/ccmr_weights/CCMR+_sintel.pth,CCMR+
FlyingThings3D,validation,final,S,CCMR+_sintel.pth,IR_{1px},0.8665278367677197,models/_pretrained_weights/ccmr_weights/CCMR+_sintel.pth,CCMR+
FlyingThings3D,validation,final,S,CCMR+_sintel.pth,IR_{3px},0.9157607194381654,models/_pretrained_weights/ccmr_weights/CCMR+_sintel.pth,CCMR+
FlyingThings3D,validation,final,S,CCMR+_sintel.pth,IR_{5px},0.9313404349811673,models/_pretrained_weights/ccmr_weights/CCMR+_sintel.pth,CCMR+
FlyingThings3D,validation,final,S,CCMR+_sintel.pth,fl-kitti,0.0743023700984363,models/_pretrained_weights/ccmr_weights/CCMR+_sintel.pth,CCMR+
FlyingThings3D,validation,final,S,CCMR+_sintel.pth,MSE,503.6645202636719,models/_pretrained_weights/ccmr_weights/CCMR+_sintel.pth,CCMR+
FlyingThings3D,validation,final,S,CCMR+_sintel.pth,WAUC,0.8563050106667809,models/_pretrained_weights/ccmr_weights/CCMR+_sintel.pth,CCMR+
FlyingThings3D,validation,final,C+T,FlowNet2_checkpoint.pth.tar,EPE,7.663346290588379,models/_pretrained_weights/FlowNet/FlowNet2_checkpoint.pth.tar,FlowNet2
FlyingThings3D,validation,final,C+T,FlowNet2_checkpoint.pth.tar,IR_{1px},0.706224170568818,models/_pretrained_weights/FlowNet/FlowNet2_checkpoint.pth.tar,FlowNet2
FlyingThings3D,validation,final,C+T,FlowNet2_checkpoint.pth.tar,IR_{3px},0.8171705882107865,models/_pretrained_weights/FlowNet/FlowNet2_checkpoint.pth.tar,FlowNet2
FlyingThings3D,validation,final,C+T,FlowNet2_checkpoint.pth.tar,IR_{5px},0.8526514176409107,models/_pretrained_weights/FlowNet/FlowNet2_checkpoint.pth.tar,FlowNet2
FlyingThings3D,validation,final,C+T,FlowNet2_checkpoint.pth.tar,fl-kitti,0.1676418110571333,models/_pretrained_weights/FlowNet/FlowNet2_checkpoint.pth.tar,FlowNet2
FlyingThings3D,validation,final,C+T,FlowNet2_checkpoint.pth.tar,MSE,702.4526977539062,models/_pretrained_weights/FlowNet/FlowNet2_checkpoint.pth.tar,FlowNet2
FlyingThings3D,validation,final,C+T,FlowNet2_checkpoint.pth.tar,WAUC,0.6913854394672458,models/_pretrained_weights/FlowNet/FlowNet2_checkpoint.pth.tar,FlowNet2
FlyingThings3D,validation,final,C+T,gmflow-scale2-things-36579974.pth,EPE,3.287842035293579,models/_pretrained_weights/unimatch_weights/gmflow-scale2-things-36579974.pth,GMFlow+ (s2)
FlyingThings3D,validation,final,C+T,gmflow-scale2-things-36579974.pth,IR_{1px},0.8189741554790851,models/_pretrained_weights/unimatch_weights/gmflow-scale2-things-36579974.pth,GMFlow+ (s2)
FlyingThings3D,validation,final,C+T,gmflow-scale2-things-36579974.pth,IR_{3px},0.905012738414838,models/_pretrained_weights/unimatch_weights/gmflow-scale2-things-36579974.pth,GMFlow+ (s2)
FlyingThings3D,validation,final,C+T,gmflow-scale2-things-36579974.pth,IR_{5px},0.9290648758634568,models/_pretrained_weights/unimatch_weights/gmflow-scale2-things-36579974.pth,GMFlow+ (s2)
FlyingThings3D,validation,final,C+T,gmflow-scale2-things-36579974.pth,fl-kitti,0.0800357451327633,models/_pretrained_weights/unimatch_weights/gmflow-scale2-things-36579974.pth,GMFlow+ (s2)
FlyingThings3D,validation,final,C+T,gmflow-scale2-things-36579974.pth,MSE,290.4992370605469,models/_pretrained_weights/unimatch_weights/gmflow-scale2-things-36579974.pth,GMFlow+ (s2)
FlyingThings3D,validation,final,C+T,gmflow-scale2-things-36579974.pth,WAUC,0.7663457952281304,models/_pretrained_weights/unimatch_weights/gmflow-scale2-things-36579974.pth,GMFlow+ (s2)
FlyingThings3D,validation,final,mixed,gmflow-scale2-mixdata-train320x576-9ff1c094.pth,EPE,3.595753669738769,models/_pretrained_weights/unimatch_weights/gmflow-scale2-mixdata-train320x576-9ff1c094.pth,GMFlow+ (s2)
FlyingThings3D,validation,final,mixed,gmflow-scale2-mixdata-train320x576-9ff1c094.pth,IR_{1px},0.7854996824554394,models/_pretrained_weights/unimatch_weights/gmflow-scale2-mixdata-train320x576-9ff1c094.pth,GMFlow+ (s2)
FlyingThings3D,validation,final,mixed,gmflow-scale2-mixdata-train320x576-9ff1c094.pth,IR_{3px},0.8938584557916448,models/_pretrained_weights/unimatch_weights/gmflow-scale2-mixdata-train320x576-9ff1c094.pth,GMFlow+ (s2)
FlyingThings3D,validation,final,mixed,gmflow-scale2-mixdata-train320x576-9ff1c094.pth,IR_{5px},0.9212297227407488,models/_pretrained_weights/unimatch_weights/gmflow-scale2-mixdata-train320x576-9ff1c094.pth,GMFlow+ (s2)
FlyingThings3D,validation,final,mixed,gmflow-scale2-mixdata-train320x576-9ff1c094.pth,fl-kitti,0.090329764736281,models/_pretrained_weights/unimatch_weights/gmflow-scale2-mixdata-train320x576-9ff1c094.pth,GMFlow+ (s2)
FlyingThings3D,validation,final,mixed,gmflow-scale2-mixdata-train320x576-9ff1c094.pth,MSE,314.97052001953125,models/_pretrained_weights/unimatch_weights/gmflow-scale2-mixdata-train320x576-9ff1c094.pth,GMFlow+ (s2)
FlyingThings3D,validation,final,mixed,gmflow-scale2-mixdata-train320x576-9ff1c094.pth,WAUC,0.7377780348367475,models/_pretrained_weights/unimatch_weights/gmflow-scale2-mixdata-train320x576-9ff1c094.pth,GMFlow+ (s2)
FlyingThings3D,validation,final,S,gmflow-scale2-sintel-3ed1cf48.pth,EPE,4.040834426879883,models/_pretrained_weights/unimatch_weights/gmflow-scale2-sintel-3ed1cf48.pth,GMFlow+ (s2)
FlyingThings3D,validation,final,S,gmflow-scale2-sintel-3ed1cf48.pth,IR_{1px},0.7807560986872452,models/_pretrained_weights/unimatch_weights/gmflow-scale2-sintel-3ed1cf48.pth,GMFlow+ (s2)
FlyingThings3D,validation,final,S,gmflow-scale2-sintel-3ed1cf48.pth,IR_{3px},0.8943019548856974,models/_pretrained_weights/unimatch_weights/gmflow-scale2-sintel-3ed1cf48.pth,GMFlow+ (s2)
FlyingThings3D,validation,final,S,gmflow-scale2-sintel-3ed1cf48.pth,IR_{5px},0.9200359441263546,models/_pretrained_weights/unimatch_weights/gmflow-scale2-sintel-3ed1cf48.pth,GMFlow+ (s2)
FlyingThings3D,validation,final,S,gmflow-scale2-sintel-3ed1cf48.pth,fl-kitti,0.0911904529115095,models/_pretrained_weights/unimatch_weights/gmflow-scale2-sintel-3ed1cf48.pth,GMFlow+ (s2)
FlyingThings3D,validation,final,S,gmflow-scale2-sintel-3ed1cf48.pth,MSE,343.95330810546875,models/_pretrained_weights/unimatch_weights/gmflow-scale2-sintel-3ed1cf48.pth,GMFlow+ (s2)
FlyingThings3D,validation,final,S,gmflow-scale2-sintel-3ed1cf48.pth,WAUC,0.7071572302842912,models/_pretrained_weights/unimatch_weights/gmflow-scale2-sintel-3ed1cf48.pth,GMFlow+ (s2)
FlyingThings3D,validation,final,S,pwc_net.pth.tar,EPE,13.545126914978027,models/_pretrained_weights/pwc_net.pth.tar,PWCNet
FlyingThings3D,validation,final,S,pwc_net.pth.tar,IR_{1px},0.1292003895966368,models/_pretrained_weights/pwc_net.pth.tar,PWCNet
FlyingThings3D,validation,final,S,pwc_net.pth.tar,IR_{3px},0.7508653261514051,models/_pretrained_weights/pwc_net.pth.tar,PWCNet
FlyingThings3D,validation,final,S,pwc_net.pth.tar,IR_{5px},0.8056817148344985,models/_pretrained_weights/pwc_net.pth.tar,PWCNet
FlyingThings3D,validation,final,S,pwc_net.pth.tar,fl-kitti,0.237502847607557,models/_pretrained_weights/pwc_net.pth.tar,PWCNet
FlyingThings3D,validation,final,S,pwc_net.pth.tar,MSE,1127.0482177734375,models/_pretrained_weights/pwc_net.pth.tar,PWCNet
FlyingThings3D,validation,final,S,pwc_net.pth.tar,WAUC,0.3629835174318792,models/_pretrained_weights/pwc_net.pth.tar,PWCNet
FlyingThings3D,validation,final,C+T,pwc_net_chairs.pth.tar,EPE,10.186059951782228,models/_pretrained_weights/pwc_net_chairs.pth.tar,PWCNet
FlyingThings3D,validation,final,C+T,pwc_net_chairs.pth.tar,IR_{1px},0.1411758245574326,models/_pretrained_weights/pwc_net_chairs.pth.tar,PWCNet
FlyingThings3D,validation,final,C+T,pwc_net_chairs.pth.tar,IR_{3px},0.7286186398710014,models/_pretrained_weights/pwc_net_chairs.pth.tar,PWCNet
FlyingThings3D,validation,final,C+T,pwc_net_chairs.pth.tar,IR_{5px},0.8093305322775715,models/_pretrained_weights/pwc_net_chairs.pth.tar,PWCNet
FlyingThings3D,validation,final,C+T,pwc_net_chairs.pth.tar,fl-kitti,0.2539534439115464,models/_pretrained_weights/pwc_net_chairs.pth.tar,PWCNet
FlyingThings3D,validation,final,C+T,pwc_net_chairs.pth.tar,MSE,781.4288330078125,models/_pretrained_weights/pwc_net_chairs.pth.tar,PWCNet
FlyingThings3D,validation,final,C+T,pwc_net_chairs.pth.tar,WAUC,0.3631133366317945,models/_pretrained_weights/pwc_net_chairs.pth.tar,PWCNet
FlyingThings3D,validation,final,C+T,_things_phase1_100000.pth,EPE,3.953432321548462,models/_pretrained_weights/ms_raft_plus/_things_phase1_100000.pth,MS-RAFT+
FlyingThings3D,validation,final,C+T,_things_phase1_100000.pth,IR_{1px},0.8732959824065137,models/_pretrained_weights/ms_raft_plus/_things_phase1_100000.pth,MS-RAFT+
FlyingThings3D,validation,final,C+T,_things_phase1_100000.pth,IR_{3px},0.9193332632735636,models/_pretrained_weights/ms_raft_plus/_things_phase1_100000.pth,MS-RAFT+
FlyingThings3D,validation,final,C+T,_things_phase1_100000.pth,IR_{5px},0.9338945832216268,models/_pretrained_weights/ms_raft_plus/_things_phase1_100000.pth,MS-RAFT+
FlyingThings3D,validation,final,C+T,_things_phase1_100000.pth,fl-kitti,0.0709023246066323,models/_pretrained_weights/ms_raft_plus/_things_phase1_100000.pth,MS-RAFT+
FlyingThings3D,validation,final,C+T,_things_phase1_100000.pth,MSE,433.0662231445313,models/_pretrained_weights/ms_raft_plus/_things_phase1_100000.pth,MS-RAFT+
FlyingThings3D,validation,final,C+T,_things_phase1_100000.pth,WAUC,0.862141667550666,models/_pretrained_weights/ms_raft_plus/_things_phase1_100000.pth,MS-RAFT+
FlyingThings3D,validation,final,mixed,mixed.pth,EPE,5.561034679412842,models/_pretrained_weights/ms_raft_plus/mixed.pth,MS-RAFT+
FlyingThings3D,validation,final,mixed,mixed.pth,IR_{1px},0.8508330778329548,models/_pretrained_weights/ms_raft_plus/mixed.pth,MS-RAFT+
FlyingThings3D,validation,final,mixed,mixed.pth,IR_{3px},0.902261176140421,models/_pretrained_weights/ms_raft_plus/mixed.pth,MS-RAFT+
FlyingThings3D,validation,final,mixed,mixed.pth,IR_{5px},0.9186135352402536,models/_pretrained_weights/ms_raft_plus/mixed.pth,MS-RAFT+
FlyingThings3D,validation,final,mixed,mixed.pth,fl-kitti,0.0883343939993835,models/_pretrained_weights/ms_raft_plus/mixed.pth,MS-RAFT+
FlyingThings3D,validation,final,mixed,mixed.pth,MSE,644.1411743164062,models/_pretrained_weights/ms_raft_plus/mixed.pth,MS-RAFT+
FlyingThings3D,validation,final,mixed,mixed.pth,WAUC,0.8377028653670061,models/_pretrained_weights/ms_raft_plus/mixed.pth,MS-RAFT+
FlyingThings3D,validation,final,C+T,FlowNet2-C_checkpoint.pth.tar,EPE,9.35464096069336,models/_pretrained_weights/FlowNet/FlowNet2-C_checkpoint.pth.tar,FlowNet2C
FlyingThings3D,validation,final,C+T,FlowNet2-C_checkpoint.pth.tar,IR_{1px},0.3983320640481698,models/_pretrained_weights/FlowNet/FlowNet2-C_checkpoint.pth.tar,FlowNet2C
FlyingThings3D,validation,final,C+T,FlowNet2-C_checkpoint.pth.tar,IR_{3px},0.6751384361042125,models/_pretrained_weights/FlowNet/FlowNet2-C_checkpoint.pth.tar,FlowNet2C
FlyingThings3D,validation,final,C+T,FlowNet2-C_checkpoint.pth.tar,IR_{5px},0.7599788590478987,models/_pretrained_weights/FlowNet/FlowNet2-C_checkpoint.pth.tar,FlowNet2C
FlyingThings3D,validation,final,C+T,FlowNet2-C_checkpoint.pth.tar,fl-kitti,0.3046539404952959,models/_pretrained_weights/FlowNet/FlowNet2-C_checkpoint.pth.tar,FlowNet2C
FlyingThings3D,validation,final,C+T,FlowNet2-C_checkpoint.pth.tar,MSE,702.8286743164062,models/_pretrained_weights/FlowNet/FlowNet2-C_checkpoint.pth.tar,FlowNet2C
FlyingThings3D,validation,final,C+T,FlowNet2-C_checkpoint.pth.tar,WAUC,0.4526401062292129,models/_pretrained_weights/FlowNet/FlowNet2-C_checkpoint.pth.tar,FlowNet2C
FlyingThings3D,validation,final,C+T,raft-things.pth,EPE,4.642675876617432,models/_pretrained_weights/raft-things.pth,RAFT
FlyingThings3D,validation,final,C+T,raft-things.pth,IR_{1px},0.8067136109823956,models/_pretrained_weights/raft-things.pth,RAFT
FlyingThings3D,validation,final,C+T,raft-things.pth,IR_{3px},0.8909461453170537,models/_pretrained_weights/raft-things.pth,RAFT
FlyingThings3D,validation,final,C+T,raft-things.pth,IR_{5px},0.9149819691249488,models/_pretrained_weights/raft-things.pth,RAFT
FlyingThings3D,validation,final,C+T,raft-things.pth,fl-kitti,0.0962832941087267,models/_pretrained_weights/raft-things.pth,RAFT
FlyingThings3D,validation,final,C+T,raft-things.pth,MSE,471.0927429199219,models/_pretrained_weights/raft-things.pth,RAFT
FlyingThings3D,validation,final,C+T,raft-things.pth,WAUC,0.7880393230805389,models/_pretrained_weights/raft-things.pth,RAFT
FlyingThings3D,validation,final,S,raft-sintel.pth,EPE,5.865751266479492,models/_pretrained_weights/raft-sintel.pth,RAFT
FlyingThings3D,validation,final,S,raft-sintel.pth,IR_{1px},0.7988154071444317,models/_pretrained_weights/raft-sintel.pth,RAFT
FlyingThings3D,validation,final,S,raft-sintel.pth,IR_{3px},0.883937135596817,models/_pretrained_weights/raft-sintel.pth,RAFT
FlyingThings3D,validation,final,S,raft-sintel.pth,IR_{5px},0.9079763160815528,models/_pretrained_weights/raft-sintel.pth,RAFT
FlyingThings3D,validation,final,S,raft-sintel.pth,fl-kitti,0.1045137957890666,models/_pretrained_weights/raft-sintel.pth,RAFT
FlyingThings3D,validation,final,S,raft-sintel.pth,MSE,631.030029296875,models/_pretrained_weights/raft-sintel.pth,RAFT
FlyingThings3D,validation,final,S,raft-sintel.pth,WAUC,0.7792913545149269,models/_pretrained_weights/raft-sintel.pth,RAFT
FlyingThings3D,validation,final,K,raft-kitti.pth,EPE,18.459381103515625,models/_pretrained_weights/raft-kitti.pth,RAFT
FlyingThings3D,validation,final,K,raft-kitti.pth,IR_{1px},0.588821796125042,models/_pretrained_weights/raft-kitti.pth,RAFT
FlyingThings3D,validation,final,K,raft-kitti.pth,IR_{3px},0.7241599921156712,models/_pretrained_weights/raft-kitti.pth,RAFT
FlyingThings3D,validation,final,K,raft-kitti.pth,IR_{5px},0.7608004207387463,models/_pretrained_weights/raft-kitti.pth,RAFT
FlyingThings3D,validation,final,K,raft-kitti.pth,fl-kitti,0.2686384846633161,models/_pretrained_weights/raft-kitti.pth,RAFT
FlyingThings3D,validation,final,K,raft-kitti.pth,MSE,1771.1148681640625,models/_pretrained_weights/raft-kitti.pth,RAFT
FlyingThings3D,validation,final,K,raft-kitti.pth,WAUC,0.5772400699333203,models/_pretrained_weights/raft-kitti.pth,RAFT
FlyingThings3D,validation,final,C,raft-chairs.pth,EPE,9.941447257995604,models/_pretrained_weights/raft-chairs.pth,RAFT
FlyingThings3D,validation,final,C,raft-chairs.pth,IR_{1px},0.6518634695655652,models/_pretrained_weights/raft-chairs.pth,RAFT
FlyingThings3D,validation,final,C,raft-chairs.pth,IR_{3px},0.8212092780876562,models/_pretrained_weights/raft-chairs.pth,RAFT
FlyingThings3D,validation,final,C,raft-chairs.pth,IR_{5px},0.8577380080940799,models/_pretrained_weights/raft-chairs.pth,RAFT
FlyingThings3D,validation,final,C,raft-chairs.pth,fl-kitti,0.163434387997287,models/_pretrained_weights/raft-chairs.pth,RAFT
FlyingThings3D,validation,final,C,raft-chairs.pth,MSE,1038.2998046875,models/_pretrained_weights/raft-chairs.pth,RAFT
FlyingThings3D,validation,final,C,raft-chairs.pth,WAUC,0.6405428566683964,models/_pretrained_weights/raft-chairs.pth,RAFT
FlyingThings3D,validation,final,C,gma-chairs.pth,EPE,10.021078109741213,models/_pretrained_weights/gma-chairs.pth,GMA
FlyingThings3D,validation,final,C,gma-chairs.pth,IR_{1px},0.6645844363919188,models/_pretrained_weights/gma-chairs.pth,GMA
FlyingThings3D,validation,final,C,gma-chairs.pth,IR_{3px},0.8145970068243505,models/_pretrained_weights/gma-chairs.pth,GMA
FlyingThings3D,validation,final,C,gma-chairs.pth,IR_{5px},0.8491279407995301,models/_pretrained_weights/gma-chairs.pth,GMA
FlyingThings3D,validation,final,C,gma-chairs.pth,fl-kitti,0.1724379241980898,models/_pretrained_weights/gma-chairs.pth,GMA
FlyingThings3D,validation,final,C,gma-chairs.pth,MSE,992.0350952148438,models/_pretrained_weights/gma-chairs.pth,GMA
FlyingThings3D,validation,final,C,gma-chairs.pth,WAUC,0.6420093584844749,models/_pretrained_weights/gma-chairs.pth,GMA
FlyingThings3D,validation,final,C+T,gma-things.pth,EPE,4.690093517303467,models/_pretrained_weights/gma-things.pth,GMA
FlyingThings3D,validation,final,C+T,gma-things.pth,IR_{1px},0.8030247496348861,models/_pretrained_weights/gma-things.pth,GMA
FlyingThings3D,validation,final,C+T,gma-things.pth,IR_{3px},0.8858794690777199,models/_pretrained_weights/gma-things.pth,GMA
FlyingThings3D,validation,final,C+T,gma-things.pth,IR_{5px},0.9103410398933972,models/_pretrained_weights/gma-things.pth,GMA
FlyingThings3D,validation,final,C+T,gma-things.pth,fl-kitti,0.1011045856363808,models/_pretrained_weights/gma-things.pth,GMA
FlyingThings3D,validation,final,C+T,gma-things.pth,MSE,469.622802734375,models/_pretrained_weights/gma-things.pth,GMA
FlyingThings3D,validation,final,C+T,gma-things.pth,WAUC,0.784409667412371,models/_pretrained_weights/gma-things.pth,GMA
FlyingThings3D,validation,final,K,gma-kitti.pth,EPE,20.39217567443848,models/_pretrained_weights/gma-kitti.pth,GMA
FlyingThings3D,validation,final,K,gma-kitti.pth,IR_{1px},0.5876582431443663,models/_pretrained_weights/gma-kitti.pth,GMA
FlyingThings3D,validation,final,K,gma-kitti.pth,IR_{3px},0.711664403633355,models/_pretrained_weights/gma-kitti.pth,GMA
FlyingThings3D,validation,final,K,gma-kitti.pth,IR_{5px},0.7468111440370825,models/_pretrained_weights/gma-kitti.pth,GMA
FlyingThings3D,validation,final,K,gma-kitti.pth,fl-kitti,0.282183600279809,models/_pretrained_weights/gma-kitti.pth,GMA
FlyingThings3D,validation,final,K,gma-kitti.pth,MSE,2060.385986328125,models/_pretrained_weights/gma-kitti.pth,GMA
FlyingThings3D,validation,final,K,gma-kitti.pth,WAUC,0.5738933980889313,models/_pretrained_weights/gma-kitti.pth,GMA
FlyingThings3D,validation,final,S,gma-sintel.pth,EPE,5.779341220855713,models/_pretrained_weights/gma-sintel.pth,GMA
FlyingThings3D,validation,final,S,gma-sintel.pth,IR_{1px},0.7974238979155079,models/_pretrained_weights/gma-sintel.pth,GMA
FlyingThings3D,validation,final,S,gma-sintel.pth,IR_{3px},0.8799534383130169,models/_pretrained_weights/gma-sintel.pth,GMA
FlyingThings3D,validation,final,S,gma-sintel.pth,IR_{5px},0.9041023534473572,models/_pretrained_weights/gma-sintel.pth,GMA
FlyingThings3D,validation,final,S,gma-sintel.pth,fl-kitti,0.1081854411971212,models/_pretrained_weights/gma-sintel.pth,GMA
FlyingThings3D,validation,final,S,gma-sintel.pth,MSE,611.7277221679688,models/_pretrained_weights/gma-sintel.pth,GMA
FlyingThings3D,validation,final,S,gma-sintel.pth,WAUC,0.7777024204495233,models/_pretrained_weights/gma-sintel.pth,GMA
FlyingThings3D,validation,final,tartan,Tartan480x640-S.pth,EPE,11.60215663909912,models/_pretrained_weights/SEA-RAFT-models/Tartan480x640-S.pth,SEA-RAFT (S)
FlyingThings3D,validation,final,tartan,Tartan480x640-S.pth,IR_{1px},0.739542361484924,models/_pretrained_weights/SEA-RAFT-models/Tartan480x640-S.pth,SEA-RAFT (S)
FlyingThings3D,validation,final,tartan,Tartan480x640-S.pth,IR_{3px},0.8106576681912604,models/_pretrained_weights/SEA-RAFT-models/Tartan480x640-S.pth,SEA-RAFT (S)
FlyingThings3D,validation,final,tartan,Tartan480x640-S.pth,IR_{5px},0.8347602845093361,models/_pretrained_weights/SEA-RAFT-models/Tartan480x640-S.pth,SEA-RAFT (S)
FlyingThings3D,validation,final,tartan,Tartan480x640-S.pth,fl-kitti,0.1806241891715891,models/_pretrained_weights/SEA-RAFT-models/Tartan480x640-S.pth,SEA-RAFT (S)
FlyingThings3D,validation,final,tartan,Tartan480x640-S.pth,MSE,1146.6651611328125,models/_pretrained_weights/SEA-RAFT-models/Tartan480x640-S.pth,SEA-RAFT (S)
FlyingThings3D,validation,final,tartan,Tartan480x640-S.pth,WAUC,0.7226712654458645,models/_pretrained_weights/SEA-RAFT-models/Tartan480x640-S.pth,SEA-RAFT (S)
FlyingThings3D,validation,final,K,Tartan-C-T-TSKH-kitti432x960-S.pth,EPE,7.161577224731445,models/_pretrained_weights/SEA-RAFT-models/Tartan-C-T-TSKH-kitti432x960-S.pth,SEA-RAFT (S)
FlyingThings3D,validation,final,K,Tartan-C-T-TSKH-kitti432x960-S.pth,IR_{1px},0.8158345844177999,models/_pretrained_weights/SEA-RAFT-models/Tartan-C-T-TSKH-kitti432x960-S.pth,SEA-RAFT (S)
FlyingThings3D,validation,final,K,Tartan-C-T-TSKH-kitti432x960-S.pth,IR_{3px},0.8843948981636166,models/_pretrained_weights/SEA-RAFT-models/Tartan-C-T-TSKH-kitti432x960-S.pth,SEA-RAFT (S)
FlyingThings3D,validation,final,K,Tartan-C-T-TSKH-kitti432x960-S.pth,IR_{5px},0.9040035076500664,models/_pretrained_weights/SEA-RAFT-models/Tartan-C-T-TSKH-kitti432x960-S.pth,SEA-RAFT (S)
FlyingThings3D,validation,final,K,Tartan-C-T-TSKH-kitti432x960-S.pth,fl-kitti,0.1052030185473478,models/_pretrained_weights/SEA-RAFT-models/Tartan-C-T-TSKH-kitti432x960-S.pth,SEA-RAFT (S)
FlyingThings3D,validation,final,K,Tartan-C-T-TSKH-kitti432x960-S.pth,MSE,863.0531005859375,models/_pretrained_weights/SEA-RAFT-models/Tartan-C-T-TSKH-kitti432x960-S.pth,SEA-RAFT (S)
FlyingThings3D,validation,final,K,Tartan-C-T-TSKH-kitti432x960-S.pth,WAUC,0.7953497922757448,models/_pretrained_weights/SEA-RAFT-models/Tartan-C-T-TSKH-kitti432x960-S.pth,SEA-RAFT (S)
FlyingThings3D,validation,final,S,Tartan-C-T-TSKH432x960-S.pth,EPE,4.710297107696533,models/_pretrained_weights/SEA-RAFT-models/Tartan-C-T-TSKH432x960-S.pth,SEA-RAFT (S)
FlyingThings3D,validation,final,S,Tartan-C-T-TSKH432x960-S.pth,IR_{1px},0.8520010104709479,models/_pretrained_weights/SEA-RAFT-models/Tartan-C-T-TSKH432x960-S.pth,SEA-RAFT (S)
FlyingThings3D,validation,final,S,Tartan-C-T-TSKH432x960-S.pth,IR_{3px},0.9100266002362758,models/_pretrained_weights/SEA-RAFT-models/Tartan-C-T-TSKH432x960-S.pth,SEA-RAFT (S)
FlyingThings3D,validation,final,S,Tartan-C-T-TSKH432x960-S.pth,IR_{5px},0.926882252077628,models/_pretrained_weights/SEA-RAFT-models/Tartan-C-T-TSKH432x960-S.pth,SEA-RAFT (S)
FlyingThings3D,validation,final,S,Tartan-C-T-TSKH432x960-S.pth,fl-kitti,0.0799840720029722,models/_pretrained_weights/SEA-RAFT-models/Tartan-C-T-TSKH432x960-S.pth,SEA-RAFT (S)
FlyingThings3D,validation,final,S,Tartan-C-T-TSKH432x960-S.pth,MSE,530.0477905273438,models/_pretrained_weights/SEA-RAFT-models/Tartan-C-T-TSKH432x960-S.pth,SEA-RAFT (S)
FlyingThings3D,validation,final,S,Tartan-C-T-TSKH432x960-S.pth,WAUC,0.838286349700842,models/_pretrained_weights/SEA-RAFT-models/Tartan-C-T-TSKH432x960-S.pth,SEA-RAFT (S)
FlyingThings3D,validation,final,C+T,Tartan-C-T432x960-S.pth,EPE,3.730678796768189,models/_pretrained_weights/SEA-RAFT-models/Tartan-C-T432x960-S.pth,SEA-RAFT (S)
FlyingThings3D,validation,final,C+T,Tartan-C-T432x960-S.pth,IR_{1px},0.8556749891374507,models/_pretrained_weights/SEA-RAFT-models/Tartan-C-T432x960-S.pth,SEA-RAFT (S)
FlyingThings3D,validation,final,C+T,Tartan-C-T432x960-S.pth,IR_{3px},0.913778765012885,models/_pretrained_weights/SEA-RAFT-models/Tartan-C-T432x960-S.pth,SEA-RAFT (S)
FlyingThings3D,validation,final,C+T,Tartan-C-T432x960-S.pth,IR_{5px},0.9307656837035256,models/_pretrained_weights/SEA-RAFT-models/Tartan-C-T432x960-S.pth,SEA-RAFT (S)
FlyingThings3D,validation,final,C+T,Tartan-C-T432x960-S.pth,fl-kitti,0.0756004678237229,models/_pretrained_weights/SEA-RAFT-models/Tartan-C-T432x960-S.pth,SEA-RAFT (S)
FlyingThings3D,validation,final,C+T,Tartan-C-T432x960-S.pth,MSE,375.2906799316406,models/_pretrained_weights/SEA-RAFT-models/Tartan-C-T432x960-S.pth,SEA-RAFT (S)
FlyingThings3D,validation,final,C+T,Tartan-C-T432x960-S.pth,WAUC,0.8428793537768845,models/_pretrained_weights/SEA-RAFT-models/Tartan-C-T432x960-S.pth,SEA-RAFT (S)
FlyingThings3D,validation,final,C,Tartan-C368x496-S.pth,EPE,11.592742919921877,models/_pretrained_weights/SEA-RAFT-models/Tartan-C368x496-S.pth,SEA-RAFT (S)
FlyingThings3D,validation,final,C,Tartan-C368x496-S.pth,IR_{1px},0.6684288808999879,models/_pretrained_weights/SEA-RAFT-models/Tartan-C368x496-S.pth,SEA-RAFT (S)
FlyingThings3D,validation,final,C,Tartan-C368x496-S.pth,IR_{3px},0.8382708004149704,models/_pretrained_weights/SEA-RAFT-models/Tartan-C368x496-S.pth,SEA-RAFT (S)
FlyingThings3D,validation,final,C,Tartan-C368x496-S.pth,IR_{5px},0.8657054518117738,models/_pretrained_weights/SEA-RAFT-models/Tartan-C368x496-S.pth,SEA-RAFT (S)
FlyingThings3D,validation,final,C,Tartan-C368x496-S.pth,fl-kitti,0.1507685643537847,models/_pretrained_weights/SEA-RAFT-models/Tartan-C368x496-S.pth,SEA-RAFT (S)
FlyingThings3D,validation,final,C,Tartan-C368x496-S.pth,MSE,1319.612060546875,models/_pretrained_weights/SEA-RAFT-models/Tartan-C368x496-S.pth,SEA-RAFT (S)
FlyingThings3D,validation,final,C,Tartan-C368x496-S.pth,WAUC,0.6553302784700082,models/_pretrained_weights/SEA-RAFT-models/Tartan-C368x496-S.pth,SEA-RAFT (S)
FlyingThings3D,validation,final,mixed,Tartan-C-T-TSKH-spring540x960-S.pth,EPE,9.805145263671877,models/_pretrained_weights/SEA-RAFT-models/Tartan-C-T-TSKH-spring540x960-S.pth,SEA-RAFT (S)
FlyingThings3D,validation,final,mixed,Tartan-C-T-TSKH-spring540x960-S.pth,IR_{1px},0.7630380482077834,models/_pretrained_weights/SEA-RAFT-models/Tartan-C-T-TSKH-spring540x960-S.pth,SEA-RAFT (S)
FlyingThings3D,validation,final,mixed,Tartan-C-T-TSKH-spring540x960-S.pth,IR_{3px},0.8443042789219128,models/_pretrained_weights/SEA-RAFT-models/Tartan-C-T-TSKH-spring540x960-S.pth,SEA-RAFT (S)
FlyingThings3D,validation,final,mixed,Tartan-C-T-TSKH-spring540x960-S.pth,IR_{5px},0.8666867704680045,models/_pretrained_weights/SEA-RAFT-models/Tartan-C-T-TSKH-spring540x960-S.pth,SEA-RAFT (S)
FlyingThings3D,validation,final,mixed,Tartan-C-T-TSKH-spring540x960-S.pth,fl-kitti,0.1472342572639529,models/_pretrained_weights/SEA-RAFT-models/Tartan-C-T-TSKH-spring540x960-S.pth,SEA-RAFT (S)
FlyingThings3D,validation,final,mixed,Tartan-C-T-TSKH-spring540x960-S.pth,MSE,935.8629760742188,models/_pretrained_weights/SEA-RAFT-models/Tartan-C-T-TSKH-spring540x960-S.pth,SEA-RAFT (S)
FlyingThings3D,validation,final,mixed,Tartan-C-T-TSKH-spring540x960-S.pth,WAUC,0.7431745732652717,models/_pretrained_weights/SEA-RAFT-models/Tartan-C-T-TSKH-spring540x960-S.pth,SEA-RAFT (S)
FlyingThings3D,validation,final,C+T,FlowNet2-S_checkpoint.pth.tar,EPE,12.45313835144043,models/_pretrained_weights/FlowNet/FlowNet2-S_checkpoint.pth.tar,FlowNet2S
FlyingThings3D,validation,final,C+T,FlowNet2-S_checkpoint.pth.tar,IR_{1px},0.3198730390536552,models/_pretrained_weights/FlowNet/FlowNet2-S_checkpoint.pth.tar,FlowNet2S
FlyingThings3D,validation,final,C+T,FlowNet2-S_checkpoint.pth.tar,IR_{3px},0.601086996360807,models/_pretrained_weights/FlowNet/FlowNet2-S_checkpoint.pth.tar,FlowNet2S
FlyingThings3D,validation,final,C+T,FlowNet2-S_checkpoint.pth.tar,IR_{5px},0.6927748935117712,models/_pretrained_weights/FlowNet/FlowNet2-S_checkpoint.pth.tar,FlowNet2S
FlyingThings3D,validation,final,C+T,FlowNet2-S_checkpoint.pth.tar,fl-kitti,0.3899616482678011,models/_pretrained_weights/FlowNet/FlowNet2-S_checkpoint.pth.tar,FlowNet2S
FlyingThings3D,validation,final,C+T,FlowNet2-S_checkpoint.pth.tar,MSE,915.2747802734376,models/_pretrained_weights/FlowNet/FlowNet2-S_checkpoint.pth.tar,FlowNet2S
FlyingThings3D,validation,final,C+T,FlowNet2-S_checkpoint.pth.tar,WAUC,0.3873246495888616,models/_pretrained_weights/FlowNet/FlowNet2-S_checkpoint.pth.tar,FlowNet2S
FlyingThings3D,validation,final,C+T,skflow-things.pth,EPE,3.65974497795105,models/_pretrained_weights/skflow_weights/skflow-things.pth,SKFlow
FlyingThings3D,validation,final,C+T,skflow-things.pth,IR_{1px},0.8176037106021369,models/_pretrained_weights/skflow_weights/skflow-things.pth,SKFlow
FlyingThings3D,validation,final,C+T,skflow-things.pth,IR_{3px},0.9023838046185124,models/_pretrained_weights/skflow_weights/skflow-things.pth,SKFlow
FlyingThings3D,validation,final,C+T,skflow-things.pth,IR_{5px},0.9260703186638106,models/_pretrained_weights/skflow_weights/skflow-things.pth,SKFlow
FlyingThings3D,validation,final,C+T,skflow-things.pth,fl-kitti,0.0836710280802283,models/_pretrained_weights/skflow_weights/skflow-things.pth,SKFlow
FlyingThings3D,validation,final,C+T,skflow-things.pth,MSE,361.3811950683594,models/_pretrained_weights/skflow_weights/skflow-things.pth,SKFlow
FlyingThings3D,validation,final,C+T,skflow-things.pth,WAUC,0.8005993881089185,models/_pretrained_weights/skflow_weights/skflow-things.pth,SKFlow
FlyingThings3D,validation,final,K,skflow-kitti.pth,EPE,13.002595901489258,models/_pretrained_weights/skflow_weights/skflow-kitti.pth,SKFlow
FlyingThings3D,validation,final,K,skflow-kitti.pth,IR_{1px},0.626264216202439,models/_pretrained_weights/skflow_weights/skflow-kitti.pth,SKFlow
FlyingThings3D,validation,final,K,skflow-kitti.pth,IR_{3px},0.7677610835807832,models/_pretrained_weights/skflow_weights/skflow-kitti.pth,SKFlow
FlyingThings3D,validation,final,K,skflow-kitti.pth,IR_{5px},0.8058838705234328,models/_pretrained_weights/skflow_weights/skflow-kitti.pth,SKFlow
FlyingThings3D,validation,final,K,skflow-kitti.pth,fl-kitti,0.2206472493973867,models/_pretrained_weights/skflow_weights/skflow-kitti.pth,SKFlow
FlyingThings3D,validation,final,K,skflow-kitti.pth,MSE,1162.89501953125,models/_pretrained_weights/skflow_weights/skflow-kitti.pth,SKFlow
FlyingThings3D,validation,final,K,skflow-kitti.pth,WAUC,0.6162095841787723,models/_pretrained_weights/skflow_weights/skflow-kitti.pth,SKFlow
FlyingThings3D,validation,final,S,skflow-sintel.pth,EPE,4.495025157928467,models/_pretrained_weights/skflow_weights/skflow-sintel.pth,SKFlow
FlyingThings3D,validation,final,S,skflow-sintel.pth,IR_{1px},0.8133086323434688,models/_pretrained_weights/skflow_weights/skflow-sintel.pth,SKFlow
FlyingThings3D,validation,final,S,skflow-sintel.pth,IR_{3px},0.8973124203718733,models/_pretrained_weights/skflow_weights/skflow-sintel.pth,SKFlow
FlyingThings3D,validation,final,S,skflow-sintel.pth,IR_{5px},0.9208854825152998,models/_pretrained_weights/skflow_weights/skflow-sintel.pth,SKFlow
FlyingThings3D,validation,final,S,skflow-sintel.pth,fl-kitti,0.0897411643470379,models/_pretrained_weights/skflow_weights/skflow-sintel.pth,SKFlow
FlyingThings3D,validation,final,S,skflow-sintel.pth,MSE,486.48284912109375,models/_pretrained_weights/skflow_weights/skflow-sintel.pth,SKFlow
FlyingThings3D,validation,final,S,skflow-sintel.pth,WAUC,0.7949682516958607,models/_pretrained_weights/skflow_weights/skflow-sintel.pth,SKFlow
FlyingThings3D,validation,final,C,Tartan-C368x496-M.pth,EPE,13.440936088562012,models/_pretrained_weights/SEA-RAFT-models/Tartan-C368x496-M.pth,SEA-RAFT (M)
FlyingThings3D,validation,final,C,Tartan-C368x496-M.pth,IR_{1px},0.6697715339560253,models/_pretrained_weights/SEA-RAFT-models/Tartan-C368x496-M.pth,SEA-RAFT (M)
FlyingThings3D,validation,final,C,Tartan-C368x496-M.pth,IR_{3px},0.8298811509303593,models/_pretrained_weights/SEA-RAFT-models/Tartan-C368x496-M.pth,SEA-RAFT (M)
FlyingThings3D,validation,final,C,Tartan-C368x496-M.pth,IR_{5px},0.8551132482860412,models/_pretrained_weights/SEA-RAFT-models/Tartan-C368x496-M.pth,SEA-RAFT (M)
FlyingThings3D,validation,final,C,Tartan-C368x496-M.pth,fl-kitti,0.1600114477440283,models/_pretrained_weights/SEA-RAFT-models/Tartan-C368x496-M.pth,SEA-RAFT (M)
FlyingThings3D,validation,final,C,Tartan-C368x496-M.pth,MSE,1553.8287353515625,models/_pretrained_weights/SEA-RAFT-models/Tartan-C368x496-M.pth,SEA-RAFT (M)
FlyingThings3D,validation,final,C,Tartan-C368x496-M.pth,WAUC,0.6521211633360632,models/_pretrained_weights/SEA-RAFT-models/Tartan-C368x496-M.pth,SEA-RAFT (M)
FlyingThings3D,validation,final,S,Tartan-C-T-TSKH432x960-M.pth,EPE,4.706701278686523,models/_pretrained_weights/SEA-RAFT-models/Tartan-C-T-TSKH432x960-M.pth,SEA-RAFT (M)
FlyingThings3D,validation,final,S,Tartan-C-T-TSKH432x960-M.pth,IR_{1px},0.8612865574605911,models/_pretrained_weights/SEA-RAFT-models/Tartan-C-T-TSKH432x960-M.pth,SEA-RAFT (M)
FlyingThings3D,validation,final,S,Tartan-C-T-TSKH432x960-M.pth,IR_{3px},0.915209142701138,models/_pretrained_weights/SEA-RAFT-models/Tartan-C-T-TSKH432x960-M.pth,SEA-RAFT (M)
FlyingThings3D,validation,final,S,Tartan-C-T-TSKH432x960-M.pth,IR_{5px},0.9308648426304016,models/_pretrained_weights/SEA-RAFT-models/Tartan-C-T-TSKH432x960-M.pth,SEA-RAFT (M)
FlyingThings3D,validation,final,S,Tartan-C-T-TSKH432x960-M.pth,fl-kitti,0.0752671356457355,models/_pretrained_weights/SEA-RAFT-models/Tartan-C-T-TSKH432x960-M.pth,SEA-RAFT (M)
FlyingThings3D,validation,final,S,Tartan-C-T-TSKH432x960-M.pth,MSE,551.4385375976562,models/_pretrained_weights/SEA-RAFT-models/Tartan-C-T-TSKH432x960-M.pth,SEA-RAFT (M)
FlyingThings3D,validation,final,S,Tartan-C-T-TSKH432x960-M.pth,WAUC,0.8485770940765188,models/_pretrained_weights/SEA-RAFT-models/Tartan-C-T-TSKH432x960-M.pth,SEA-RAFT (M)
FlyingThings3D,validation,final,mixed,Tartan-C-T-TSKH-spring540x960-M.pth,EPE,8.4613676071167,models/_pretrained_weights/SEA-RAFT-models/Tartan-C-T-TSKH-spring540x960-M.pth,SEA-RAFT (M)
FlyingThings3D,validation,final,mixed,Tartan-C-T-TSKH-spring540x960-M.pth,IR_{1px},0.8002862513982989,models/_pretrained_weights/SEA-RAFT-models/Tartan-C-T-TSKH-spring540x960-M.pth,SEA-RAFT (M)
FlyingThings3D,validation,final,mixed,Tartan-C-T-TSKH-spring540x960-M.pth,IR_{3px},0.8667232100182547,models/_pretrained_weights/SEA-RAFT-models/Tartan-C-T-TSKH-spring540x960-M.pth,SEA-RAFT (M)
FlyingThings3D,validation,final,mixed,Tartan-C-T-TSKH-spring540x960-M.pth,IR_{5px},0.8867331751487483,models/_pretrained_weights/SEA-RAFT-models/Tartan-C-T-TSKH-spring540x960-M.pth,SEA-RAFT (M)
FlyingThings3D,validation,final,mixed,Tartan-C-T-TSKH-spring540x960-M.pth,fl-kitti,0.1244192543826732,models/_pretrained_weights/SEA-RAFT-models/Tartan-C-T-TSKH-spring540x960-M.pth,SEA-RAFT (M)
FlyingThings3D,validation,final,mixed,Tartan-C-T-TSKH-spring540x960-M.pth,MSE,831.6196899414062,models/_pretrained_weights/SEA-RAFT-models/Tartan-C-T-TSKH-spring540x960-M.pth,SEA-RAFT (M)
FlyingThings3D,validation,final,mixed,Tartan-C-T-TSKH-spring540x960-M.pth,WAUC,0.7840331897627304,models/_pretrained_weights/SEA-RAFT-models/Tartan-C-T-TSKH-spring540x960-M.pth,SEA-RAFT (M)
FlyingThings3D,validation,final,tartan,Tartan480x640-M.pth,EPE,11.88384246826172,models/_pretrained_weights/SEA-RAFT-models/Tartan480x640-M.pth,SEA-RAFT (M)
FlyingThings3D,validation,final,tartan,Tartan480x640-M.pth,IR_{1px},0.7518471496815409,models/_pretrained_weights/SEA-RAFT-models/Tartan480x640-M.pth,SEA-RAFT (M)
FlyingThings3D,validation,final,tartan,Tartan480x640-M.pth,IR_{3px},0.8191849896404853,models/_pretrained_weights/SEA-RAFT-models/Tartan480x640-M.pth,SEA-RAFT (M)
FlyingThings3D,validation,final,tartan,Tartan480x640-M.pth,IR_{5px},0.8414676038066686,models/_pretrained_weights/SEA-RAFT-models/Tartan480x640-M.pth,SEA-RAFT (M)
FlyingThings3D,validation,final,tartan,Tartan480x640-M.pth,fl-kitti,0.1729963364037751,models/_pretrained_weights/SEA-RAFT-models/Tartan480x640-M.pth,SEA-RAFT (M)
FlyingThings3D,validation,final,tartan,Tartan480x640-M.pth,MSE,1207.4825439453125,models/_pretrained_weights/SEA-RAFT-models/Tartan480x640-M.pth,SEA-RAFT (M)
FlyingThings3D,validation,final,tartan,Tartan480x640-M.pth,WAUC,0.735279285019331,models/_pretrained_weights/SEA-RAFT-models/Tartan480x640-M.pth,SEA-RAFT (M)
FlyingThings3D,validation,final,C+T,Tartan-C-T432x960-M.pth,EPE,3.484017848968506,models/_pretrained_weights/SEA-RAFT-models/Tartan-C-T432x960-M.pth,SEA-RAFT (M)
FlyingThings3D,validation,final,C+T,Tartan-C-T432x960-M.pth,IR_{1px},0.8658725063104206,models/_pretrained_weights/SEA-RAFT-models/Tartan-C-T432x960-M.pth,SEA-RAFT (M)
FlyingThings3D,validation,final,C+T,Tartan-C-T432x960-M.pth,IR_{3px},0.9199707631130124,models/_pretrained_weights/SEA-RAFT-models/Tartan-C-T432x960-M.pth,SEA-RAFT (M)
FlyingThings3D,validation,final,C+T,Tartan-C-T432x960-M.pth,IR_{5px},0.9358951304696052,models/_pretrained_weights/SEA-RAFT-models/Tartan-C-T432x960-M.pth,SEA-RAFT (M)
FlyingThings3D,validation,final,C+T,Tartan-C-T432x960-M.pth,fl-kitti,0.0695320883244506,models/_pretrained_weights/SEA-RAFT-models/Tartan-C-T432x960-M.pth,SEA-RAFT (M)
FlyingThings3D,validation,final,C+T,Tartan-C-T432x960-M.pth,MSE,382.1388244628906,models/_pretrained_weights/SEA-RAFT-models/Tartan-C-T432x960-M.pth,SEA-RAFT (M)
FlyingThings3D,validation,final,C+T,Tartan-C-T432x960-M.pth,WAUC,0.8538552160132737,models/_pretrained_weights/SEA-RAFT-models/Tartan-C-T432x960-M.pth,SEA-RAFT (M)
FlyingThings3D,validation,final,K,Tartan-C-T-TSKH-kitti432x960-M.pth,EPE,6.053285121917725,models/_pretrained_weights/SEA-RAFT-models/Tartan-C-T-TSKH-kitti432x960-M.pth,SEA-RAFT (M)
FlyingThings3D,validation,final,K,Tartan-C-T-TSKH-kitti432x960-M.pth,IR_{1px},0.8389267905462245,models/_pretrained_weights/SEA-RAFT-models/Tartan-C-T-TSKH-kitti432x960-M.pth,SEA-RAFT (M)
FlyingThings3D,validation,final,K,Tartan-C-T-TSKH-kitti432x960-M.pth,IR_{3px},0.8992883418527503,models/_pretrained_weights/SEA-RAFT-models/Tartan-C-T-TSKH-kitti432x960-M.pth,SEA-RAFT (M)
FlyingThings3D,validation,final,K,Tartan-C-T-TSKH-kitti432x960-M.pth,IR_{5px},0.9162895807324338,models/_pretrained_weights/SEA-RAFT-models/Tartan-C-T-TSKH-kitti432x960-M.pth,SEA-RAFT (M)
FlyingThings3D,validation,final,K,Tartan-C-T-TSKH-kitti432x960-M.pth,fl-kitti,0.091011382319518,models/_pretrained_weights/SEA-RAFT-models/Tartan-C-T-TSKH-kitti432x960-M.pth,SEA-RAFT (M)
FlyingThings3D,validation,final,K,Tartan-C-T-TSKH-kitti432x960-M.pth,MSE,686.7683715820312,models/_pretrained_weights/SEA-RAFT-models/Tartan-C-T-TSKH-kitti432x960-M.pth,SEA-RAFT (M)
FlyingThings3D,validation,final,K,Tartan-C-T-TSKH-kitti432x960-M.pth,WAUC,0.8210885073202379,models/_pretrained_weights/SEA-RAFT-models/Tartan-C-T-TSKH-kitti432x960-M.pth,SEA-RAFT (M)
FlyingThings3D,validation,final,mixed,MemFlowNet_spring.pth,EPE,5.33308219909668,models/_pretrained_weights/memflow_weights/MemFlowNet_spring.pth,MemFlow
FlyingThings3D,validation,final,mixed,MemFlowNet_spring.pth,IR_{1px},0.8008218154155258,models/_pretrained_weights/memflow_weights/MemFlowNet_spring.pth,MemFlow
FlyingThings3D,validation,final,mixed,MemFlowNet_spring.pth,IR_{3px},0.8862776922945478,models/_pretrained_weights/memflow_weights/MemFlowNet_spring.pth,MemFlow
FlyingThings3D,validation,final,mixed,MemFlowNet_spring.pth,IR_{5px},0.910724051918876,models/_pretrained_weights/memflow_weights/MemFlowNet_spring.pth,MemFlow
FlyingThings3D,validation,final,mixed,MemFlowNet_spring.pth,fl-kitti,0.1002662335224996,models/_pretrained_weights/memflow_weights/MemFlowNet_spring.pth,MemFlow
FlyingThings3D,validation,final,mixed,MemFlowNet_spring.pth,MSE,569.725830078125,models/_pretrained_weights/memflow_weights/MemFlowNet_spring.pth,MemFlow
FlyingThings3D,validation,final,mixed,MemFlowNet_spring.pth,WAUC,0.7837060289151855,models/_pretrained_weights/memflow_weights/MemFlowNet_spring.pth,MemFlow
FlyingThings3D,validation,final,S,MemFlowNet_sintel.pth,EPE,3.885570526123047,models/_pretrained_weights/memflow_weights/MemFlowNet_sintel.pth,MemFlow
FlyingThings3D,validation,final,S,MemFlowNet_sintel.pth,IR_{1px},0.8383181009416896,models/_pretrained_weights/memflow_weights/MemFlowNet_sintel.pth,MemFlow
FlyingThings3D,validation,final,S,MemFlowNet_sintel.pth,IR_{3px},0.9111150081013356,models/_pretrained_weights/memflow_weights/MemFlowNet_sintel.pth,MemFlow
FlyingThings3D,validation,final,S,MemFlowNet_sintel.pth,IR_{5px},0.9314378773011378,models/_pretrained_weights/memflow_weights/MemFlowNet_sintel.pth,MemFlow
FlyingThings3D,validation,final,S,MemFlowNet_sintel.pth,fl-kitti,0.0766946090664634,models/_pretrained_weights/memflow_weights/MemFlowNet_sintel.pth,MemFlow
FlyingThings3D,validation,final,S,MemFlowNet_sintel.pth,MSE,438.9866027832031,models/_pretrained_weights/memflow_weights/MemFlowNet_sintel.pth,MemFlow
FlyingThings3D,validation,final,S,MemFlowNet_sintel.pth,WAUC,0.821041486306246,models/_pretrained_weights/memflow_weights/MemFlowNet_sintel.pth,MemFlow
FlyingThings3D,validation,final,K,MemFlowNet_kitti.pth,EPE,14.55734634399414,models/_pretrained_weights/memflow_weights/MemFlowNet_kitti.pth,MemFlow
FlyingThings3D,validation,final,K,MemFlowNet_kitti.pth,IR_{1px},0.6587347965733723,models/_pretrained_weights/memflow_weights/MemFlowNet_kitti.pth,MemFlow
FlyingThings3D,validation,final,K,MemFlowNet_kitti.pth,IR_{3px},0.7800631584771257,models/_pretrained_weights/memflow_weights/MemFlowNet_kitti.pth,MemFlow
FlyingThings3D,validation,final,K,MemFlowNet_kitti.pth,IR_{5px},0.8128072747651991,models/_pretrained_weights/memflow_weights/MemFlowNet_kitti.pth,MemFlow
FlyingThings3D,validation,final,K,MemFlowNet_kitti.pth,fl-kitti,0.2096089653234484,models/_pretrained_weights/memflow_weights/MemFlowNet_kitti.pth,MemFlow
FlyingThings3D,validation,final,K,MemFlowNet_kitti.pth,MSE,1585.1004638671875,models/_pretrained_weights/memflow_weights/MemFlowNet_kitti.pth,MemFlow
FlyingThings3D,validation,final,K,MemFlowNet_kitti.pth,WAUC,0.6415280661608935,models/_pretrained_weights/memflow_weights/MemFlowNet_kitti.pth,MemFlow
FlyingThings3D,validation,final,C+T,MemFlowNet_things.pth,EPE,2.8973827362060547,models/_pretrained_weights/memflow_weights/MemFlowNet_things.pth,MemFlow
FlyingThings3D,validation,final,C+T,MemFlowNet_things.pth,IR_{1px},0.8508930000247539,models/_pretrained_weights/memflow_weights/MemFlowNet_things.pth,MemFlow
FlyingThings3D,validation,final,C+T,MemFlowNet_things.pth,IR_{3px},0.9203050298867136,models/_pretrained_weights/memflow_weights/MemFlowNet_things.pth,MemFlow
FlyingThings3D,validation,final,C+T,MemFlowNet_things.pth,IR_{5px},0.9398243294249552,models/_pretrained_weights/memflow_weights/MemFlowNet_things.pth,MemFlow
FlyingThings3D,validation,final,C+T,MemFlowNet_things.pth,fl-kitti,0.0668690373161157,models/_pretrained_weights/memflow_weights/MemFlowNet_things.pth,MemFlow
FlyingThings3D,validation,final,C+T,MemFlowNet_things.pth,MSE,297.8489685058594,models/_pretrained_weights/memflow_weights/MemFlowNet_things.pth,MemFlow
FlyingThings3D,validation,final,C+T,MemFlowNet_things.pth,WAUC,0.8351843910879132,models/_pretrained_weights/memflow_weights/MemFlowNet_things.pth,MemFlow
FlyingThings3D,validation,final,C+T,gmflow-scale2-regrefine6-things-776ed612.pth,EPE,2.6935718059539795,models/_pretrained_weights/unimatch_weights/gmflow-scale2-regrefine6-things-776ed612.pth,GMFlow+
FlyingThings3D,validation,final,C+T,gmflow-scale2-regrefine6-things-776ed612.pth,IR_{1px},0.8653586446351529,models/_pretrained_weights/unimatch_weights/gmflow-scale2-regrefine6-things-776ed612.pth,GMFlow+
FlyingThings3D,validation,final,C+T,gmflow-scale2-regrefine6-things-776ed612.pth,IR_{3px},0.9246792457278572,models/_pretrained_weights/unimatch_weights/gmflow-scale2-regrefine6-things-776ed612.pth,GMFlow+
FlyingThings3D,validation,final,C+T,gmflow-scale2-regrefine6-things-776ed612.pth,IR_{5px},0.9422938074625734,models/_pretrained_weights/unimatch_weights/gmflow-scale2-regrefine6-things-776ed612.pth,GMFlow+
FlyingThings3D,validation,final,C+T,gmflow-scale2-regrefine6-things-776ed612.pth,fl-kitti,0.0632080525637855,models/_pretrained_weights/unimatch_weights/gmflow-scale2-regrefine6-things-776ed612.pth,GMFlow+
FlyingThings3D,validation,final,C+T,gmflow-scale2-regrefine6-things-776ed612.pth,MSE,239.89830017089844,models/_pretrained_weights/unimatch_weights/gmflow-scale2-regrefine6-things-776ed612.pth,GMFlow+
FlyingThings3D,validation,final,C+T,gmflow-scale2-regrefine6-things-776ed612.pth,WAUC,0.8422090261833177,models/_pretrained_weights/unimatch_weights/gmflow-scale2-regrefine6-things-776ed612.pth,GMFlow+
FlyingThings3D,validation,final,S,gmflow-scale2-regrefine6-sintelft-6e39e2b9.pth,EPE,3.5626676082611084,models/_pretrained_weights/unimatch_weights/gmflow-scale2-regrefine6-sintelft-6e39e2b9.pth,GMFlow+
FlyingThings3D,validation,final,S,gmflow-scale2-regrefine6-sintelft-6e39e2b9.pth,IR_{1px},0.8449143829281474,models/_pretrained_weights/unimatch_weights/gmflow-scale2-regrefine6-sintelft-6e39e2b9.pth,GMFlow+
FlyingThings3D,validation,final,S,gmflow-scale2-regrefine6-sintelft-6e39e2b9.pth,IR_{3px},0.9103926405314844,models/_pretrained_weights/unimatch_weights/gmflow-scale2-regrefine6-sintelft-6e39e2b9.pth,GMFlow+
FlyingThings3D,validation,final,S,gmflow-scale2-regrefine6-sintelft-6e39e2b9.pth,IR_{5px},0.9299454709079134,models/_pretrained_weights/unimatch_weights/gmflow-scale2-regrefine6-sintelft-6e39e2b9.pth,GMFlow+
FlyingThings3D,validation,final,S,gmflow-scale2-regrefine6-sintelft-6e39e2b9.pth,fl-kitti,0.0776284979495105,models/_pretrained_weights/unimatch_weights/gmflow-scale2-regrefine6-sintelft-6e39e2b9.pth,GMFlow+
FlyingThings3D,validation,final,S,gmflow-scale2-regrefine6-sintelft-6e39e2b9.pth,MSE,355.8124694824219,models/_pretrained_weights/unimatch_weights/gmflow-scale2-regrefine6-sintelft-6e39e2b9.pth,GMFlow+
FlyingThings3D,validation,final,S,gmflow-scale2-regrefine6-sintelft-6e39e2b9.pth,WAUC,0.8213803891848378,models/_pretrained_weights/unimatch_weights/gmflow-scale2-regrefine6-sintelft-6e39e2b9.pth,GMFlow+
FlyingThings3D,validation,final,mixed,gmflow-scale2-regrefine6-mixdata-train320x576-4e7b215d.pth,EPE,2.9550368785858154,models/_pretrained_weights/unimatch_weights/gmflow-scale2-regrefine6-mixdata-train320x576-4e7b215d.pth,GMFlow+
FlyingThings3D,validation,final,mixed,gmflow-scale2-regrefine6-mixdata-train320x576-4e7b215d.pth,IR_{1px},0.8538881261833479,models/_pretrained_weights/unimatch_weights/gmflow-scale2-regrefine6-mixdata-train320x576-4e7b215d.pth,GMFlow+
FlyingThings3D,validation,final,mixed,gmflow-scale2-regrefine6-mixdata-train320x576-4e7b215d.pth,IR_{3px},0.9174856726196452,models/_pretrained_weights/unimatch_weights/gmflow-scale2-regrefine6-mixdata-train320x576-4e7b215d.pth,GMFlow+
FlyingThings3D,validation,final,mixed,gmflow-scale2-regrefine6-mixdata-train320x576-4e7b215d.pth,IR_{5px},0.9362051471504572,models/_pretrained_weights/unimatch_weights/gmflow-scale2-regrefine6-mixdata-train320x576-4e7b215d.pth,GMFlow+
FlyingThings3D,validation,final,mixed,gmflow-scale2-regrefine6-mixdata-train320x576-4e7b215d.pth,fl-kitti,0.0703867330555475,models/_pretrained_weights/unimatch_weights/gmflow-scale2-regrefine6-mixdata-train320x576-4e7b215d.pth,GMFlow+
FlyingThings3D,validation,final,mixed,gmflow-scale2-regrefine6-mixdata-train320x576-4e7b215d.pth,MSE,250.3348388671875,models/_pretrained_weights/unimatch_weights/gmflow-scale2-regrefine6-mixdata-train320x576-4e7b215d.pth,GMFlow+
FlyingThings3D,validation,final,mixed,gmflow-scale2-regrefine6-mixdata-train320x576-4e7b215d.pth,WAUC,0.8227147042917449,models/_pretrained_weights/unimatch_weights/gmflow-scale2-regrefine6-mixdata-train320x576-4e7b215d.pth,GMFlow+
FlyingThings3D,validation,final,K,gmflow-scale2-regrefine6-kitti15-25b554d7.pth,EPE,11.96471118927002,models/_pretrained_weights/unimatch_weights/gmflow-scale2-regrefine6-kitti15-25b554d7.pth,GMFlow+
FlyingThings3D,validation,final,K,gmflow-scale2-regrefine6-kitti15-25b554d7.pth,IR_{1px},0.6158619253424056,models/_pretrained_weights/unimatch_weights/gmflow-scale2-regrefine6-kitti15-25b554d7.pth,GMFlow+
FlyingThings3D,validation,final,K,gmflow-scale2-regrefine6-kitti15-25b554d7.pth,IR_{3px},0.7581120424494431,models/_pretrained_weights/unimatch_weights/gmflow-scale2-regrefine6-kitti15-25b554d7.pth,GMFlow+
FlyingThings3D,validation,final,K,gmflow-scale2-regrefine6-kitti15-25b554d7.pth,IR_{5px},0.7974177098946591,models/_pretrained_weights/unimatch_weights/gmflow-scale2-regrefine6-kitti15-25b554d7.pth,GMFlow+
FlyingThings3D,validation,final,K,gmflow-scale2-regrefine6-kitti15-25b554d7.pth,fl-kitti,0.2287240557204958,models/_pretrained_weights/unimatch_weights/gmflow-scale2-regrefine6-kitti15-25b554d7.pth,GMFlow+
FlyingThings3D,validation,final,K,gmflow-scale2-regrefine6-kitti15-25b554d7.pth,MSE,1022.0213623046876,models/_pretrained_weights/unimatch_weights/gmflow-scale2-regrefine6-kitti15-25b554d7.pth,GMFlow+
FlyingThings3D,validation,final,K,gmflow-scale2-regrefine6-kitti15-25b554d7.pth,WAUC,0.5997011343946289,models/_pretrained_weights/unimatch_weights/gmflow-scale2-regrefine6-kitti15-25b554d7.pth,GMFlow+
FlyingThings3D,validation,final,S,sintel,EPE,4.393106460571289,sintel,RPKNet
FlyingThings3D,validation,final,S,sintel,IR_{1px},0.8269805498150097,sintel,RPKNet
FlyingThings3D,validation,final,S,sintel,IR_{3px},0.904490930838304,sintel,RPKNet
FlyingThings3D,validation,final,S,sintel,IR_{5px},0.9256463523867148,sintel,RPKNet
FlyingThings3D,validation,final,S,sintel,fl-kitti,0.0833407368004447,sintel,RPKNet
FlyingThings3D,validation,final,S,sintel,MSE,467.4576721191406,sintel,RPKNet
FlyingThings3D,validation,final,S,sintel,WAUC,0.8051826940391507,sintel,RPKNet
FlyingThings3D,validation,final,C,chairs,EPE,9.86644172668457,chairs,RPKNet
FlyingThings3D,validation,final,C,chairs,IR_{1px},0.650693859011236,chairs,RPKNet
FlyingThings3D,validation,final,C,chairs,IR_{3px},0.815578374025837,chairs,RPKNet
FlyingThings3D,validation,final,C,chairs,IR_{5px},0.8517420404608486,chairs,RPKNet
FlyingThings3D,validation,final,C,chairs,fl-kitti,0.1713337165496963,chairs,RPKNet
FlyingThings3D,validation,final,C,chairs,MSE,934.9819946289062,chairs,RPKNet
FlyingThings3D,validation,final,C,chairs,WAUC,0.643617135038267,chairs,RPKNet
FlyingThings3D,validation,final,K,kitti,EPE,7.162227630615234,kitti,RPKNet
FlyingThings3D,validation,final,K,kitti,IR_{1px},0.7612516971074601,kitti,RPKNet
FlyingThings3D,validation,final,K,kitti,IR_{3px},0.8632548624627576,kitti,RPKNet
FlyingThings3D,validation,final,K,kitti,IR_{5px},0.8905689224098351,kitti,RPKNet
FlyingThings3D,validation,final,K,kitti,fl-kitti,0.1234516571705424,kitti,RPKNet
FlyingThings3D,validation,final,K,kitti,MSE,752.7188720703125,kitti,RPKNet
FlyingThings3D,validation,final,K,kitti,WAUC,0.7348558059747035,kitti,RPKNet
FlyingThings3D,validation,final,C+T,things,EPE,3.551918029785156,things,RPKNet
FlyingThings3D,validation,final,C+T,things,IR_{1px},0.8377194066579327,things,RPKNet
FlyingThings3D,validation,final,C+T,things,IR_{3px},0.9121934688341844,things,RPKNet
FlyingThings3D,validation,final,C+T,things,IR_{5px},0.9329740797753664,things,RPKNet
FlyingThings3D,validation,final,C+T,things,fl-kitti,0.0750475618553799,things,RPKNet
FlyingThings3D,validation,final,C+T,things,MSE,349.3912048339844,things,RPKNet
FlyingThings3D,validation,final,C+T,things,WAUC,0.8174081857194035,things,RPKNet
FlyingThings3D,validation,final,C,Tartan-C368x496-M.pth,EPE,15.792800903320312,models/_pretrained_weights/SEA-RAFT-models/Tartan-C368x496-M.pth,SEA-RAFT (L)
FlyingThings3D,validation,final,C,Tartan-C368x496-M.pth,IR_{1px},0.64976455487072,models/_pretrained_weights/SEA-RAFT-models/Tartan-C368x496-M.pth,SEA-RAFT (L)
FlyingThings3D,validation,final,C,Tartan-C368x496-M.pth,IR_{3px},0.8325135837249821,models/_pretrained_weights/SEA-RAFT-models/Tartan-C368x496-M.pth,SEA-RAFT (L)
FlyingThings3D,validation,final,C,Tartan-C368x496-M.pth,IR_{5px},0.8579104848202738,models/_pretrained_weights/SEA-RAFT-models/Tartan-C368x496-M.pth,SEA-RAFT (L)
FlyingThings3D,validation,final,C,Tartan-C368x496-M.pth,fl-kitti,0.1566112857959196,models/_pretrained_weights/SEA-RAFT-models/Tartan-C368x496-M.pth,SEA-RAFT (L)
FlyingThings3D,validation,final,C,Tartan-C368x496-M.pth,MSE,2281.68115234375,models/_pretrained_weights/SEA-RAFT-models/Tartan-C368x496-M.pth,SEA-RAFT (L)
FlyingThings3D,validation,final,C,Tartan-C368x496-M.pth,WAUC,0.6484155035392061,models/_pretrained_weights/SEA-RAFT-models/Tartan-C368x496-M.pth,SEA-RAFT (L)
FlyingThings3D,validation,final,S,Tartan-C-T-TSKH432x960-M.pth,EPE,4.2803144454956055,models/_pretrained_weights/SEA-RAFT-models/Tartan-C-T-TSKH432x960-M.pth,SEA-RAFT (L)
FlyingThings3D,validation,final,S,Tartan-C-T-TSKH432x960-M.pth,IR_{1px},0.86624003620542,models/_pretrained_weights/SEA-RAFT-models/Tartan-C-T-TSKH432x960-M.pth,SEA-RAFT (L)
FlyingThings3D,validation,final,S,Tartan-C-T-TSKH432x960-M.pth,IR_{3px},0.9206172018305074,models/_pretrained_weights/SEA-RAFT-models/Tartan-C-T-TSKH432x960-M.pth,SEA-RAFT (L)
FlyingThings3D,validation,final,S,Tartan-C-T-TSKH432x960-M.pth,IR_{5px},0.9360723700092536,models/_pretrained_weights/SEA-RAFT-models/Tartan-C-T-TSKH432x960-M.pth,SEA-RAFT (L)
FlyingThings3D,validation,final,S,Tartan-C-T-TSKH432x960-M.pth,fl-kitti,0.0695827276940293,models/_pretrained_weights/SEA-RAFT-models/Tartan-C-T-TSKH432x960-M.pth,SEA-RAFT (L)
FlyingThings3D,validation,final,S,Tartan-C-T-TSKH432x960-M.pth,MSE,504.36627197265625,models/_pretrained_weights/SEA-RAFT-models/Tartan-C-T-TSKH432x960-M.pth,SEA-RAFT (L)
FlyingThings3D,validation,final,S,Tartan-C-T-TSKH432x960-M.pth,WAUC,0.8531477211632524,models/_pretrained_weights/SEA-RAFT-models/Tartan-C-T-TSKH432x960-M.pth,SEA-RAFT (L)
FlyingThings3D,validation,final,mixed,Tartan-C-T-TSKH-spring540x960-M.pth,EPE,7.028980731964111,models/_pretrained_weights/SEA-RAFT-models/Tartan-C-T-TSKH-spring540x960-M.pth,SEA-RAFT (L)
FlyingThings3D,validation,final,mixed,Tartan-C-T-TSKH-spring540x960-M.pth,IR_{1px},0.815595924609963,models/_pretrained_weights/SEA-RAFT-models/Tartan-C-T-TSKH-spring540x960-M.pth,SEA-RAFT (L)
FlyingThings3D,validation,final,mixed,Tartan-C-T-TSKH-spring540x960-M.pth,IR_{3px},0.8838478584068789,models/_pretrained_weights/SEA-RAFT-models/Tartan-C-T-TSKH-spring540x960-M.pth,SEA-RAFT (L)
FlyingThings3D,validation,final,mixed,Tartan-C-T-TSKH-spring540x960-M.pth,IR_{5px},0.903229632703243,models/_pretrained_weights/SEA-RAFT-models/Tartan-C-T-TSKH-spring540x960-M.pth,SEA-RAFT (L)
FlyingThings3D,validation,final,mixed,Tartan-C-T-TSKH-spring540x960-M.pth,fl-kitti,0.1065465512810769,models/_pretrained_weights/SEA-RAFT-models/Tartan-C-T-TSKH-spring540x960-M.pth,SEA-RAFT (L)
FlyingThings3D,validation,final,mixed,Tartan-C-T-TSKH-spring540x960-M.pth,MSE,706.6704711914062,models/_pretrained_weights/SEA-RAFT-models/Tartan-C-T-TSKH-spring540x960-M.pth,SEA-RAFT (L)
FlyingThings3D,validation,final,mixed,Tartan-C-T-TSKH-spring540x960-M.pth,WAUC,0.7991742458408133,models/_pretrained_weights/SEA-RAFT-models/Tartan-C-T-TSKH-spring540x960-M.pth,SEA-RAFT (L)
FlyingThings3D,validation,final,tartan,Tartan480x640-M.pth,EPE,10.92795181274414,models/_pretrained_weights/SEA-RAFT-models/Tartan480x640-M.pth,SEA-RAFT (L)
FlyingThings3D,validation,final,tartan,Tartan480x640-M.pth,IR_{1px},0.7545037466417388,models/_pretrained_weights/SEA-RAFT-models/Tartan480x640-M.pth,SEA-RAFT (L)
FlyingThings3D,validation,final,tartan,Tartan480x640-M.pth,IR_{3px},0.8201065345019225,models/_pretrained_weights/SEA-RAFT-models/Tartan480x640-M.pth,SEA-RAFT (L)
FlyingThings3D,validation,final,tartan,Tartan480x640-M.pth,IR_{5px},0.8420759512766074,models/_pretrained_weights/SEA-RAFT-models/Tartan480x640-M.pth,SEA-RAFT (L)
FlyingThings3D,validation,final,tartan,Tartan480x640-M.pth,fl-kitti,0.1715075729830365,models/_pretrained_weights/SEA-RAFT-models/Tartan480x640-M.pth,SEA-RAFT (L)
FlyingThings3D,validation,final,tartan,Tartan480x640-M.pth,MSE,1101.9722900390625,models/_pretrained_weights/SEA-RAFT-models/Tartan480x640-M.pth,SEA-RAFT (L)
FlyingThings3D,validation,final,tartan,Tartan480x640-M.pth,WAUC,0.7379137382862849,models/_pretrained_weights/SEA-RAFT-models/Tartan480x640-M.pth,SEA-RAFT (L)
FlyingThings3D,validation,final,C+T,Tartan-C-T432x960-M.pth,EPE,3.222384452819824,models/_pretrained_weights/SEA-RAFT-models/Tartan-C-T432x960-M.pth,SEA-RAFT (L)
FlyingThings3D,validation,final,C+T,Tartan-C-T432x960-M.pth,IR_{1px},0.8692526027603056,models/_pretrained_weights/SEA-RAFT-models/Tartan-C-T432x960-M.pth,SEA-RAFT (L)
FlyingThings3D,validation,final,C+T,Tartan-C-T432x960-M.pth,IR_{3px},0.924044523975382,models/_pretrained_weights/SEA-RAFT-models/Tartan-C-T432x960-M.pth,SEA-RAFT (L)
FlyingThings3D,validation,final,C+T,Tartan-C-T432x960-M.pth,IR_{5px},0.9398031750475292,models/_pretrained_weights/SEA-RAFT-models/Tartan-C-T432x960-M.pth,SEA-RAFT (L)
FlyingThings3D,validation,final,C+T,Tartan-C-T432x960-M.pth,fl-kitti,0.0654114743140144,models/_pretrained_weights/SEA-RAFT-models/Tartan-C-T432x960-M.pth,SEA-RAFT (L)
FlyingThings3D,validation,final,C+T,Tartan-C-T432x960-M.pth,MSE,346.5577087402344,models/_pretrained_weights/SEA-RAFT-models/Tartan-C-T432x960-M.pth,SEA-RAFT (L)
FlyingThings3D,validation,final,C+T,Tartan-C-T432x960-M.pth,WAUC,0.8569151764173057,models/_pretrained_weights/SEA-RAFT-models/Tartan-C-T432x960-M.pth,SEA-RAFT (L)
FlyingThings3D,validation,final,K,Tartan-C-T-TSKH-kitti432x960-M.pth,EPE,5.376110553741455,models/_pretrained_weights/SEA-RAFT-models/Tartan-C-T-TSKH-kitti432x960-M.pth,SEA-RAFT (L)
FlyingThings3D,validation,final,K,Tartan-C-T-TSKH-kitti432x960-M.pth,IR_{1px},0.8467507797371149,models/_pretrained_weights/SEA-RAFT-models/Tartan-C-T-TSKH-kitti432x960-M.pth,SEA-RAFT (L)
FlyingThings3D,validation,final,K,Tartan-C-T-TSKH-kitti432x960-M.pth,IR_{3px},0.9080386924856684,models/_pretrained_weights/SEA-RAFT-models/Tartan-C-T-TSKH-kitti432x960-M.pth,SEA-RAFT (L)
FlyingThings3D,validation,final,K,Tartan-C-T-TSKH-kitti432x960-M.pth,IR_{5px},0.9247063868244406,models/_pretrained_weights/SEA-RAFT-models/Tartan-C-T-TSKH-kitti432x960-M.pth,SEA-RAFT (L)
FlyingThings3D,validation,final,K,Tartan-C-T-TSKH-kitti432x960-M.pth,fl-kitti,0.081952421054446,models/_pretrained_weights/SEA-RAFT-models/Tartan-C-T-TSKH-kitti432x960-M.pth,SEA-RAFT (L)
FlyingThings3D,validation,final,K,Tartan-C-T-TSKH-kitti432x960-M.pth,MSE,618.7662963867188,models/_pretrained_weights/SEA-RAFT-models/Tartan-C-T-TSKH-kitti432x960-M.pth,SEA-RAFT (L)
FlyingThings3D,validation,final,K,Tartan-C-T-TSKH-kitti432x960-M.pth,WAUC,0.828533567052016,models/_pretrained_weights/SEA-RAFT-models/Tartan-C-T-TSKH-kitti432x960-M.pth,SEA-RAFT (L)
FlyingThings3D,validation,final,C+T,gmflow-scale1-things-e9887eda.pth,EPE,3.8301289081573486,models/_pretrained_weights/unimatch_weights/gmflow-scale1-things-e9887eda.pth,GMFlow+ (s1)
FlyingThings3D,validation,final,C+T,gmflow-scale1-things-e9887eda.pth,IR_{1px},0.7377755883056911,models/_pretrained_weights/unimatch_weights/gmflow-scale1-things-e9887eda.pth,GMFlow+ (s1)
FlyingThings3D,validation,final,C+T,gmflow-scale1-things-e9887eda.pth,IR_{3px},0.8763762028055252,models/_pretrained_weights/unimatch_weights/gmflow-scale1-things-e9887eda.pth,GMFlow+ (s1)
FlyingThings3D,validation,final,C+T,gmflow-scale1-things-e9887eda.pth,IR_{5px},0.9114263285836662,models/_pretrained_weights/unimatch_weights/gmflow-scale1-things-e9887eda.pth,GMFlow+ (s1)
FlyingThings3D,validation,final,C+T,gmflow-scale1-things-e9887eda.pth,fl-kitti,0.1039673345897168,models/_pretrained_weights/unimatch_weights/gmflow-scale1-things-e9887eda.pth,GMFlow+ (s1)
FlyingThings3D,validation,final,C+T,gmflow-scale1-things-e9887eda.pth,MSE,300.0610656738281,models/_pretrained_weights/unimatch_weights/gmflow-scale1-things-e9887eda.pth,GMFlow+ (s1)
FlyingThings3D,validation,final,C+T,gmflow-scale1-things-e9887eda.pth,WAUC,0.6992103921557182,models/_pretrained_weights/unimatch_weights/gmflow-scale1-things-e9887eda.pth,GMFlow+ (s1)
FlyingThings3D,validation,final,mixed,gmflow-scale1-mixdata-train320x576-4c3a6e9a.pth,EPE,4.354893207550049,models/_pretrained_weights/unimatch_weights/gmflow-scale1-mixdata-train320x576-4c3a6e9a.pth,GMFlow+ (s1)
FlyingThings3D,validation,final,mixed,gmflow-scale1-mixdata-train320x576-4c3a6e9a.pth,IR_{1px},0.5806258856493215,models/_pretrained_weights/unimatch_weights/gmflow-scale1-mixdata-train320x576-4c3a6e9a.pth,GMFlow+ (s1)
FlyingThings3D,validation,final,mixed,gmflow-scale1-mixdata-train320x576-4c3a6e9a.pth,IR_{3px},0.8593292341197344,models/_pretrained_weights/unimatch_weights/gmflow-scale1-mixdata-train320x576-4c3a6e9a.pth,GMFlow+ (s1)
FlyingThings3D,validation,final,mixed,gmflow-scale1-mixdata-train320x576-4c3a6e9a.pth,IR_{5px},0.9002603093096017,models/_pretrained_weights/unimatch_weights/gmflow-scale1-mixdata-train320x576-4c3a6e9a.pth,GMFlow+ (s1)
FlyingThings3D,validation,final,mixed,gmflow-scale1-mixdata-train320x576-4c3a6e9a.pth,fl-kitti,0.1191868508925082,models/_pretrained_weights/unimatch_weights/gmflow-scale1-mixdata-train320x576-4c3a6e9a.pth,GMFlow+ (s1)
FlyingThings3D,validation,final,mixed,gmflow-scale1-mixdata-train320x576-4c3a6e9a.pth,MSE,322.4149475097656,models/_pretrained_weights/unimatch_weights/gmflow-scale1-mixdata-train320x576-4c3a6e9a.pth,GMFlow+ (s1)
FlyingThings3D,validation,final,mixed,gmflow-scale1-mixdata-train320x576-4c3a6e9a.pth,WAUC,0.6049926312609131,models/_pretrained_weights/unimatch_weights/gmflow-scale1-mixdata-train320x576-4c3a6e9a.pth,GMFlow+ (s1)
FlyingThings3D,validation,final,C+T,matchflow-r-things.pth,EPE,4.11720609664917,models/_pretrained_weights/matchflow_weights/matchflow-r/matchflow-r-things.pth,MatchFlow (R)
FlyingThings3D,validation,final,C+T,matchflow-r-things.pth,IR_{1px},0.8296860380744167,models/_pretrained_weights/matchflow_weights/matchflow-r/matchflow-r-things.pth,MatchFlow (R)
FlyingThings3D,validation,final,C+T,matchflow-r-things.pth,IR_{3px},0.9034544080977432,models/_pretrained_weights/matchflow_weights/matchflow-r/matchflow-r-things.pth,MatchFlow (R)
FlyingThings3D,validation,final,C+T,matchflow-r-things.pth,IR_{5px},0.9243732467232104,models/_pretrained_weights/matchflow_weights/matchflow-r/matchflow-r-things.pth,MatchFlow (R)
FlyingThings3D,validation,final,C+T,matchflow-r-things.pth,fl-kitti,0.0845779727499794,models/_pretrained_weights/matchflow_weights/matchflow-r/matchflow-r-things.pth,MatchFlow (R)
FlyingThings3D,validation,final,C+T,matchflow-r-things.pth,MSE,411.5248718261719,models/_pretrained_weights/matchflow_weights/matchflow-r/matchflow-r-things.pth,MatchFlow (R)
FlyingThings3D,validation,final,C+T,matchflow-r-things.pth,WAUC,0.8130332709459994,models/_pretrained_weights/matchflow_weights/matchflow-r/matchflow-r-things.pth,MatchFlow (R)
Driving,train,final,K,kitti.pth,EPE,13.91887378692627,models/_pretrained_weights/FlowFormer-Models/kitti.pth,FlowFormer
Driving,train,final,K,kitti.pth,IR_{1px},0.5855835244377885,models/_pretrained_weights/FlowFormer-Models/kitti.pth,FlowFormer
Driving,train,final,K,kitti.pth,IR_{3px},0.7605432152262405,models/_pretrained_weights/FlowFormer-Models/kitti.pth,FlowFormer
Driving,train,final,K,kitti.pth,IR_{5px},0.8129073882971227,models/_pretrained_weights/FlowFormer-Models/kitti.pth,FlowFormer
Driving,train,final,K,kitti.pth,fl-kitti,0.2164792150532445,models/_pretrained_weights/FlowFormer-Models/kitti.pth,FlowFormer
Driving,train,final,K,kitti.pth,MSE,1625.696044921875,models/_pretrained_weights/FlowFormer-Models/kitti.pth,FlowFormer
Driving,train,final,K,kitti.pth,WAUC,0.5914389146500786,models/_pretrained_weights/FlowFormer-Models/kitti.pth,FlowFormer
Driving,train,final,C,chairs.pth,EPE,33.097450256347656,models/_pretrained_weights/FlowFormer-Models/chairs.pth,FlowFormer
Driving,train,final,C,chairs.pth,IR_{1px},0.3876158075752504,models/_pretrained_weights/FlowFormer-Models/chairs.pth,FlowFormer
Driving,train,final,C,chairs.pth,IR_{3px},0.6007835492081078,models/_pretrained_weights/FlowFormer-Models/chairs.pth,FlowFormer
Driving,train,final,C,chairs.pth,IR_{5px},0.6665481525813213,models/_pretrained_weights/FlowFormer-Models/chairs.pth,FlowFormer
Driving,train,final,C,chairs.pth,fl-kitti,0.3936368340440742,models/_pretrained_weights/FlowFormer-Models/chairs.pth,FlowFormer
Driving,train,final,C,chairs.pth,MSE,5537.798828125,models/_pretrained_weights/FlowFormer-Models/chairs.pth,FlowFormer
Driving,train,final,C,chairs.pth,WAUC,0.4265725892023311,models/_pretrained_weights/FlowFormer-Models/chairs.pth,FlowFormer
Driving,train,final,S,sintel.pth,EPE,11.399169921875,models/_pretrained_weights/FlowFormer-Models/sintel.pth,FlowFormer
Driving,train,final,S,sintel.pth,IR_{1px},0.6838949031614064,models/_pretrained_weights/FlowFormer-Models/sintel.pth,FlowFormer
Driving,train,final,S,sintel.pth,IR_{3px},0.8187484536320327,models/_pretrained_weights/FlowFormer-Models/sintel.pth,FlowFormer
Driving,train,final,S,sintel.pth,IR_{5px},0.8586993610171271,models/_pretrained_weights/FlowFormer-Models/sintel.pth,FlowFormer
Driving,train,final,S,sintel.pth,fl-kitti,0.1585477375323618,models/_pretrained_weights/FlowFormer-Models/sintel.pth,FlowFormer
Driving,train,final,S,sintel.pth,MSE,1325.361572265625,models/_pretrained_weights/FlowFormer-Models/sintel.pth,FlowFormer
Driving,train,final,S,sintel.pth,WAUC,0.6795011846911305,models/_pretrained_weights/FlowFormer-Models/sintel.pth,FlowFormer
Driving,train,final,C+T,things.pth,EPE,14.64271640777588,models/_pretrained_weights/FlowFormer-Models/things.pth,FlowFormer
Driving,train,final,C+T,things.pth,IR_{1px},0.6318113295620746,models/_pretrained_weights/FlowFormer-Models/things.pth,FlowFormer
Driving,train,final,C+T,things.pth,IR_{3px},0.7660826905763036,models/_pretrained_weights/FlowFormer-Models/things.pth,FlowFormer
Driving,train,final,C+T,things.pth,IR_{5px},0.8130431397108323,models/_pretrained_weights/FlowFormer-Models/things.pth,FlowFormer
Driving,train,final,C+T,things.pth,fl-kitti,0.2096630040968719,models/_pretrained_weights/FlowFormer-Models/things.pth,FlowFormer
Driving,train,final,C+T,things.pth,MSE,1968.3870849609373,models/_pretrained_weights/FlowFormer-Models/things.pth,FlowFormer
Driving,train,final,C+T,things.pth,WAUC,0.6271188073564491,models/_pretrained_weights/FlowFormer-Models/things.pth,FlowFormer
Driving,train,final,K,matchflow-g-kitti.pth,EPE,13.61700439453125,models/_pretrained_weights/matchflow_weights/matchflow-g/matchflow-g-kitti.pth,MatchFlow (G)
Driving,train,final,K,matchflow-g-kitti.pth,IR_{1px},0.5952462468428907,models/_pretrained_weights/matchflow_weights/matchflow-g/matchflow-g-kitti.pth,MatchFlow (G)
Driving,train,final,K,matchflow-g-kitti.pth,IR_{3px},0.7522394926550796,models/_pretrained_weights/matchflow_weights/matchflow-g/matchflow-g-kitti.pth,MatchFlow (G)
Driving,train,final,K,matchflow-g-kitti.pth,IR_{5px},0.8083546129553827,models/_pretrained_weights/matchflow_weights/matchflow-g/matchflow-g-kitti.pth,MatchFlow (G)
Driving,train,final,K,matchflow-g-kitti.pth,fl-kitti,0.2185308059636878,models/_pretrained_weights/matchflow_weights/matchflow-g/matchflow-g-kitti.pth,MatchFlow (G)
Driving,train,final,K,matchflow-g-kitti.pth,MSE,1620.050537109375,models/_pretrained_weights/matchflow_weights/matchflow-g/matchflow-g-kitti.pth,MatchFlow (G)
Driving,train,final,K,matchflow-g-kitti.pth,WAUC,0.5975333499491624,models/_pretrained_weights/matchflow_weights/matchflow-g/matchflow-g-kitti.pth,MatchFlow (G)
Driving,train,final,S,matchflow-g-sintel.pth,EPE,10.498309135437012,models/_pretrained_weights/matchflow_weights/matchflow-g/matchflow-g-sintel.pth,MatchFlow (G)
Driving,train,final,S,matchflow-g-sintel.pth,IR_{1px},0.6861585405712641,models/_pretrained_weights/matchflow_weights/matchflow-g/matchflow-g-sintel.pth,MatchFlow (G)
Driving,train,final,S,matchflow-g-sintel.pth,IR_{3px},0.8203489538583933,models/_pretrained_weights/matchflow_weights/matchflow-g/matchflow-g-sintel.pth,MatchFlow (G)
Driving,train,final,S,matchflow-g-sintel.pth,IR_{5px},0.8572109802070588,models/_pretrained_weights/matchflow_weights/matchflow-g/matchflow-g-sintel.pth,MatchFlow (G)
Driving,train,final,S,matchflow-g-sintel.pth,fl-kitti,0.1601646920942443,models/_pretrained_weights/matchflow_weights/matchflow-g/matchflow-g-sintel.pth,MatchFlow (G)
Driving,train,final,S,matchflow-g-sintel.pth,MSE,1113.0926513671875,models/_pretrained_weights/matchflow_weights/matchflow-g/matchflow-g-sintel.pth,MatchFlow (G)
Driving,train,final,S,matchflow-g-sintel.pth,WAUC,0.6825876170243755,models/_pretrained_weights/matchflow_weights/matchflow-g/matchflow-g-sintel.pth,MatchFlow (G)
Driving,train,final,C,matchflow-g-chairs.pth,EPE,34.70296859741211,models/_pretrained_weights/matchflow_weights/matchflow-g/matchflow-g-chairs.pth,MatchFlow (G)
Driving,train,final,C,matchflow-g-chairs.pth,IR_{1px},0.3319191360907697,models/_pretrained_weights/matchflow_weights/matchflow-g/matchflow-g-chairs.pth,MatchFlow (G)
Driving,train,final,C,matchflow-g-chairs.pth,IR_{3px},0.5186629499875485,models/_pretrained_weights/matchflow_weights/matchflow-g/matchflow-g-chairs.pth,MatchFlow (G)
Driving,train,final,C,matchflow-g-chairs.pth,IR_{5px},0.5864451058030629,models/_pretrained_weights/matchflow_weights/matchflow-g/matchflow-g-chairs.pth,MatchFlow (G)
Driving,train,final,C,matchflow-g-chairs.pth,fl-kitti,0.4787180945584318,models/_pretrained_weights/matchflow_weights/matchflow-g/matchflow-g-chairs.pth,MatchFlow (G)
Driving,train,final,C,matchflow-g-chairs.pth,MSE,4984.43896484375,models/_pretrained_weights/matchflow_weights/matchflow-g/matchflow-g-chairs.pth,MatchFlow (G)
Driving,train,final,C,matchflow-g-chairs.pth,WAUC,0.368998841254798,models/_pretrained_weights/matchflow_weights/matchflow-g/matchflow-g-chairs.pth,MatchFlow (G)
Driving,train,final,C+T,matchflow-g-things.pth,EPE,18.11022186279297,models/_pretrained_weights/matchflow_weights/matchflow-g/matchflow-g-things.pth,MatchFlow (G)
Driving,train,final,C+T,matchflow-g-things.pth,IR_{1px},0.60961797927042,models/_pretrained_weights/matchflow_weights/matchflow-g/matchflow-g-things.pth,MatchFlow (G)
Driving,train,final,C+T,matchflow-g-things.pth,IR_{3px},0.7377498017995407,models/_pretrained_weights/matchflow_weights/matchflow-g/matchflow-g-things.pth,MatchFlow (G)
Driving,train,final,C+T,matchflow-g-things.pth,IR_{5px},0.7832539804615819,models/_pretrained_weights/matchflow_weights/matchflow-g/matchflow-g-things.pth,MatchFlow (G)
Driving,train,final,C+T,matchflow-g-things.pth,fl-kitti,0.2455224142360606,models/_pretrained_weights/matchflow_weights/matchflow-g/matchflow-g-things.pth,MatchFlow (G)
Driving,train,final,C+T,matchflow-g-things.pth,MSE,2676.3505859375,models/_pretrained_weights/matchflow_weights/matchflow-g/matchflow-g-things.pth,MatchFlow (G)
Driving,train,final,C+T,matchflow-g-things.pth,WAUC,0.603684195186234,models/_pretrained_weights/matchflow_weights/matchflow-g/matchflow-g-things.pth,MatchFlow (G)
Driving,train,final,K,CCMR+_kitti.pth,EPE,4.503589630126953,models/_pretrained_weights/ccmr_weights/CCMR+_kitti.pth,CCMR+
Driving,train,final,K,CCMR+_kitti.pth,IR_{1px},0.7108448248645591,models/_pretrained_weights/ccmr_weights/CCMR+_kitti.pth,CCMR+
Driving,train,final,K,CCMR+_kitti.pth,IR_{3px},0.842360856131275,models/_pretrained_weights/ccmr_weights/CCMR+_kitti.pth,CCMR+
Driving,train,final,K,CCMR+_kitti.pth,IR_{5px},0.8832222339698231,models/_pretrained_weights/ccmr_weights/CCMR+_kitti.pth,CCMR+
Driving,train,final,K,CCMR+_kitti.pth,fl-kitti,0.107823559882811,models/_pretrained_weights/ccmr_weights/CCMR+_kitti.pth,CCMR+
Driving,train,final,K,CCMR+_kitti.pth,MSE,350.9988708496094,models/_pretrained_weights/ccmr_weights/CCMR+_kitti.pth,CCMR+
Driving,train,final,K,CCMR+_kitti.pth,WAUC,0.7097890467144925,models/_pretrained_weights/ccmr_weights/CCMR+_kitti.pth,CCMR+
Driving,train,final,C+T,CCMR+_things.pth,EPE,15.709386825561523,models/_pretrained_weights/ccmr_weights/CCMR+_things.pth,CCMR+
Driving,train,final,C+T,CCMR+_things.pth,IR_{1px},0.6650059427510379,models/_pretrained_weights/ccmr_weights/CCMR+_things.pth,CCMR+
Driving,train,final,C+T,CCMR+_things.pth,IR_{3px},0.7659696755958854,models/_pretrained_weights/ccmr_weights/CCMR+_things.pth,CCMR+
Driving,train,final,C+T,CCMR+_things.pth,IR_{5px},0.8047632160217394,models/_pretrained_weights/ccmr_weights/CCMR+_things.pth,CCMR+
Driving,train,final,C+T,CCMR+_things.pth,fl-kitti,0.2146418026314201,models/_pretrained_weights/ccmr_weights/CCMR+_things.pth,CCMR+
Driving,train,final,C+T,CCMR+_things.pth,MSE,2223.4931640625,models/_pretrained_weights/ccmr_weights/CCMR+_things.pth,CCMR+
Driving,train,final,C+T,CCMR+_things.pth,WAUC,0.6627418143276476,models/_pretrained_weights/ccmr_weights/CCMR+_things.pth,CCMR+
Driving,train,final,S,CCMR+_sintel.pth,EPE,11.356953620910645,models/_pretrained_weights/ccmr_weights/CCMR+_sintel.pth,CCMR+
Driving,train,final,S,CCMR+_sintel.pth,IR_{1px},0.7128020865325709,models/_pretrained_weights/ccmr_weights/CCMR+_sintel.pth,CCMR+
Driving,train,final,S,CCMR+_sintel.pth,IR_{3px},0.828080114189852,models/_pretrained_weights/ccmr_weights/CCMR+_sintel.pth,CCMR+
Driving,train,final,S,CCMR+_sintel.pth,IR_{5px},0.8629316101068382,models/_pretrained_weights/ccmr_weights/CCMR+_sintel.pth,CCMR+
Driving,train,final,S,CCMR+_sintel.pth,fl-kitti,0.1502993873237156,models/_pretrained_weights/ccmr_weights/CCMR+_sintel.pth,CCMR+
Driving,train,final,S,CCMR+_sintel.pth,MSE,1362.7603759765625,models/_pretrained_weights/ccmr_weights/CCMR+_sintel.pth,CCMR+
Driving,train,final,S,CCMR+_sintel.pth,WAUC,0.7131238852066367,models/_pretrained_weights/ccmr_weights/CCMR+_sintel.pth,CCMR+
Driving,train,final,C+T,FlowNet2_checkpoint.pth.tar,EPE,27.199851989746094,models/_pretrained_weights/FlowNet/FlowNet2_checkpoint.pth.tar,FlowNet2
Driving,train,final,C+T,FlowNet2_checkpoint.pth.tar,IR_{1px},0.4719959956920626,models/_pretrained_weights/FlowNet/FlowNet2_checkpoint.pth.tar,FlowNet2
Driving,train,final,C+T,FlowNet2_checkpoint.pth.tar,IR_{3px},0.6386313722861005,models/_pretrained_weights/FlowNet/FlowNet2_checkpoint.pth.tar,FlowNet2
Driving,train,final,C+T,FlowNet2_checkpoint.pth.tar,IR_{5px},0.6931768454023846,models/_pretrained_weights/FlowNet/FlowNet2_checkpoint.pth.tar,FlowNet2
Driving,train,final,C+T,FlowNet2_checkpoint.pth.tar,fl-kitti,0.3531602071986752,models/_pretrained_weights/FlowNet/FlowNet2_checkpoint.pth.tar,FlowNet2
Driving,train,final,C+T,FlowNet2_checkpoint.pth.tar,MSE,4208.45458984375,models/_pretrained_weights/FlowNet/FlowNet2_checkpoint.pth.tar,FlowNet2
Driving,train,final,C+T,FlowNet2_checkpoint.pth.tar,WAUC,0.4879361191766443,models/_pretrained_weights/FlowNet/FlowNet2_checkpoint.pth.tar,FlowNet2
Driving,train,final,C+T,gmflow-scale2-things-36579974.pth,EPE,20.67963409423828,models/_pretrained_weights/unimatch_weights/gmflow-scale2-things-36579974.pth,GMFlow+ (s2)
Driving,train,final,C+T,gmflow-scale2-things-36579974.pth,IR_{1px},0.5602700578902682,models/_pretrained_weights/unimatch_weights/gmflow-scale2-things-36579974.pth,GMFlow+ (s2)
Driving,train,final,C+T,gmflow-scale2-things-36579974.pth,IR_{3px},0.7229806886322548,models/_pretrained_weights/unimatch_weights/gmflow-scale2-things-36579974.pth,GMFlow+ (s2)
Driving,train,final,C+T,gmflow-scale2-things-36579974.pth,IR_{5px},0.7718341253193278,models/_pretrained_weights/unimatch_weights/gmflow-scale2-things-36579974.pth,GMFlow+ (s2)
Driving,train,final,C+T,gmflow-scale2-things-36579974.pth,fl-kitti,0.2610268890509091,models/_pretrained_weights/unimatch_weights/gmflow-scale2-things-36579974.pth,GMFlow+ (s2)
Driving,train,final,C+T,gmflow-scale2-things-36579974.pth,MSE,3213.548583984375,models/_pretrained_weights/unimatch_weights/gmflow-scale2-things-36579974.pth,GMFlow+ (s2)
Driving,train,final,C+T,gmflow-scale2-things-36579974.pth,WAUC,0.5598080296048284,models/_pretrained_weights/unimatch_weights/gmflow-scale2-things-36579974.pth,GMFlow+ (s2)
Driving,train,final,mixed,gmflow-scale2-mixdata-train320x576-9ff1c094.pth,EPE,13.539887428283691,models/_pretrained_weights/unimatch_weights/gmflow-scale2-mixdata-train320x576-9ff1c094.pth,GMFlow+ (s2)
Driving,train,final,mixed,gmflow-scale2-mixdata-train320x576-9ff1c094.pth,IR_{1px},0.6362659675851012,models/_pretrained_weights/unimatch_weights/gmflow-scale2-mixdata-train320x576-9ff1c094.pth,GMFlow+ (s2)
Driving,train,final,mixed,gmflow-scale2-mixdata-train320x576-9ff1c094.pth,IR_{3px},0.7808015678389438,models/_pretrained_weights/unimatch_weights/gmflow-scale2-mixdata-train320x576-9ff1c094.pth,GMFlow+ (s2)
Driving,train,final,mixed,gmflow-scale2-mixdata-train320x576-9ff1c094.pth,IR_{5px},0.832111795673538,models/_pretrained_weights/unimatch_weights/gmflow-scale2-mixdata-train320x576-9ff1c094.pth,GMFlow+ (s2)
Driving,train,final,mixed,gmflow-scale2-mixdata-train320x576-9ff1c094.pth,fl-kitti,0.189460202690575,models/_pretrained_weights/unimatch_weights/gmflow-scale2-mixdata-train320x576-9ff1c094.pth,GMFlow+ (s2)
Driving,train,final,mixed,gmflow-scale2-mixdata-train320x576-9ff1c094.pth,MSE,1884.0318603515625,models/_pretrained_weights/unimatch_weights/gmflow-scale2-mixdata-train320x576-9ff1c094.pth,GMFlow+ (s2)
Driving,train,final,mixed,gmflow-scale2-mixdata-train320x576-9ff1c094.pth,WAUC,0.6166960766164058,models/_pretrained_weights/unimatch_weights/gmflow-scale2-mixdata-train320x576-9ff1c094.pth,GMFlow+ (s2)
Driving,train,final,S,gmflow-scale2-sintel-3ed1cf48.pth,EPE,16.70041847229004,models/_pretrained_weights/unimatch_weights/gmflow-scale2-sintel-3ed1cf48.pth,GMFlow+ (s2)
Driving,train,final,S,gmflow-scale2-sintel-3ed1cf48.pth,IR_{1px},0.6121472896805643,models/_pretrained_weights/unimatch_weights/gmflow-scale2-sintel-3ed1cf48.pth,GMFlow+ (s2)
Driving,train,final,S,gmflow-scale2-sintel-3ed1cf48.pth,IR_{3px},0.7572347456873627,models/_pretrained_weights/unimatch_weights/gmflow-scale2-sintel-3ed1cf48.pth,GMFlow+ (s2)
Driving,train,final,S,gmflow-scale2-sintel-3ed1cf48.pth,IR_{5px},0.8065709386661338,models/_pretrained_weights/unimatch_weights/gmflow-scale2-sintel-3ed1cf48.pth,GMFlow+ (s2)
Driving,train,final,S,gmflow-scale2-sintel-3ed1cf48.pth,fl-kitti,0.2196651233385378,models/_pretrained_weights/unimatch_weights/gmflow-scale2-sintel-3ed1cf48.pth,GMFlow+ (s2)
Driving,train,final,S,gmflow-scale2-sintel-3ed1cf48.pth,MSE,2449.876708984375,models/_pretrained_weights/unimatch_weights/gmflow-scale2-sintel-3ed1cf48.pth,GMFlow+ (s2)
Driving,train,final,S,gmflow-scale2-sintel-3ed1cf48.pth,WAUC,0.5820944142796726,models/_pretrained_weights/unimatch_weights/gmflow-scale2-sintel-3ed1cf48.pth,GMFlow+ (s2)
Driving,train,final,S,pwc_net.pth.tar,EPE,24.25796890258789,models/_pretrained_weights/pwc_net.pth.tar,PWCNet
Driving,train,final,S,pwc_net.pth.tar,IR_{1px},0.2067072400926292,models/_pretrained_weights/pwc_net.pth.tar,PWCNet
Driving,train,final,S,pwc_net.pth.tar,IR_{3px},0.6903544078359135,models/_pretrained_weights/pwc_net.pth.tar,PWCNet
Driving,train,final,S,pwc_net.pth.tar,IR_{5px},0.7795013577232718,models/_pretrained_weights/pwc_net.pth.tar,PWCNet
Driving,train,final,S,pwc_net.pth.tar,fl-kitti,0.2746763975011891,models/_pretrained_weights/pwc_net.pth.tar,PWCNet
Driving,train,final,S,pwc_net.pth.tar,MSE,4460.39990234375,models/_pretrained_weights/pwc_net.pth.tar,PWCNet
Driving,train,final,S,pwc_net.pth.tar,WAUC,0.376033898877178,models/_pretrained_weights/pwc_net.pth.tar,PWCNet
Driving,train,final,C+T,pwc_net_chairs.pth.tar,EPE,31.138198852539062,models/_pretrained_weights/pwc_net_chairs.pth.tar,PWCNet
Driving,train,final,C+T,pwc_net_chairs.pth.tar,IR_{1px},0.2162302566428737,models/_pretrained_weights/pwc_net_chairs.pth.tar,PWCNet
Driving,train,final,C+T,pwc_net_chairs.pth.tar,IR_{3px},0.5587315421426651,models/_pretrained_weights/pwc_net_chairs.pth.tar,PWCNet
Driving,train,final,C+T,pwc_net_chairs.pth.tar,IR_{5px},0.6479434012131275,models/_pretrained_weights/pwc_net_chairs.pth.tar,PWCNet
Driving,train,final,C+T,pwc_net_chairs.pth.tar,fl-kitti,0.4346654041813176,models/_pretrained_weights/pwc_net_chairs.pth.tar,PWCNet
Driving,train,final,C+T,pwc_net_chairs.pth.tar,MSE,4922.880859375,models/_pretrained_weights/pwc_net_chairs.pth.tar,PWCNet
Driving,train,final,C+T,pwc_net_chairs.pth.tar,WAUC,0.3255936404391162,models/_pretrained_weights/pwc_net_chairs.pth.tar,PWCNet
Driving,train,final,C+T,_things_phase1_100000.pth,EPE,17.01239585876465,models/_pretrained_weights/ms_raft_plus/_things_phase1_100000.pth,MS-RAFT+
Driving,train,final,C+T,_things_phase1_100000.pth,IR_{1px},0.6712113712128834,models/_pretrained_weights/ms_raft_plus/_things_phase1_100000.pth,MS-RAFT+
Driving,train,final,C+T,_things_phase1_100000.pth,IR_{3px},0.7683377232752432,models/_pretrained_weights/ms_raft_plus/_things_phase1_100000.pth,MS-RAFT+
Driving,train,final,C+T,_things_phase1_100000.pth,IR_{5px},0.8069549635561701,models/_pretrained_weights/ms_raft_plus/_things_phase1_100000.pth,MS-RAFT+
Driving,train,final,C+T,_things_phase1_100000.pth,fl-kitti,0.2127853622875733,models/_pretrained_weights/ms_raft_plus/_things_phase1_100000.pth,MS-RAFT+
Driving,train,final,C+T,_things_phase1_100000.pth,MSE,2610.153076171875,models/_pretrained_weights/ms_raft_plus/_things_phase1_100000.pth,MS-RAFT+
Driving,train,final,C+T,_things_phase1_100000.pth,WAUC,0.66904624423164,models/_pretrained_weights/ms_raft_plus/_things_phase1_100000.pth,MS-RAFT+
Driving,train,final,mixed,mixed.pth,EPE,6.807755947113037,models/_pretrained_weights/ms_raft_plus/mixed.pth,MS-RAFT+
Driving,train,final,mixed,mixed.pth,IR_{1px},0.7466104049981033,models/_pretrained_weights/ms_raft_plus/mixed.pth,MS-RAFT+
Driving,train,final,mixed,mixed.pth,IR_{3px},0.8573114590873328,models/_pretrained_weights/ms_raft_plus/mixed.pth,MS-RAFT+
Driving,train,final,mixed,mixed.pth,IR_{5px},0.8884179902729522,models/_pretrained_weights/ms_raft_plus/mixed.pth,MS-RAFT+
Driving,train,final,mixed,mixed.pth,fl-kitti,0.1175371592024328,models/_pretrained_weights/ms_raft_plus/mixed.pth,MS-RAFT+
Driving,train,final,mixed,mixed.pth,MSE,814.6187133789062,models/_pretrained_weights/ms_raft_plus/mixed.pth,MS-RAFT+
Driving,train,final,mixed,mixed.pth,WAUC,0.7391338128664812,models/_pretrained_weights/ms_raft_plus/mixed.pth,MS-RAFT+
Driving,train,final,C+T,FlowNet2-C_checkpoint.pth.tar,EPE,28.998104095458984,models/_pretrained_weights/FlowNet/FlowNet2-C_checkpoint.pth.tar,FlowNet2C
Driving,train,final,C+T,FlowNet2-C_checkpoint.pth.tar,IR_{1px},0.2301437255109722,models/_pretrained_weights/FlowNet/FlowNet2-C_checkpoint.pth.tar,FlowNet2C
Driving,train,final,C+T,FlowNet2-C_checkpoint.pth.tar,IR_{3px},0.5084494570434882,models/_pretrained_weights/FlowNet/FlowNet2-C_checkpoint.pth.tar,FlowNet2C
Driving,train,final,C+T,FlowNet2-C_checkpoint.pth.tar,IR_{5px},0.6139575182096842,models/_pretrained_weights/FlowNet/FlowNet2-C_checkpoint.pth.tar,FlowNet2C
Driving,train,final,C+T,FlowNet2-C_checkpoint.pth.tar,fl-kitti,0.485896261996133,models/_pretrained_weights/FlowNet/FlowNet2-C_checkpoint.pth.tar,FlowNet2C
Driving,train,final,C+T,FlowNet2-C_checkpoint.pth.tar,MSE,4226.71923828125,models/_pretrained_weights/FlowNet/FlowNet2-C_checkpoint.pth.tar,FlowNet2C
Driving,train,final,C+T,FlowNet2-C_checkpoint.pth.tar,WAUC,0.3101020143698479,models/_pretrained_weights/FlowNet/FlowNet2-C_checkpoint.pth.tar,FlowNet2C
Driving,train,final,C+T,raft-things.pth,EPE,21.4639892578125,models/_pretrained_weights/raft-things.pth,RAFT
Driving,train,final,C+T,raft-things.pth,IR_{1px},0.5909387184992992,models/_pretrained_weights/raft-things.pth,RAFT
Driving,train,final,C+T,raft-things.pth,IR_{3px},0.7264210148610423,models/_pretrained_weights/raft-things.pth,RAFT
Driving,train,final,C+T,raft-things.pth,IR_{5px},0.7705349903756993,models/_pretrained_weights/raft-things.pth,RAFT
Driving,train,final,C+T,raft-things.pth,fl-kitti,0.259962919103115,models/_pretrained_weights/raft-things.pth,RAFT
Driving,train,final,C+T,raft-things.pth,MSE,3429.441650390625,models/_pretrained_weights/raft-things.pth,RAFT
Driving,train,final,C+T,raft-things.pth,WAUC,0.5860613706180168,models/_pretrained_weights/raft-things.pth,RAFT
Driving,train,final,S,raft-sintel.pth,EPE,12.688371658325195,models/_pretrained_weights/raft-sintel.pth,RAFT
Driving,train,final,S,raft-sintel.pth,IR_{1px},0.6603730112161481,models/_pretrained_weights/raft-sintel.pth,RAFT
Driving,train,final,S,raft-sintel.pth,IR_{3px},0.8042689275310952,models/_pretrained_weights/raft-sintel.pth,RAFT
Driving,train,final,S,raft-sintel.pth,IR_{5px},0.8466707342341541,models/_pretrained_weights/raft-sintel.pth,RAFT
Driving,train,final,S,raft-sintel.pth,fl-kitti,0.17213979140705,models/_pretrained_weights/raft-sintel.pth,RAFT
Driving,train,final,S,raft-sintel.pth,MSE,1614.4202880859375,models/_pretrained_weights/raft-sintel.pth,RAFT
Driving,train,final,S,raft-sintel.pth,WAUC,0.6592822084600666,models/_pretrained_weights/raft-sintel.pth,RAFT
Driving,train,final,K,raft-kitti.pth,EPE,12.17112922668457,models/_pretrained_weights/raft-kitti.pth,RAFT
Driving,train,final,K,raft-kitti.pth,IR_{1px},0.6170676959966759,models/_pretrained_weights/raft-kitti.pth,RAFT
Driving,train,final,K,raft-kitti.pth,IR_{3px},0.7848051182178283,models/_pretrained_weights/raft-kitti.pth,RAFT
Driving,train,final,K,raft-kitti.pth,IR_{5px},0.8350947614594847,models/_pretrained_weights/raft-kitti.pth,RAFT
Driving,train,final,K,raft-kitti.pth,fl-kitti,0.1906549986944231,models/_pretrained_weights/raft-kitti.pth,RAFT
Driving,train,final,K,raft-kitti.pth,MSE,1400.4970703125,models/_pretrained_weights/raft-kitti.pth,RAFT
Driving,train,final,K,raft-kitti.pth,WAUC,0.6192522978825451,models/_pretrained_weights/raft-kitti.pth,RAFT
Driving,train,final,C,raft-chairs.pth,EPE,29.062435150146484,models/_pretrained_weights/raft-chairs.pth,RAFT
Driving,train,final,C,raft-chairs.pth,IR_{1px},0.2908899899649151,models/_pretrained_weights/raft-chairs.pth,RAFT
Driving,train,final,C,raft-chairs.pth,IR_{3px},0.564778003065444,models/_pretrained_weights/raft-chairs.pth,RAFT
Driving,train,final,C,raft-chairs.pth,IR_{5px},0.650900761369458,models/_pretrained_weights/raft-chairs.pth,RAFT
Driving,train,final,C,raft-chairs.pth,fl-kitti,0.4277946214837978,models/_pretrained_weights/raft-chairs.pth,RAFT
Driving,train,final,C,raft-chairs.pth,MSE,4606.0673828125,models/_pretrained_weights/raft-chairs.pth,RAFT
Driving,train,final,C,raft-chairs.pth,WAUC,0.3672128705639653,models/_pretrained_weights/raft-chairs.pth,RAFT
Driving,train,final,C,gma-chairs.pth,EPE,28.975107192993164,models/_pretrained_weights/gma-chairs.pth,GMA
Driving,train,final,C,gma-chairs.pth,IR_{1px},0.3694622964699562,models/_pretrained_weights/gma-chairs.pth,GMA
Driving,train,final,C,gma-chairs.pth,IR_{3px},0.5999173355261024,models/_pretrained_weights/gma-chairs.pth,GMA
Driving,train,final,C,gma-chairs.pth,IR_{5px},0.6707343204480379,models/_pretrained_weights/gma-chairs.pth,GMA
Driving,train,final,C,gma-chairs.pth,fl-kitti,0.3932762348702421,models/_pretrained_weights/gma-chairs.pth,GMA
Driving,train,final,C,gma-chairs.pth,MSE,4638.54931640625,models/_pretrained_weights/gma-chairs.pth,GMA
Driving,train,final,C,gma-chairs.pth,WAUC,0.4140827719044309,models/_pretrained_weights/gma-chairs.pth,GMA
Driving,train,final,C+T,gma-things.pth,EPE,23.2085075378418,models/_pretrained_weights/gma-things.pth,GMA
Driving,train,final,C+T,gma-things.pth,IR_{1px},0.582676675652376,models/_pretrained_weights/gma-things.pth,GMA
Driving,train,final,C+T,gma-things.pth,IR_{3px},0.7213228916372829,models/_pretrained_weights/gma-things.pth,GMA
Driving,train,final,C+T,gma-things.pth,IR_{5px},0.766376816553545,models/_pretrained_weights/gma-things.pth,GMA
Driving,train,final,C+T,gma-things.pth,fl-kitti,0.2655172485990723,models/_pretrained_weights/gma-things.pth,GMA
Driving,train,final,C+T,gma-things.pth,MSE,3878.902587890625,models/_pretrained_weights/gma-things.pth,GMA
Driving,train,final,C+T,gma-things.pth,WAUC,0.5799784885141998,models/_pretrained_weights/gma-things.pth,GMA
Driving,train,final,K,gma-kitti.pth,EPE,18.65683364868164,models/_pretrained_weights/gma-kitti.pth,GMA
Driving,train,final,K,gma-kitti.pth,IR_{1px},0.5799421175897724,models/_pretrained_weights/gma-kitti.pth,GMA
Driving,train,final,K,gma-kitti.pth,IR_{3px},0.7315507329858943,models/_pretrained_weights/gma-kitti.pth,GMA
Driving,train,final,K,gma-kitti.pth,IR_{5px},0.785324775938855,models/_pretrained_weights/gma-kitti.pth,GMA
Driving,train,final,K,gma-kitti.pth,fl-kitti,0.2455024445762305,models/_pretrained_weights/gma-kitti.pth,GMA
Driving,train,final,K,gma-kitti.pth,MSE,2640.51123046875,models/_pretrained_weights/gma-kitti.pth,GMA
Driving,train,final,K,gma-kitti.pth,WAUC,0.5782891003594363,models/_pretrained_weights/gma-kitti.pth,GMA
Driving,train,final,S,gma-sintel.pth,EPE,16.148448944091797,models/_pretrained_weights/gma-sintel.pth,GMA
Driving,train,final,S,gma-sintel.pth,IR_{1px},0.6492377240943423,models/_pretrained_weights/gma-sintel.pth,GMA
Driving,train,final,S,gma-sintel.pth,IR_{3px},0.7890450650074835,models/_pretrained_weights/gma-sintel.pth,GMA
Driving,train,final,S,gma-sintel.pth,IR_{5px},0.8333719703039653,models/_pretrained_weights/gma-sintel.pth,GMA
Driving,train,final,S,gma-sintel.pth,fl-kitti,0.185184883403442,models/_pretrained_weights/gma-sintel.pth,GMA
Driving,train,final,S,gma-sintel.pth,MSE,2406.525390625,models/_pretrained_weights/gma-sintel.pth,GMA
Driving,train,final,S,gma-sintel.pth,WAUC,0.6461841613965832,models/_pretrained_weights/gma-sintel.pth,GMA
Driving,train,final,tartan,Tartan480x640-S.pth,EPE,14.283663749694824,models/_pretrained_weights/SEA-RAFT-models/Tartan480x640-S.pth,SEA-RAFT (S)
Driving,train,final,tartan,Tartan480x640-S.pth,IR_{1px},0.6823184774496538,models/_pretrained_weights/SEA-RAFT-models/Tartan480x640-S.pth,SEA-RAFT (S)
Driving,train,final,tartan,Tartan480x640-S.pth,IR_{3px},0.8097086453908964,models/_pretrained_weights/SEA-RAFT-models/Tartan480x640-S.pth,SEA-RAFT (S)
Driving,train,final,tartan,Tartan480x640-S.pth,IR_{5px},0.8489255272486891,models/_pretrained_weights/SEA-RAFT-models/Tartan480x640-S.pth,SEA-RAFT (S)
Driving,train,final,tartan,Tartan480x640-S.pth,fl-kitti,0.1700120837359023,models/_pretrained_weights/SEA-RAFT-models/Tartan480x640-S.pth,SEA-RAFT (S)
Driving,train,final,tartan,Tartan480x640-S.pth,MSE,2264.909423828125,models/_pretrained_weights/SEA-RAFT-models/Tartan480x640-S.pth,SEA-RAFT (S)
Driving,train,final,tartan,Tartan480x640-S.pth,WAUC,0.6816302569465759,models/_pretrained_weights/SEA-RAFT-models/Tartan480x640-S.pth,SEA-RAFT (S)
Driving,train,final,K,Tartan-C-T-TSKH-kitti432x960-S.pth,EPE,10.299775123596191,models/_pretrained_weights/SEA-RAFT-models/Tartan-C-T-TSKH-kitti432x960-S.pth,SEA-RAFT (S)
Driving,train,final,K,Tartan-C-T-TSKH-kitti432x960-S.pth,IR_{1px},0.6956575023874505,models/_pretrained_weights/SEA-RAFT-models/Tartan-C-T-TSKH-kitti432x960-S.pth,SEA-RAFT (S)
Driving,train,final,K,Tartan-C-T-TSKH-kitti432x960-S.pth,IR_{3px},0.8194356232489449,models/_pretrained_weights/SEA-RAFT-models/Tartan-C-T-TSKH-kitti432x960-S.pth,SEA-RAFT (S)
Driving,train,final,K,Tartan-C-T-TSKH-kitti432x960-S.pth,IR_{5px},0.8586109737894078,models/_pretrained_weights/SEA-RAFT-models/Tartan-C-T-TSKH-kitti432x960-S.pth,SEA-RAFT (S)
Driving,train,final,K,Tartan-C-T-TSKH-kitti432x960-S.pth,fl-kitti,0.1552875184840015,models/_pretrained_weights/SEA-RAFT-models/Tartan-C-T-TSKH-kitti432x960-S.pth,SEA-RAFT (S)
Driving,train,final,K,Tartan-C-T-TSKH-kitti432x960-S.pth,MSE,1206.13818359375,models/_pretrained_weights/SEA-RAFT-models/Tartan-C-T-TSKH-kitti432x960-S.pth,SEA-RAFT (S)
Driving,train,final,K,Tartan-C-T-TSKH-kitti432x960-S.pth,WAUC,0.6879256627404686,models/_pretrained_weights/SEA-RAFT-models/Tartan-C-T-TSKH-kitti432x960-S.pth,SEA-RAFT (S)
Driving,train,final,S,Tartan-C-T-TSKH432x960-S.pth,EPE,13.86762809753418,models/_pretrained_weights/SEA-RAFT-models/Tartan-C-T-TSKH432x960-S.pth,SEA-RAFT (S)
Driving,train,final,S,Tartan-C-T-TSKH432x960-S.pth,IR_{1px},0.7088212824366869,models/_pretrained_weights/SEA-RAFT-models/Tartan-C-T-TSKH432x960-S.pth,SEA-RAFT (S)
Driving,train,final,S,Tartan-C-T-TSKH432x960-S.pth,IR_{3px},0.8255524812811289,models/_pretrained_weights/SEA-RAFT-models/Tartan-C-T-TSKH432x960-S.pth,SEA-RAFT (S)
Driving,train,final,S,Tartan-C-T-TSKH432x960-S.pth,IR_{5px},0.8615061754995366,models/_pretrained_weights/SEA-RAFT-models/Tartan-C-T-TSKH432x960-S.pth,SEA-RAFT (S)
Driving,train,final,S,Tartan-C-T-TSKH432x960-S.pth,fl-kitti,0.1513164958046234,models/_pretrained_weights/SEA-RAFT-models/Tartan-C-T-TSKH432x960-S.pth,SEA-RAFT (S)
Driving,train,final,S,Tartan-C-T-TSKH432x960-S.pth,MSE,2276.760986328125,models/_pretrained_weights/SEA-RAFT-models/Tartan-C-T-TSKH432x960-S.pth,SEA-RAFT (S)
Driving,train,final,S,Tartan-C-T-TSKH432x960-S.pth,WAUC,0.7014139455457318,models/_pretrained_weights/SEA-RAFT-models/Tartan-C-T-TSKH432x960-S.pth,SEA-RAFT (S)
Driving,train,final,C+T,Tartan-C-T432x960-S.pth,EPE,15.264344215393066,models/_pretrained_weights/SEA-RAFT-models/Tartan-C-T432x960-S.pth,SEA-RAFT (S)
Driving,train,final,C+T,Tartan-C-T432x960-S.pth,IR_{1px},0.6526886428791066,models/_pretrained_weights/SEA-RAFT-models/Tartan-C-T432x960-S.pth,SEA-RAFT (S)
Driving,train,final,C+T,Tartan-C-T432x960-S.pth,IR_{3px},0.7739336121577219,models/_pretrained_weights/SEA-RAFT-models/Tartan-C-T432x960-S.pth,SEA-RAFT (S)
Driving,train,final,C+T,Tartan-C-T432x960-S.pth,IR_{5px},0.8201565398358033,models/_pretrained_weights/SEA-RAFT-models/Tartan-C-T432x960-S.pth,SEA-RAFT (S)
Driving,train,final,C+T,Tartan-C-T432x960-S.pth,fl-kitti,0.2009887826419693,models/_pretrained_weights/SEA-RAFT-models/Tartan-C-T432x960-S.pth,SEA-RAFT (S)
Driving,train,final,C+T,Tartan-C-T432x960-S.pth,MSE,2300.486328125,models/_pretrained_weights/SEA-RAFT-models/Tartan-C-T432x960-S.pth,SEA-RAFT (S)
Driving,train,final,C+T,Tartan-C-T432x960-S.pth,WAUC,0.6501315860230809,models/_pretrained_weights/SEA-RAFT-models/Tartan-C-T432x960-S.pth,SEA-RAFT (S)
Driving,train,final,C,Tartan-C368x496-S.pth,EPE,28.94234275817871,models/_pretrained_weights/SEA-RAFT-models/Tartan-C368x496-S.pth,SEA-RAFT (S)
Driving,train,final,C,Tartan-C368x496-S.pth,IR_{1px},0.3240264737804409,models/_pretrained_weights/SEA-RAFT-models/Tartan-C368x496-S.pth,SEA-RAFT (S)
Driving,train,final,C,Tartan-C368x496-S.pth,IR_{3px},0.5413847700638309,models/_pretrained_weights/SEA-RAFT-models/Tartan-C368x496-S.pth,SEA-RAFT (S)
Driving,train,final,C,Tartan-C368x496-S.pth,IR_{5px},0.6088542577870507,models/_pretrained_weights/SEA-RAFT-models/Tartan-C368x496-S.pth,SEA-RAFT (S)
Driving,train,final,C,Tartan-C368x496-S.pth,fl-kitti,0.450553927842834,models/_pretrained_weights/SEA-RAFT-models/Tartan-C368x496-S.pth,SEA-RAFT (S)
Driving,train,final,C,Tartan-C368x496-S.pth,MSE,4465.56787109375,models/_pretrained_weights/SEA-RAFT-models/Tartan-C368x496-S.pth,SEA-RAFT (S)
Driving,train,final,C,Tartan-C368x496-S.pth,WAUC,0.3734844222542374,models/_pretrained_weights/SEA-RAFT-models/Tartan-C368x496-S.pth,SEA-RAFT (S)
Driving,train,final,mixed,Tartan-C-T-TSKH-spring540x960-S.pth,EPE,16.82439613342285,models/_pretrained_weights/SEA-RAFT-models/Tartan-C-T-TSKH-spring540x960-S.pth,SEA-RAFT (S)
Driving,train,final,mixed,Tartan-C-T-TSKH-spring540x960-S.pth,IR_{1px},0.6343796579692622,models/_pretrained_weights/SEA-RAFT-models/Tartan-C-T-TSKH-spring540x960-S.pth,SEA-RAFT (S)
Driving,train,final,mixed,Tartan-C-T-TSKH-spring540x960-S.pth,IR_{3px},0.7723908926839612,models/_pretrained_weights/SEA-RAFT-models/Tartan-C-T-TSKH-spring540x960-S.pth,SEA-RAFT (S)
Driving,train,final,mixed,Tartan-C-T-TSKH-spring540x960-S.pth,IR_{5px},0.8166583587932916,models/_pretrained_weights/SEA-RAFT-models/Tartan-C-T-TSKH-spring540x960-S.pth,SEA-RAFT (S)
Driving,train,final,mixed,Tartan-C-T-TSKH-spring540x960-S.pth,fl-kitti,0.2036694545870099,models/_pretrained_weights/SEA-RAFT-models/Tartan-C-T-TSKH-spring540x960-S.pth,SEA-RAFT (S)
Driving,train,final,mixed,Tartan-C-T-TSKH-spring540x960-S.pth,MSE,2500.348388671875,models/_pretrained_weights/SEA-RAFT-models/Tartan-C-T-TSKH-spring540x960-S.pth,SEA-RAFT (S)
Driving,train,final,mixed,Tartan-C-T-TSKH-spring540x960-S.pth,WAUC,0.6348734003882774,models/_pretrained_weights/SEA-RAFT-models/Tartan-C-T-TSKH-spring540x960-S.pth,SEA-RAFT (S)
Driving,train,final,C+T,FlowNet2-S_checkpoint.pth.tar,EPE,31.87159538269043,models/_pretrained_weights/FlowNet/FlowNet2-S_checkpoint.pth.tar,FlowNet2S
Driving,train,final,C+T,FlowNet2-S_checkpoint.pth.tar,IR_{1px},0.1883579316878119,models/_pretrained_weights/FlowNet/FlowNet2-S_checkpoint.pth.tar,FlowNet2S
Driving,train,final,C+T,FlowNet2-S_checkpoint.pth.tar,IR_{3px},0.4568550380786311,models/_pretrained_weights/FlowNet/FlowNet2-S_checkpoint.pth.tar,FlowNet2S
Driving,train,final,C+T,FlowNet2-S_checkpoint.pth.tar,IR_{5px},0.565311048837572,models/_pretrained_weights/FlowNet/FlowNet2-S_checkpoint.pth.tar,FlowNet2S
Driving,train,final,C+T,FlowNet2-S_checkpoint.pth.tar,fl-kitti,0.5406366729555556,models/_pretrained_weights/FlowNet/FlowNet2-S_checkpoint.pth.tar,FlowNet2S
Driving,train,final,C+T,FlowNet2-S_checkpoint.pth.tar,MSE,4562.0654296875,models/_pretrained_weights/FlowNet/FlowNet2-S_checkpoint.pth.tar,FlowNet2S
Driving,train,final,C+T,FlowNet2-S_checkpoint.pth.tar,WAUC,0.2705771061191103,models/_pretrained_weights/FlowNet/FlowNet2-S_checkpoint.pth.tar,FlowNet2S
Driving,train,final,C+T,skflow-things.pth,EPE,15.94850730895996,models/_pretrained_weights/skflow_weights/skflow-things.pth,SKFlow
Driving,train,final,C+T,skflow-things.pth,IR_{1px},0.6009553822336839,models/_pretrained_weights/skflow_weights/skflow-things.pth,SKFlow
Driving,train,final,C+T,skflow-things.pth,IR_{3px},0.7502823731887331,models/_pretrained_weights/skflow_weights/skflow-things.pth,SKFlow
Driving,train,final,C+T,skflow-things.pth,IR_{5px},0.8017959733911953,models/_pretrained_weights/skflow_weights/skflow-things.pth,SKFlow
Driving,train,final,C+T,skflow-things.pth,fl-kitti,0.2248036741049777,models/_pretrained_weights/skflow_weights/skflow-things.pth,SKFlow
Driving,train,final,C+T,skflow-things.pth,MSE,2196.77197265625,models/_pretrained_weights/skflow_weights/skflow-things.pth,SKFlow
Driving,train,final,C+T,skflow-things.pth,WAUC,0.600400112533995,models/_pretrained_weights/skflow_weights/skflow-things.pth,SKFlow
Driving,train,final,K,skflow-kitti.pth,EPE,11.421794891357422,models/_pretrained_weights/skflow_weights/skflow-kitti.pth,SKFlow
Driving,train,final,K,skflow-kitti.pth,IR_{1px},0.6181290506380154,models/_pretrained_weights/skflow_weights/skflow-kitti.pth,SKFlow
Driving,train,final,K,skflow-kitti.pth,IR_{3px},0.7821155930589903,models/_pretrained_weights/skflow_weights/skflow-kitti.pth,SKFlow
Driving,train,final,K,skflow-kitti.pth,IR_{5px},0.8288964598907457,models/_pretrained_weights/skflow_weights/skflow-kitti.pth,SKFlow
Driving,train,final,K,skflow-kitti.pth,fl-kitti,0.1971248053275485,models/_pretrained_weights/skflow_weights/skflow-kitti.pth,SKFlow
Driving,train,final,K,skflow-kitti.pth,MSE,1150.780517578125,models/_pretrained_weights/skflow_weights/skflow-kitti.pth,SKFlow
Driving,train,final,K,skflow-kitti.pth,WAUC,0.617068841989166,models/_pretrained_weights/skflow_weights/skflow-kitti.pth,SKFlow
Driving,train,final,S,skflow-sintel.pth,EPE,9.735186576843262,models/_pretrained_weights/skflow_weights/skflow-sintel.pth,SKFlow
Driving,train,final,S,skflow-sintel.pth,IR_{1px},0.6825725609818142,models/_pretrained_weights/skflow_weights/skflow-sintel.pth,SKFlow
Driving,train,final,S,skflow-sintel.pth,IR_{3px},0.8243420775861201,models/_pretrained_weights/skflow_weights/skflow-sintel.pth,SKFlow
Driving,train,final,S,skflow-sintel.pth,IR_{5px},0.8616915858822627,models/_pretrained_weights/skflow_weights/skflow-sintel.pth,SKFlow
Driving,train,final,S,skflow-sintel.pth,fl-kitti,0.1549697566089309,models/_pretrained_weights/skflow_weights/skflow-sintel.pth,SKFlow
Driving,train,final,S,skflow-sintel.pth,MSE,952.9247436523438,models/_pretrained_weights/skflow_weights/skflow-sintel.pth,SKFlow
Driving,train,final,S,skflow-sintel.pth,WAUC,0.6778757559582539,models/_pretrained_weights/skflow_weights/skflow-sintel.pth,SKFlow
Driving,train,final,C,Tartan-C368x496-M.pth,EPE,27.983787536621094,models/_pretrained_weights/SEA-RAFT-models/Tartan-C368x496-M.pth,SEA-RAFT (M)
Driving,train,final,C,Tartan-C368x496-M.pth,IR_{1px},0.3553679879692271,models/_pretrained_weights/SEA-RAFT-models/Tartan-C368x496-M.pth,SEA-RAFT (M)
Driving,train,final,C,Tartan-C368x496-M.pth,IR_{3px},0.5892777129600154,models/_pretrained_weights/SEA-RAFT-models/Tartan-C368x496-M.pth,SEA-RAFT (M)
Driving,train,final,C,Tartan-C368x496-M.pth,IR_{5px},0.6539816513873165,models/_pretrained_weights/SEA-RAFT-models/Tartan-C368x496-M.pth,SEA-RAFT (M)
Driving,train,final,C,Tartan-C368x496-M.pth,fl-kitti,0.4027831450861167,models/_pretrained_weights/SEA-RAFT-models/Tartan-C368x496-M.pth,SEA-RAFT (M)
Driving,train,final,C,Tartan-C368x496-M.pth,MSE,4376.064453125,models/_pretrained_weights/SEA-RAFT-models/Tartan-C368x496-M.pth,SEA-RAFT (M)
Driving,train,final,C,Tartan-C368x496-M.pth,WAUC,0.4069384753227897,models/_pretrained_weights/SEA-RAFT-models/Tartan-C368x496-M.pth,SEA-RAFT (M)
Driving,train,final,S,Tartan-C-T-TSKH432x960-M.pth,EPE,11.587895393371582,models/_pretrained_weights/SEA-RAFT-models/Tartan-C-T-TSKH432x960-M.pth,SEA-RAFT (M)
Driving,train,final,S,Tartan-C-T-TSKH432x960-M.pth,IR_{1px},0.7210650941668251,models/_pretrained_weights/SEA-RAFT-models/Tartan-C-T-TSKH432x960-M.pth,SEA-RAFT (M)
Driving,train,final,S,Tartan-C-T-TSKH432x960-M.pth,IR_{3px},0.8347917198644508,models/_pretrained_weights/SEA-RAFT-models/Tartan-C-T-TSKH432x960-M.pth,SEA-RAFT (M)
Driving,train,final,S,Tartan-C-T-TSKH432x960-M.pth,IR_{5px},0.8686291528022823,models/_pretrained_weights/SEA-RAFT-models/Tartan-C-T-TSKH432x960-M.pth,SEA-RAFT (M)
Driving,train,final,S,Tartan-C-T-TSKH432x960-M.pth,fl-kitti,0.1437087594899463,models/_pretrained_weights/SEA-RAFT-models/Tartan-C-T-TSKH432x960-M.pth,SEA-RAFT (M)
Driving,train,final,S,Tartan-C-T-TSKH432x960-M.pth,MSE,1621.64453125,models/_pretrained_weights/SEA-RAFT-models/Tartan-C-T-TSKH432x960-M.pth,SEA-RAFT (M)
Driving,train,final,S,Tartan-C-T-TSKH432x960-M.pth,WAUC,0.7140077385829433,models/_pretrained_weights/SEA-RAFT-models/Tartan-C-T-TSKH432x960-M.pth,SEA-RAFT (M)
Driving,train,final,mixed,Tartan-C-T-TSKH-spring540x960-M.pth,EPE,14.86465835571289,models/_pretrained_weights/SEA-RAFT-models/Tartan-C-T-TSKH-spring540x960-M.pth,SEA-RAFT (M)
Driving,train,final,mixed,Tartan-C-T-TSKH-spring540x960-M.pth,IR_{1px},0.657333615209814,models/_pretrained_weights/SEA-RAFT-models/Tartan-C-T-TSKH-spring540x960-M.pth,SEA-RAFT (M)
Driving,train,final,mixed,Tartan-C-T-TSKH-spring540x960-M.pth,IR_{3px},0.7918445412518021,models/_pretrained_weights/SEA-RAFT-models/Tartan-C-T-TSKH-spring540x960-M.pth,SEA-RAFT (M)
Driving,train,final,mixed,Tartan-C-T-TSKH-spring540x960-M.pth,IR_{5px},0.8353691510665694,models/_pretrained_weights/SEA-RAFT-models/Tartan-C-T-TSKH-spring540x960-M.pth,SEA-RAFT (M)
Driving,train,final,mixed,Tartan-C-T-TSKH-spring540x960-M.pth,fl-kitti,0.1821341411321649,models/_pretrained_weights/SEA-RAFT-models/Tartan-C-T-TSKH-spring540x960-M.pth,SEA-RAFT (M)
Driving,train,final,mixed,Tartan-C-T-TSKH-spring540x960-M.pth,MSE,2101.42041015625,models/_pretrained_weights/SEA-RAFT-models/Tartan-C-T-TSKH-spring540x960-M.pth,SEA-RAFT (M)
Driving,train,final,mixed,Tartan-C-T-TSKH-spring540x960-M.pth,WAUC,0.6575343577542523,models/_pretrained_weights/SEA-RAFT-models/Tartan-C-T-TSKH-spring540x960-M.pth,SEA-RAFT (M)
Driving,train,final,tartan,Tartan480x640-M.pth,EPE,15.288055419921877,models/_pretrained_weights/SEA-RAFT-models/Tartan480x640-M.pth,SEA-RAFT (M)
Driving,train,final,tartan,Tartan480x640-M.pth,IR_{1px},0.6742055770074011,models/_pretrained_weights/SEA-RAFT-models/Tartan480x640-M.pth,SEA-RAFT (M)
Driving,train,final,tartan,Tartan480x640-M.pth,IR_{3px},0.7915354623600405,models/_pretrained_weights/SEA-RAFT-models/Tartan480x640-M.pth,SEA-RAFT (M)
Driving,train,final,tartan,Tartan480x640-M.pth,IR_{5px},0.8308729347541078,models/_pretrained_weights/SEA-RAFT-models/Tartan480x640-M.pth,SEA-RAFT (M)
Driving,train,final,tartan,Tartan480x640-M.pth,fl-kitti,0.1902989256848715,models/_pretrained_weights/SEA-RAFT-models/Tartan480x640-M.pth,SEA-RAFT (M)
Driving,train,final,tartan,Tartan480x640-M.pth,MSE,2313.16357421875,models/_pretrained_weights/SEA-RAFT-models/Tartan480x640-M.pth,SEA-RAFT (M)
Driving,train,final,tartan,Tartan480x640-M.pth,WAUC,0.6724868767444611,models/_pretrained_weights/SEA-RAFT-models/Tartan480x640-M.pth,SEA-RAFT (M)
Driving,train,final,C+T,Tartan-C-T432x960-M.pth,EPE,14.843305587768556,models/_pretrained_weights/SEA-RAFT-models/Tartan-C-T432x960-M.pth,SEA-RAFT (M)
Driving,train,final,C+T,Tartan-C-T432x960-M.pth,IR_{1px},0.653992969356006,models/_pretrained_weights/SEA-RAFT-models/Tartan-C-T432x960-M.pth,SEA-RAFT (M)
Driving,train,final,C+T,Tartan-C-T432x960-M.pth,IR_{3px},0.7777376548441669,models/_pretrained_weights/SEA-RAFT-models/Tartan-C-T432x960-M.pth,SEA-RAFT (M)
Driving,train,final,C+T,Tartan-C-T432x960-M.pth,IR_{5px},0.8251414830212264,models/_pretrained_weights/SEA-RAFT-models/Tartan-C-T432x960-M.pth,SEA-RAFT (M)
Driving,train,final,C+T,Tartan-C-T432x960-M.pth,fl-kitti,0.1930300722815721,models/_pretrained_weights/SEA-RAFT-models/Tartan-C-T432x960-M.pth,SEA-RAFT (M)
Driving,train,final,C+T,Tartan-C-T432x960-M.pth,MSE,2172.78515625,models/_pretrained_weights/SEA-RAFT-models/Tartan-C-T432x960-M.pth,SEA-RAFT (M)
Driving,train,final,C+T,Tartan-C-T432x960-M.pth,WAUC,0.6544345455216274,models/_pretrained_weights/SEA-RAFT-models/Tartan-C-T432x960-M.pth,SEA-RAFT (M)
Driving,train,final,K,Tartan-C-T-TSKH-kitti432x960-M.pth,EPE,10.796245574951172,models/_pretrained_weights/SEA-RAFT-models/Tartan-C-T-TSKH-kitti432x960-M.pth,SEA-RAFT (M)
Driving,train,final,K,Tartan-C-T-TSKH-kitti432x960-M.pth,IR_{1px},0.7112508438488766,models/_pretrained_weights/SEA-RAFT-models/Tartan-C-T-TSKH-kitti432x960-M.pth,SEA-RAFT (M)
Driving,train,final,K,Tartan-C-T-TSKH-kitti432x960-M.pth,IR_{3px},0.8283919512405131,models/_pretrained_weights/SEA-RAFT-models/Tartan-C-T-TSKH-kitti432x960-M.pth,SEA-RAFT (M)
Driving,train,final,K,Tartan-C-T-TSKH-kitti432x960-M.pth,IR_{5px},0.8623479028375873,models/_pretrained_weights/SEA-RAFT-models/Tartan-C-T-TSKH-kitti432x960-M.pth,SEA-RAFT (M)
Driving,train,final,K,Tartan-C-T-TSKH-kitti432x960-M.pth,fl-kitti,0.1526789276094565,models/_pretrained_weights/SEA-RAFT-models/Tartan-C-T-TSKH-kitti432x960-M.pth,SEA-RAFT (M)
Driving,train,final,K,Tartan-C-T-TSKH-kitti432x960-M.pth,MSE,1298.8624267578125,models/_pretrained_weights/SEA-RAFT-models/Tartan-C-T-TSKH-kitti432x960-M.pth,SEA-RAFT (M)
Driving,train,final,K,Tartan-C-T-TSKH-kitti432x960-M.pth,WAUC,0.7025033482132279,models/_pretrained_weights/SEA-RAFT-models/Tartan-C-T-TSKH-kitti432x960-M.pth,SEA-RAFT (M)
Driving,train,final,mixed,MemFlowNet_spring.pth,EPE,13.779976844787598,models/_pretrained_weights/memflow_weights/MemFlowNet_spring.pth,MemFlow
Driving,train,final,mixed,MemFlowNet_spring.pth,IR_{1px},0.6469717933397788,models/_pretrained_weights/memflow_weights/MemFlowNet_spring.pth,MemFlow
Driving,train,final,mixed,MemFlowNet_spring.pth,IR_{3px},0.7884137983186953,models/_pretrained_weights/memflow_weights/MemFlowNet_spring.pth,MemFlow
Driving,train,final,mixed,MemFlowNet_spring.pth,IR_{5px},0.8345975649135212,models/_pretrained_weights/memflow_weights/MemFlowNet_spring.pth,MemFlow
Driving,train,final,mixed,MemFlowNet_spring.pth,fl-kitti,0.1835921683275404,models/_pretrained_weights/memflow_weights/MemFlowNet_spring.pth,MemFlow
Driving,train,final,mixed,MemFlowNet_spring.pth,MSE,1763.164306640625,models/_pretrained_weights/memflow_weights/MemFlowNet_spring.pth,MemFlow
Driving,train,final,mixed,MemFlowNet_spring.pth,WAUC,0.6469322038661741,models/_pretrained_weights/memflow_weights/MemFlowNet_spring.pth,MemFlow
Driving,train,final,S,MemFlowNet_sintel.pth,EPE,10.692362785339355,models/_pretrained_weights/memflow_weights/MemFlowNet_sintel.pth,MemFlow
Driving,train,final,S,MemFlowNet_sintel.pth,IR_{1px},0.6931827916572019,models/_pretrained_weights/memflow_weights/MemFlowNet_sintel.pth,MemFlow
Driving,train,final,S,MemFlowNet_sintel.pth,IR_{3px},0.8294579736523455,models/_pretrained_weights/memflow_weights/MemFlowNet_sintel.pth,MemFlow
Driving,train,final,S,MemFlowNet_sintel.pth,IR_{5px},0.8658408093918275,models/_pretrained_weights/memflow_weights/MemFlowNet_sintel.pth,MemFlow
Driving,train,final,S,MemFlowNet_sintel.pth,fl-kitti,0.1503575967212538,models/_pretrained_weights/memflow_weights/MemFlowNet_sintel.pth,MemFlow
Driving,train,final,S,MemFlowNet_sintel.pth,MSE,1169.9981689453125,models/_pretrained_weights/memflow_weights/MemFlowNet_sintel.pth,MemFlow
Driving,train,final,S,MemFlowNet_sintel.pth,WAUC,0.6886517424014372,models/_pretrained_weights/memflow_weights/MemFlowNet_sintel.pth,MemFlow
Driving,train,final,K,MemFlowNet_kitti.pth,EPE,10.446819305419922,models/_pretrained_weights/memflow_weights/MemFlowNet_kitti.pth,MemFlow
Driving,train,final,K,MemFlowNet_kitti.pth,IR_{1px},0.6545295502078099,models/_pretrained_weights/memflow_weights/MemFlowNet_kitti.pth,MemFlow
Driving,train,final,K,MemFlowNet_kitti.pth,IR_{3px},0.802270127347307,models/_pretrained_weights/memflow_weights/MemFlowNet_kitti.pth,MemFlow
Driving,train,final,K,MemFlowNet_kitti.pth,IR_{5px},0.843835753610195,models/_pretrained_weights/memflow_weights/MemFlowNet_kitti.pth,MemFlow
Driving,train,final,K,MemFlowNet_kitti.pth,fl-kitti,0.1789189827387744,models/_pretrained_weights/memflow_weights/MemFlowNet_kitti.pth,MemFlow
Driving,train,final,K,MemFlowNet_kitti.pth,MSE,1022.9715576171876,models/_pretrained_weights/memflow_weights/MemFlowNet_kitti.pth,MemFlow
Driving,train,final,K,MemFlowNet_kitti.pth,WAUC,0.6485866705804674,models/_pretrained_weights/memflow_weights/MemFlowNet_kitti.pth,MemFlow
Driving,train,final,C+T,MemFlowNet_things.pth,EPE,13.405832290649414,models/_pretrained_weights/memflow_weights/MemFlowNet_things.pth,MemFlow
Driving,train,final,C+T,MemFlowNet_things.pth,IR_{1px},0.6391862823794051,models/_pretrained_weights/memflow_weights/MemFlowNet_things.pth,MemFlow
Driving,train,final,C+T,MemFlowNet_things.pth,IR_{3px},0.7778240504221731,models/_pretrained_weights/memflow_weights/MemFlowNet_things.pth,MemFlow
Driving,train,final,C+T,MemFlowNet_things.pth,IR_{5px},0.825230874817377,models/_pretrained_weights/memflow_weights/MemFlowNet_things.pth,MemFlow
Driving,train,final,C+T,MemFlowNet_things.pth,fl-kitti,0.1938495230454716,models/_pretrained_weights/memflow_weights/MemFlowNet_things.pth,MemFlow
Driving,train,final,C+T,MemFlowNet_things.pth,MSE,1663.905029296875,models/_pretrained_weights/memflow_weights/MemFlowNet_things.pth,MemFlow
Driving,train,final,C+T,MemFlowNet_things.pth,WAUC,0.6364090074903556,models/_pretrained_weights/memflow_weights/MemFlowNet_things.pth,MemFlow
Driving,train,final,C+T,gmflow-scale2-regrefine6-things-776ed612.pth,EPE,15.427364349365234,models/_pretrained_weights/unimatch_weights/gmflow-scale2-regrefine6-things-776ed612.pth,GMFlow+
Driving,train,final,C+T,gmflow-scale2-regrefine6-things-776ed612.pth,IR_{1px},0.644823710825972,models/_pretrained_weights/unimatch_weights/gmflow-scale2-regrefine6-things-776ed612.pth,GMFlow+
Driving,train,final,C+T,gmflow-scale2-regrefine6-things-776ed612.pth,IR_{3px},0.7579514884813645,models/_pretrained_weights/unimatch_weights/gmflow-scale2-regrefine6-things-776ed612.pth,GMFlow+
Driving,train,final,C+T,gmflow-scale2-regrefine6-things-776ed612.pth,IR_{5px},0.7996965078428531,models/_pretrained_weights/unimatch_weights/gmflow-scale2-regrefine6-things-776ed612.pth,GMFlow+
Driving,train,final,C+T,gmflow-scale2-regrefine6-things-776ed612.pth,fl-kitti,0.2242546769383854,models/_pretrained_weights/unimatch_weights/gmflow-scale2-regrefine6-things-776ed612.pth,GMFlow+
Driving,train,final,C+T,gmflow-scale2-regrefine6-things-776ed612.pth,MSE,2053.387451171875,models/_pretrained_weights/unimatch_weights/gmflow-scale2-regrefine6-things-776ed612.pth,GMFlow+
Driving,train,final,C+T,gmflow-scale2-regrefine6-things-776ed612.pth,WAUC,0.6369607637607887,models/_pretrained_weights/unimatch_weights/gmflow-scale2-regrefine6-things-776ed612.pth,GMFlow+
Driving,train,final,S,gmflow-scale2-regrefine6-sintelft-6e39e2b9.pth,EPE,11.51338005065918,models/_pretrained_weights/unimatch_weights/gmflow-scale2-regrefine6-sintelft-6e39e2b9.pth,GMFlow+
Driving,train,final,S,gmflow-scale2-regrefine6-sintelft-6e39e2b9.pth,IR_{1px},0.6817088797019109,models/_pretrained_weights/unimatch_weights/gmflow-scale2-regrefine6-sintelft-6e39e2b9.pth,GMFlow+
Driving,train,final,S,gmflow-scale2-regrefine6-sintelft-6e39e2b9.pth,IR_{3px},0.8112281724915238,models/_pretrained_weights/unimatch_weights/gmflow-scale2-regrefine6-sintelft-6e39e2b9.pth,GMFlow+
Driving,train,final,S,gmflow-scale2-regrefine6-sintelft-6e39e2b9.pth,IR_{5px},0.8533367868375492,models/_pretrained_weights/unimatch_weights/gmflow-scale2-regrefine6-sintelft-6e39e2b9.pth,GMFlow+
Driving,train,final,S,gmflow-scale2-regrefine6-sintelft-6e39e2b9.pth,fl-kitti,0.1596668349951783,models/_pretrained_weights/unimatch_weights/gmflow-scale2-regrefine6-sintelft-6e39e2b9.pth,GMFlow+
Driving,train,final,S,gmflow-scale2-regrefine6-sintelft-6e39e2b9.pth,MSE,1310.0111083984375,models/_pretrained_weights/unimatch_weights/gmflow-scale2-regrefine6-sintelft-6e39e2b9.pth,GMFlow+
Driving,train,final,S,gmflow-scale2-regrefine6-sintelft-6e39e2b9.pth,WAUC,0.6797112743958476,models/_pretrained_weights/unimatch_weights/gmflow-scale2-regrefine6-sintelft-6e39e2b9.pth,GMFlow+
Driving,train,final,mixed,gmflow-scale2-regrefine6-mixdata-train320x576-4e7b215d.pth,EPE,4.972243309020996,models/_pretrained_weights/unimatch_weights/gmflow-scale2-regrefine6-mixdata-train320x576-4e7b215d.pth,GMFlow+
Driving,train,final,mixed,gmflow-scale2-regrefine6-mixdata-train320x576-4e7b215d.pth,IR_{1px},0.7373302050790481,models/_pretrained_weights/unimatch_weights/gmflow-scale2-regrefine6-mixdata-train320x576-4e7b215d.pth,GMFlow+
Driving,train,final,mixed,gmflow-scale2-regrefine6-mixdata-train320x576-4e7b215d.pth,IR_{3px},0.861387864352694,models/_pretrained_weights/unimatch_weights/gmflow-scale2-regrefine6-mixdata-train320x576-4e7b215d.pth,GMFlow+
Driving,train,final,mixed,gmflow-scale2-regrefine6-mixdata-train320x576-4e7b215d.pth,IR_{5px},0.9007313732598692,models/_pretrained_weights/unimatch_weights/gmflow-scale2-regrefine6-mixdata-train320x576-4e7b215d.pth,GMFlow+
Driving,train,final,mixed,gmflow-scale2-regrefine6-mixdata-train320x576-4e7b215d.pth,fl-kitti,0.0951703830803273,models/_pretrained_weights/unimatch_weights/gmflow-scale2-regrefine6-mixdata-train320x576-4e7b215d.pth,GMFlow+
Driving,train,final,mixed,gmflow-scale2-regrefine6-mixdata-train320x576-4e7b215d.pth,MSE,462.4827575683594,models/_pretrained_weights/unimatch_weights/gmflow-scale2-regrefine6-mixdata-train320x576-4e7b215d.pth,GMFlow+
Driving,train,final,mixed,gmflow-scale2-regrefine6-mixdata-train320x576-4e7b215d.pth,WAUC,0.731050759710498,models/_pretrained_weights/unimatch_weights/gmflow-scale2-regrefine6-mixdata-train320x576-4e7b215d.pth,GMFlow+
Driving,train,final,K,gmflow-scale2-regrefine6-kitti15-25b554d7.pth,EPE,12.607911109924316,models/_pretrained_weights/unimatch_weights/gmflow-scale2-regrefine6-kitti15-25b554d7.pth,GMFlow+
Driving,train,final,K,gmflow-scale2-regrefine6-kitti15-25b554d7.pth,IR_{1px},0.6242124643006152,models/_pretrained_weights/unimatch_weights/gmflow-scale2-regrefine6-kitti15-25b554d7.pth,GMFlow+
Driving,train,final,K,gmflow-scale2-regrefine6-kitti15-25b554d7.pth,IR_{3px},0.7801650862525993,models/_pretrained_weights/unimatch_weights/gmflow-scale2-regrefine6-kitti15-25b554d7.pth,GMFlow+
Driving,train,final,K,gmflow-scale2-regrefine6-kitti15-25b554d7.pth,IR_{5px},0.8274507256026645,models/_pretrained_weights/unimatch_weights/gmflow-scale2-regrefine6-kitti15-25b554d7.pth,GMFlow+
Driving,train,final,K,gmflow-scale2-regrefine6-kitti15-25b554d7.pth,fl-kitti,0.1958710070697512,models/_pretrained_weights/unimatch_weights/gmflow-scale2-regrefine6-kitti15-25b554d7.pth,GMFlow+
Driving,train,final,K,gmflow-scale2-regrefine6-kitti15-25b554d7.pth,MSE,1364.0819091796875,models/_pretrained_weights/unimatch_weights/gmflow-scale2-regrefine6-kitti15-25b554d7.pth,GMFlow+
Driving,train,final,K,gmflow-scale2-regrefine6-kitti15-25b554d7.pth,WAUC,0.6161379346887419,models/_pretrained_weights/unimatch_weights/gmflow-scale2-regrefine6-kitti15-25b554d7.pth,GMFlow+
Driving,train,final,S,sintel,EPE,8.967127799987793,sintel,RPKNet
Driving,train,final,S,sintel,IR_{1px},0.6805907022706104,sintel,RPKNet
Driving,train,final,S,sintel,IR_{3px},0.8261974707741548,sintel,RPKNet
Driving,train,final,S,sintel,IR_{5px},0.8678770542743871,sintel,RPKNet
Driving,train,final,S,sintel,fl-kitti,0.1447737201895793,sintel,RPKNet
Driving,train,final,S,sintel,MSE,867.5911865234375,sintel,RPKNet
Driving,train,final,S,sintel,WAUC,0.6792692673261523,sintel,RPKNet
Driving,train,final,C,chairs,EPE,25.478906631469727,chairs,RPKNet
Driving,train,final,C,chairs,IR_{1px},0.3419381768676224,chairs,RPKNet
Driving,train,final,C,chairs,IR_{3px},0.6079628288908828,chairs,RPKNet
Driving,train,final,C,chairs,IR_{5px},0.6867330439959658,chairs,RPKNet
Driving,train,final,C,chairs,fl-kitti,0.3815676675386453,chairs,RPKNet
Driving,train,final,C,chairs,MSE,3977.563232421875,chairs,RPKNet
Driving,train,final,C,chairs,WAUC,0.4044660538796609,chairs,RPKNet
Driving,train,final,K,kitti,EPE,9.53006362915039,kitti,RPKNet
Driving,train,final,K,kitti,IR_{1px},0.66233209035446,kitti,RPKNet
Driving,train,final,K,kitti,IR_{3px},0.8122663542438567,kitti,RPKNet
Driving,train,final,K,kitti,IR_{5px},0.8558089374400347,kitti,RPKNet
Driving,train,final,K,kitti,fl-kitti,0.1604693881534809,kitti,RPKNet
Driving,train,final,K,kitti,MSE,927.1065063476562,kitti,RPKNet
Driving,train,final,K,kitti,WAUC,0.6610816773443382,kitti,RPKNet
Driving,train,final,C+T,things,EPE,13.076408386230469,things,RPKNet
Driving,train,final,C+T,things,IR_{1px},0.6325848314191602,things,RPKNet
Driving,train,final,C+T,things,IR_{3px},0.774490239571803,things,RPKNet
Driving,train,final,C+T,things,IR_{5px},0.8217932681892719,things,RPKNet
Driving,train,final,C+T,things,fl-kitti,0.1965992346209666,things,RPKNet
Driving,train,final,C+T,things,MSE,1634.851318359375,things,RPKNet
Driving,train,final,C+T,things,WAUC,0.628305453033151,things,RPKNet
Driving,train,final,C,Tartan-C368x496-M.pth,EPE,32.24740982055664,models/_pretrained_weights/SEA-RAFT-models/Tartan-C368x496-M.pth,SEA-RAFT (L)
Driving,train,final,C,Tartan-C368x496-M.pth,IR_{1px},0.3308055550080117,models/_pretrained_weights/SEA-RAFT-models/Tartan-C368x496-M.pth,SEA-RAFT (L)
Driving,train,final,C,Tartan-C368x496-M.pth,IR_{3px},0.5625460086812114,models/_pretrained_weights/SEA-RAFT-models/Tartan-C368x496-M.pth,SEA-RAFT (L)
Driving,train,final,C,Tartan-C368x496-M.pth,IR_{5px},0.6306458341208908,models/_pretrained_weights/SEA-RAFT-models/Tartan-C368x496-M.pth,SEA-RAFT (L)
Driving,train,final,C,Tartan-C368x496-M.pth,fl-kitti,0.4310614200053231,models/_pretrained_weights/SEA-RAFT-models/Tartan-C368x496-M.pth,SEA-RAFT (L)
Driving,train,final,C,Tartan-C368x496-M.pth,MSE,5367.255859375,models/_pretrained_weights/SEA-RAFT-models/Tartan-C368x496-M.pth,SEA-RAFT (L)
Driving,train,final,C,Tartan-C368x496-M.pth,WAUC,0.3847709844158382,models/_pretrained_weights/SEA-RAFT-models/Tartan-C368x496-M.pth,SEA-RAFT (L)
Driving,train,final,S,Tartan-C-T-TSKH432x960-M.pth,EPE,8.662697792053223,models/_pretrained_weights/SEA-RAFT-models/Tartan-C-T-TSKH432x960-M.pth,SEA-RAFT (L)
Driving,train,final,S,Tartan-C-T-TSKH432x960-M.pth,IR_{1px},0.7321580326384638,models/_pretrained_weights/SEA-RAFT-models/Tartan-C-T-TSKH432x960-M.pth,SEA-RAFT (L)
Driving,train,final,S,Tartan-C-T-TSKH432x960-M.pth,IR_{3px},0.8407585027962211,models/_pretrained_weights/SEA-RAFT-models/Tartan-C-T-TSKH432x960-M.pth,SEA-RAFT (L)
Driving,train,final,S,Tartan-C-T-TSKH432x960-M.pth,IR_{5px},0.8727972445328015,models/_pretrained_weights/SEA-RAFT-models/Tartan-C-T-TSKH432x960-M.pth,SEA-RAFT (L)
Driving,train,final,S,Tartan-C-T-TSKH432x960-M.pth,fl-kitti,0.1379138172146048,models/_pretrained_weights/SEA-RAFT-models/Tartan-C-T-TSKH432x960-M.pth,SEA-RAFT (L)
Driving,train,final,S,Tartan-C-T-TSKH432x960-M.pth,MSE,849.1495971679688,models/_pretrained_weights/SEA-RAFT-models/Tartan-C-T-TSKH432x960-M.pth,SEA-RAFT (L)
Driving,train,final,S,Tartan-C-T-TSKH432x960-M.pth,WAUC,0.7213707754793403,models/_pretrained_weights/SEA-RAFT-models/Tartan-C-T-TSKH432x960-M.pth,SEA-RAFT (L)
Driving,train,final,mixed,Tartan-C-T-TSKH-spring540x960-M.pth,EPE,13.38540744781494,models/_pretrained_weights/SEA-RAFT-models/Tartan-C-T-TSKH-spring540x960-M.pth,SEA-RAFT (L)
Driving,train,final,mixed,Tartan-C-T-TSKH-spring540x960-M.pth,IR_{1px},0.6614749236933911,models/_pretrained_weights/SEA-RAFT-models/Tartan-C-T-TSKH-spring540x960-M.pth,SEA-RAFT (L)
Driving,train,final,mixed,Tartan-C-T-TSKH-spring540x960-M.pth,IR_{3px},0.7964838240229687,models/_pretrained_weights/SEA-RAFT-models/Tartan-C-T-TSKH-spring540x960-M.pth,SEA-RAFT (L)
Driving,train,final,mixed,Tartan-C-T-TSKH-spring540x960-M.pth,IR_{5px},0.8393698598529635,models/_pretrained_weights/SEA-RAFT-models/Tartan-C-T-TSKH-spring540x960-M.pth,SEA-RAFT (L)
Driving,train,final,mixed,Tartan-C-T-TSKH-spring540x960-M.pth,fl-kitti,0.1770412286936431,models/_pretrained_weights/SEA-RAFT-models/Tartan-C-T-TSKH-spring540x960-M.pth,SEA-RAFT (L)
Driving,train,final,mixed,Tartan-C-T-TSKH-spring540x960-M.pth,MSE,1716.6397705078125,models/_pretrained_weights/SEA-RAFT-models/Tartan-C-T-TSKH-spring540x960-M.pth,SEA-RAFT (L)
Driving,train,final,mixed,Tartan-C-T-TSKH-spring540x960-M.pth,WAUC,0.6615315831615145,models/_pretrained_weights/SEA-RAFT-models/Tartan-C-T-TSKH-spring540x960-M.pth,SEA-RAFT (L)
Driving,train,final,tartan,Tartan480x640-M.pth,EPE,13.076830863952637,models/_pretrained_weights/SEA-RAFT-models/Tartan480x640-M.pth,SEA-RAFT (L)
Driving,train,final,tartan,Tartan480x640-M.pth,IR_{1px},0.6726405594337178,models/_pretrained_weights/SEA-RAFT-models/Tartan480x640-M.pth,SEA-RAFT (L)
Driving,train,final,tartan,Tartan480x640-M.pth,IR_{3px},0.7906309453208649,models/_pretrained_weights/SEA-RAFT-models/Tartan480x640-M.pth,SEA-RAFT (L)
Driving,train,final,tartan,Tartan480x640-M.pth,IR_{5px},0.8307665167233209,models/_pretrained_weights/SEA-RAFT-models/Tartan480x640-M.pth,SEA-RAFT (L)
Driving,train,final,tartan,Tartan480x640-M.pth,fl-kitti,0.1890217690432079,models/_pretrained_weights/SEA-RAFT-models/Tartan480x640-M.pth,SEA-RAFT (L)
Driving,train,final,tartan,Tartan480x640-M.pth,MSE,1662.076904296875,models/_pretrained_weights/SEA-RAFT-models/Tartan480x640-M.pth,SEA-RAFT (L)
Driving,train,final,tartan,Tartan480x640-M.pth,WAUC,0.6719392160453111,models/_pretrained_weights/SEA-RAFT-models/Tartan480x640-M.pth,SEA-RAFT (L)
Driving,train,final,C+T,Tartan-C-T432x960-M.pth,EPE,12.689642906188965,models/_pretrained_weights/SEA-RAFT-models/Tartan-C-T432x960-M.pth,SEA-RAFT (L)
Driving,train,final,C+T,Tartan-C-T432x960-M.pth,IR_{1px},0.653775326155519,models/_pretrained_weights/SEA-RAFT-models/Tartan-C-T432x960-M.pth,SEA-RAFT (L)
Driving,train,final,C+T,Tartan-C-T432x960-M.pth,IR_{3px},0.7853595086673985,models/_pretrained_weights/SEA-RAFT-models/Tartan-C-T432x960-M.pth,SEA-RAFT (L)
Driving,train,final,C+T,Tartan-C-T432x960-M.pth,IR_{5px},0.8353824509777087,models/_pretrained_weights/SEA-RAFT-models/Tartan-C-T432x960-M.pth,SEA-RAFT (L)
Driving,train,final,C+T,Tartan-C-T432x960-M.pth,fl-kitti,0.1810153657799462,models/_pretrained_weights/SEA-RAFT-models/Tartan-C-T432x960-M.pth,SEA-RAFT (L)
Driving,train,final,C+T,Tartan-C-T432x960-M.pth,MSE,1642.195556640625,models/_pretrained_weights/SEA-RAFT-models/Tartan-C-T432x960-M.pth,SEA-RAFT (L)
Driving,train,final,C+T,Tartan-C-T432x960-M.pth,WAUC,0.6572273909958767,models/_pretrained_weights/SEA-RAFT-models/Tartan-C-T432x960-M.pth,SEA-RAFT (L)
Driving,train,final,K,Tartan-C-T-TSKH-kitti432x960-M.pth,EPE,8.246657371520996,models/_pretrained_weights/SEA-RAFT-models/Tartan-C-T-TSKH-kitti432x960-M.pth,SEA-RAFT (L)
Driving,train,final,K,Tartan-C-T-TSKH-kitti432x960-M.pth,IR_{1px},0.7264302707474324,models/_pretrained_weights/SEA-RAFT-models/Tartan-C-T-TSKH-kitti432x960-M.pth,SEA-RAFT (L)
Driving,train,final,K,Tartan-C-T-TSKH-kitti432x960-M.pth,IR_{3px},0.8338492970678428,models/_pretrained_weights/SEA-RAFT-models/Tartan-C-T-TSKH-kitti432x960-M.pth,SEA-RAFT (L)
Driving,train,final,K,Tartan-C-T-TSKH-kitti432x960-M.pth,IR_{5px},0.8663040268133706,models/_pretrained_weights/SEA-RAFT-models/Tartan-C-T-TSKH-kitti432x960-M.pth,SEA-RAFT (L)
Driving,train,final,K,Tartan-C-T-TSKH-kitti432x960-M.pth,fl-kitti,0.1466968126158613,models/_pretrained_weights/SEA-RAFT-models/Tartan-C-T-TSKH-kitti432x960-M.pth,SEA-RAFT (L)
Driving,train,final,K,Tartan-C-T-TSKH-kitti432x960-M.pth,MSE,729.4852905273438,models/_pretrained_weights/SEA-RAFT-models/Tartan-C-T-TSKH-kitti432x960-M.pth,SEA-RAFT (L)
Driving,train,final,K,Tartan-C-T-TSKH-kitti432x960-M.pth,WAUC,0.7123490815940227,models/_pretrained_weights/SEA-RAFT-models/Tartan-C-T-TSKH-kitti432x960-M.pth,SEA-RAFT (L)
Driving,train,final,C+T,gmflow-scale1-things-e9887eda.pth,EPE,25.94428825378418,models/_pretrained_weights/unimatch_weights/gmflow-scale1-things-e9887eda.pth,GMFlow+ (s1)
Driving,train,final,C+T,gmflow-scale1-things-e9887eda.pth,IR_{1px},0.3871070333892678,models/_pretrained_weights/unimatch_weights/gmflow-scale1-things-e9887eda.pth,GMFlow+ (s1)
Driving,train,final,C+T,gmflow-scale1-things-e9887eda.pth,IR_{3px},0.6343945336798603,models/_pretrained_weights/unimatch_weights/gmflow-scale1-things-e9887eda.pth,GMFlow+ (s1)
Driving,train,final,C+T,gmflow-scale1-things-e9887eda.pth,IR_{5px},0.6990415918607435,models/_pretrained_weights/unimatch_weights/gmflow-scale1-things-e9887eda.pth,GMFlow+ (s1)
Driving,train,final,C+T,gmflow-scale1-things-e9887eda.pth,fl-kitti,0.3571885548117504,models/_pretrained_weights/unimatch_weights/gmflow-scale1-things-e9887eda.pth,GMFlow+ (s1)
Driving,train,final,C+T,gmflow-scale1-things-e9887eda.pth,MSE,3938.144775390625,models/_pretrained_weights/unimatch_weights/gmflow-scale1-things-e9887eda.pth,GMFlow+ (s1)
Driving,train,final,C+T,gmflow-scale1-things-e9887eda.pth,WAUC,0.434531182230777,models/_pretrained_weights/unimatch_weights/gmflow-scale1-things-e9887eda.pth,GMFlow+ (s1)
Driving,train,final,mixed,gmflow-scale1-mixdata-train320x576-4c3a6e9a.pth,EPE,16.215167999267578,models/_pretrained_weights/unimatch_weights/gmflow-scale1-mixdata-train320x576-4c3a6e9a.pth,GMFlow+ (s1)
Driving,train,final,mixed,gmflow-scale1-mixdata-train320x576-4c3a6e9a.pth,IR_{1px},0.4753961055108141,models/_pretrained_weights/unimatch_weights/gmflow-scale1-mixdata-train320x576-4c3a6e9a.pth,GMFlow+ (s1)
Driving,train,final,mixed,gmflow-scale1-mixdata-train320x576-4c3a6e9a.pth,IR_{3px},0.7336310004277695,models/_pretrained_weights/unimatch_weights/gmflow-scale1-mixdata-train320x576-4c3a6e9a.pth,GMFlow+ (s1)
Driving,train,final,mixed,gmflow-scale1-mixdata-train320x576-4c3a6e9a.pth,IR_{5px},0.7885792831539439,models/_pretrained_weights/unimatch_weights/gmflow-scale1-mixdata-train320x576-4c3a6e9a.pth,GMFlow+ (s1)
Driving,train,final,mixed,gmflow-scale1-mixdata-train320x576-4c3a6e9a.pth,fl-kitti,0.2468638583427574,models/_pretrained_weights/unimatch_weights/gmflow-scale1-mixdata-train320x576-4c3a6e9a.pth,GMFlow+ (s1)
Driving,train,final,mixed,gmflow-scale1-mixdata-train320x576-4c3a6e9a.pth,MSE,2163.510498046875,models/_pretrained_weights/unimatch_weights/gmflow-scale1-mixdata-train320x576-4c3a6e9a.pth,GMFlow+ (s1)
Driving,train,final,mixed,gmflow-scale1-mixdata-train320x576-4c3a6e9a.pth,WAUC,0.5096470134178112,models/_pretrained_weights/unimatch_weights/gmflow-scale1-mixdata-train320x576-4c3a6e9a.pth,GMFlow+ (s1)
Driving,train,final,C+T,matchflow-r-things.pth,EPE,18.53235626220703,models/_pretrained_weights/matchflow_weights/matchflow-r/matchflow-r-things.pth,MatchFlow (R)
Driving,train,final,C+T,matchflow-r-things.pth,IR_{1px},0.6097176713737343,models/_pretrained_weights/matchflow_weights/matchflow-r/matchflow-r-things.pth,MatchFlow (R)
Driving,train,final,C+T,matchflow-r-things.pth,IR_{3px},0.7519458234100814,models/_pretrained_weights/matchflow_weights/matchflow-r/matchflow-r-things.pth,MatchFlow (R)
Driving,train,final,C+T,matchflow-r-things.pth,IR_{5px},0.8038011497350402,models/_pretrained_weights/matchflow_weights/matchflow-r/matchflow-r-things.pth,MatchFlow (R)
Driving,train,final,C+T,matchflow-r-things.pth,fl-kitti,0.2222061619439078,models/_pretrained_weights/matchflow_weights/matchflow-r/matchflow-r-things.pth,MatchFlow (R)
Driving,train,final,C+T,matchflow-r-things.pth,MSE,2874.685791015625,models/_pretrained_weights/matchflow_weights/matchflow-r/matchflow-r-things.pth,MatchFlow (R)
Driving,train,final,C+T,matchflow-r-things.pth,WAUC,0.6106463741743363,models/_pretrained_weights/matchflow_weights/matchflow-r/matchflow-r-things.pth,MatchFlow (R)
VIPER,validation,,K,kitti.pth,EPE,51.18617630004883,models/_pretrained_weights/FlowFormer-Models/kitti.pth,FlowFormer
VIPER,validation,,K,kitti.pth,IR_{1px},0.6162300225681999,models/_pretrained_weights/FlowFormer-Models/kitti.pth,FlowFormer
VIPER,validation,,K,kitti.pth,IR_{3px},0.7393919796412035,models/_pretrained_weights/FlowFormer-Models/kitti.pth,FlowFormer
VIPER,validation,,K,kitti.pth,IR_{5px},0.7774547906243963,models/_pretrained_weights/FlowFormer-Models/kitti.pth,FlowFormer
VIPER,validation,,K,kitti.pth,fl-kitti,0.2423507201758431,models/_pretrained_weights/FlowFormer-Models/kitti.pth,FlowFormer
VIPER,validation,,K,kitti.pth,MSE,165293.34375,models/_pretrained_weights/FlowFormer-Models/kitti.pth,FlowFormer
VIPER,validation,,K,kitti.pth,WAUC,0.611477219336481,models/_pretrained_weights/FlowFormer-Models/kitti.pth,FlowFormer
VIPER,validation,,C,chairs.pth,EPE,65.4407730102539,models/_pretrained_weights/FlowFormer-Models/chairs.pth,FlowFormer
VIPER,validation,,C,chairs.pth,IR_{1px},0.4807179053788379,models/_pretrained_weights/FlowFormer-Models/chairs.pth,FlowFormer
VIPER,validation,,C,chairs.pth,IR_{3px},0.653117061762061,models/_pretrained_weights/FlowFormer-Models/chairs.pth,FlowFormer
VIPER,validation,,C,chairs.pth,IR_{5px},0.6985956476785599,models/_pretrained_weights/FlowFormer-Models/chairs.pth,FlowFormer
VIPER,validation,,C,chairs.pth,fl-kitti,0.3379515849434886,models/_pretrained_weights/FlowFormer-Models/chairs.pth,FlowFormer
VIPER,validation,,C,chairs.pth,MSE,168463.953125,models/_pretrained_weights/FlowFormer-Models/chairs.pth,FlowFormer
VIPER,validation,,C,chairs.pth,WAUC,0.5042220830915471,models/_pretrained_weights/FlowFormer-Models/chairs.pth,FlowFormer
VIPER,validation,,S,sintel.pth,EPE,46.30303192138672,models/_pretrained_weights/FlowFormer-Models/sintel.pth,FlowFormer
VIPER,validation,,S,sintel.pth,IR_{1px},0.6783298806260842,models/_pretrained_weights/FlowFormer-Models/sintel.pth,FlowFormer
VIPER,validation,,S,sintel.pth,IR_{3px},0.7968108519605376,models/_pretrained_weights/FlowFormer-Models/sintel.pth,FlowFormer
VIPER,validation,,S,sintel.pth,IR_{5px},0.8295045741418572,models/_pretrained_weights/FlowFormer-Models/sintel.pth,FlowFormer
VIPER,validation,,S,sintel.pth,fl-kitti,0.1869651084459675,models/_pretrained_weights/FlowFormer-Models/sintel.pth,FlowFormer
VIPER,validation,,S,sintel.pth,MSE,164799.375,models/_pretrained_weights/FlowFormer-Models/sintel.pth,FlowFormer
VIPER,validation,,S,sintel.pth,WAUC,0.6747900952101842,models/_pretrained_weights/FlowFormer-Models/sintel.pth,FlowFormer
VIPER,validation,,C+T,things.pth,EPE,51.44137573242188,models/_pretrained_weights/FlowFormer-Models/things.pth,FlowFormer
VIPER,validation,,C+T,things.pth,IR_{1px},0.618439325313577,models/_pretrained_weights/FlowFormer-Models/things.pth,FlowFormer
VIPER,validation,,C+T,things.pth,IR_{3px},0.746359291133509,models/_pretrained_weights/FlowFormer-Models/things.pth,FlowFormer
VIPER,validation,,C+T,things.pth,IR_{5px},0.7823108887919029,models/_pretrained_weights/FlowFormer-Models/things.pth,FlowFormer
VIPER,validation,,C+T,things.pth,fl-kitti,0.2375301503106536,models/_pretrained_weights/FlowFormer-Models/things.pth,FlowFormer
VIPER,validation,,C+T,things.pth,MSE,162591.65625,models/_pretrained_weights/FlowFormer-Models/things.pth,FlowFormer
VIPER,validation,,C+T,things.pth,WAUC,0.6139735963106042,models/_pretrained_weights/FlowFormer-Models/things.pth,FlowFormer
VIPER,validation,,K,matchflow-g-kitti.pth,EPE,55.92509078979492,models/_pretrained_weights/matchflow_weights/matchflow-g/matchflow-g-kitti.pth,MatchFlow (G)
VIPER,validation,,K,matchflow-g-kitti.pth,IR_{1px},0.5811311274719452,models/_pretrained_weights/matchflow_weights/matchflow-g/matchflow-g-kitti.pth,MatchFlow (G)
VIPER,validation,,K,matchflow-g-kitti.pth,IR_{3px},0.7041469137993042,models/_pretrained_weights/matchflow_weights/matchflow-g/matchflow-g-kitti.pth,MatchFlow (G)
VIPER,validation,,K,matchflow-g-kitti.pth,IR_{5px},0.7457246904922578,models/_pretrained_weights/matchflow_weights/matchflow-g/matchflow-g-kitti.pth,MatchFlow (G)
VIPER,validation,,K,matchflow-g-kitti.pth,fl-kitti,0.2834840596104591,models/_pretrained_weights/matchflow_weights/matchflow-g/matchflow-g-kitti.pth,MatchFlow (G)
VIPER,validation,,K,matchflow-g-kitti.pth,MSE,166559.4375,models/_pretrained_weights/matchflow_weights/matchflow-g/matchflow-g-kitti.pth,MatchFlow (G)
VIPER,validation,,K,matchflow-g-kitti.pth,WAUC,0.5796745892006521,models/_pretrained_weights/matchflow_weights/matchflow-g/matchflow-g-kitti.pth,MatchFlow (G)
VIPER,validation,,S,matchflow-g-sintel.pth,EPE,50.91765594482422,models/_pretrained_weights/matchflow_weights/matchflow-g/matchflow-g-sintel.pth,MatchFlow (G)
VIPER,validation,,S,matchflow-g-sintel.pth,IR_{1px},0.6843245918212905,models/_pretrained_weights/matchflow_weights/matchflow-g/matchflow-g-sintel.pth,MatchFlow (G)
VIPER,validation,,S,matchflow-g-sintel.pth,IR_{3px},0.795399581014575,models/_pretrained_weights/matchflow_weights/matchflow-g/matchflow-g-sintel.pth,MatchFlow (G)
VIPER,validation,,S,matchflow-g-sintel.pth,IR_{5px},0.8255043073771974,models/_pretrained_weights/matchflow_weights/matchflow-g/matchflow-g-sintel.pth,MatchFlow (G)
VIPER,validation,,S,matchflow-g-sintel.pth,fl-kitti,0.189354864501061,models/_pretrained_weights/matchflow_weights/matchflow-g/matchflow-g-sintel.pth,MatchFlow (G)
VIPER,validation,,S,matchflow-g-sintel.pth,MSE,165830.375,models/_pretrained_weights/matchflow_weights/matchflow-g/matchflow-g-sintel.pth,MatchFlow (G)
VIPER,validation,,S,matchflow-g-sintel.pth,WAUC,0.6814056632863803,models/_pretrained_weights/matchflow_weights/matchflow-g/matchflow-g-sintel.pth,MatchFlow (G)
VIPER,validation,,C,matchflow-g-chairs.pth,EPE,72.0993881225586,models/_pretrained_weights/matchflow_weights/matchflow-g/matchflow-g-chairs.pth,MatchFlow (G)
VIPER,validation,,C,matchflow-g-chairs.pth,IR_{1px},0.4128487320242538,models/_pretrained_weights/matchflow_weights/matchflow-g/matchflow-g-chairs.pth,MatchFlow (G)
VIPER,validation,,C,matchflow-g-chairs.pth,IR_{3px},0.5627350259975056,models/_pretrained_weights/matchflow_weights/matchflow-g/matchflow-g-chairs.pth,MatchFlow (G)
VIPER,validation,,C,matchflow-g-chairs.pth,IR_{5px},0.6102779780160347,models/_pretrained_weights/matchflow_weights/matchflow-g/matchflow-g-chairs.pth,MatchFlow (G)
VIPER,validation,,C,matchflow-g-chairs.pth,fl-kitti,0.4357991761917253,models/_pretrained_weights/matchflow_weights/matchflow-g/matchflow-g-chairs.pth,MatchFlow (G)
VIPER,validation,,C,matchflow-g-chairs.pth,MSE,168728.1875,models/_pretrained_weights/matchflow_weights/matchflow-g/matchflow-g-chairs.pth,MatchFlow (G)
VIPER,validation,,C,matchflow-g-chairs.pth,WAUC,0.4368046528284596,models/_pretrained_weights/matchflow_weights/matchflow-g/matchflow-g-chairs.pth,MatchFlow (G)
VIPER,validation,,C+T,matchflow-g-things.pth,EPE,53.58365631103516,models/_pretrained_weights/matchflow_weights/matchflow-g/matchflow-g-things.pth,MatchFlow (G)
VIPER,validation,,C+T,matchflow-g-things.pth,IR_{1px},0.6549681139868155,models/_pretrained_weights/matchflow_weights/matchflow-g/matchflow-g-things.pth,MatchFlow (G)
VIPER,validation,,C+T,matchflow-g-things.pth,IR_{3px},0.7670143815708902,models/_pretrained_weights/matchflow_weights/matchflow-g/matchflow-g-things.pth,MatchFlow (G)
VIPER,validation,,C+T,matchflow-g-things.pth,IR_{5px},0.7981496743435892,models/_pretrained_weights/matchflow_weights/matchflow-g/matchflow-g-things.pth,MatchFlow (G)
VIPER,validation,,C+T,matchflow-g-things.pth,fl-kitti,0.2221162329233681,models/_pretrained_weights/matchflow_weights/matchflow-g/matchflow-g-things.pth,MatchFlow (G)
VIPER,validation,,C+T,matchflow-g-things.pth,MSE,166581.71875,models/_pretrained_weights/matchflow_weights/matchflow-g/matchflow-g-things.pth,MatchFlow (G)
VIPER,validation,,C+T,matchflow-g-things.pth,WAUC,0.6490582476764223,models/_pretrained_weights/matchflow_weights/matchflow-g/matchflow-g-things.pth,MatchFlow (G)
VIPER,validation,,K,CCMR+_kitti.pth,EPE,28.51448631286621,models/_pretrained_weights/ccmr_weights/CCMR+_kitti.pth,CCMR+
VIPER,validation,,K,CCMR+_kitti.pth,IR_{1px},0.8087045435092346,models/_pretrained_weights/ccmr_weights/CCMR+_kitti.pth,CCMR+
VIPER,validation,,K,CCMR+_kitti.pth,IR_{3px},0.8999844704573328,models/_pretrained_weights/ccmr_weights/CCMR+_kitti.pth,CCMR+
VIPER,validation,,K,CCMR+_kitti.pth,IR_{5px},0.9238037567404296,models/_pretrained_weights/ccmr_weights/CCMR+_kitti.pth,CCMR+
VIPER,validation,,K,CCMR+_kitti.pth,fl-kitti,0.0668003287112087,models/_pretrained_weights/ccmr_weights/CCMR+_kitti.pth,CCMR+
VIPER,validation,,K,CCMR+_kitti.pth,MSE,154680.90625,models/_pretrained_weights/ccmr_weights/CCMR+_kitti.pth,CCMR+
VIPER,validation,,K,CCMR+_kitti.pth,WAUC,0.7994710617658295,models/_pretrained_weights/ccmr_weights/CCMR+_kitti.pth,CCMR+
VIPER,validation,,C+T,CCMR+_things.pth,EPE,42.97644805908203,models/_pretrained_weights/ccmr_weights/CCMR+_things.pth,CCMR+
VIPER,validation,,C+T,CCMR+_things.pth,IR_{1px},0.6956680619967277,models/_pretrained_weights/ccmr_weights/CCMR+_things.pth,CCMR+
VIPER,validation,,C+T,CCMR+_things.pth,IR_{3px},0.7934058602336922,models/_pretrained_weights/ccmr_weights/CCMR+_things.pth,CCMR+
VIPER,validation,,C+T,CCMR+_things.pth,IR_{5px},0.8237154137860477,models/_pretrained_weights/ccmr_weights/CCMR+_things.pth,CCMR+
VIPER,validation,,C+T,CCMR+_things.pth,fl-kitti,0.1908591678017947,models/_pretrained_weights/ccmr_weights/CCMR+_things.pth,CCMR+
VIPER,validation,,C+T,CCMR+_things.pth,MSE,160798.46875,models/_pretrained_weights/ccmr_weights/CCMR+_things.pth,CCMR+
VIPER,validation,,C+T,CCMR+_things.pth,WAUC,0.6924986643288935,models/_pretrained_weights/ccmr_weights/CCMR+_things.pth,CCMR+
VIPER,validation,,S,CCMR+_sintel.pth,EPE,39.56585693359375,models/_pretrained_weights/ccmr_weights/CCMR+_sintel.pth,CCMR+
VIPER,validation,,S,CCMR+_sintel.pth,IR_{1px},0.7098024481911601,models/_pretrained_weights/ccmr_weights/CCMR+_sintel.pth,CCMR+
VIPER,validation,,S,CCMR+_sintel.pth,IR_{3px},0.811718649478655,models/_pretrained_weights/ccmr_weights/CCMR+_sintel.pth,CCMR+
VIPER,validation,,S,CCMR+_sintel.pth,IR_{5px},0.8414380761403782,models/_pretrained_weights/ccmr_weights/CCMR+_sintel.pth,CCMR+
VIPER,validation,,S,CCMR+_sintel.pth,fl-kitti,0.1670131732312769,models/_pretrained_weights/ccmr_weights/CCMR+_sintel.pth,CCMR+
VIPER,validation,,S,CCMR+_sintel.pth,MSE,160880.890625,models/_pretrained_weights/ccmr_weights/CCMR+_sintel.pth,CCMR+
VIPER,validation,,S,CCMR+_sintel.pth,WAUC,0.707987251238668,models/_pretrained_weights/ccmr_weights/CCMR+_sintel.pth,CCMR+
VIPER,validation,,C+T,FlowNet2_checkpoint.pth.tar,EPE,54.0135612487793,models/_pretrained_weights/FlowNet/FlowNet2_checkpoint.pth.tar,FlowNet2
VIPER,validation,,C+T,FlowNet2_checkpoint.pth.tar,IR_{1px},0.5924160028500692,models/_pretrained_weights/FlowNet/FlowNet2_checkpoint.pth.tar,FlowNet2
VIPER,validation,,C+T,FlowNet2_checkpoint.pth.tar,IR_{3px},0.7079993439955137,models/_pretrained_weights/FlowNet/FlowNet2_checkpoint.pth.tar,FlowNet2
VIPER,validation,,C+T,FlowNet2_checkpoint.pth.tar,IR_{5px},0.7461903333494291,models/_pretrained_weights/FlowNet/FlowNet2_checkpoint.pth.tar,FlowNet2
VIPER,validation,,C+T,FlowNet2_checkpoint.pth.tar,fl-kitti,0.2828174695617291,models/_pretrained_weights/FlowNet/FlowNet2_checkpoint.pth.tar,FlowNet2
VIPER,validation,,C+T,FlowNet2_checkpoint.pth.tar,MSE,164603.578125,models/_pretrained_weights/FlowNet/FlowNet2_checkpoint.pth.tar,FlowNet2
VIPER,validation,,C+T,FlowNet2_checkpoint.pth.tar,WAUC,0.58844068443565,models/_pretrained_weights/FlowNet/FlowNet2_checkpoint.pth.tar,FlowNet2
VIPER,validation,,C+T,gmflow-scale2-things-36579974.pth,EPE,53.665863037109375,models/_pretrained_weights/unimatch_weights/gmflow-scale2-things-36579974.pth,GMFlow+ (s2)
VIPER,validation,,C+T,gmflow-scale2-things-36579974.pth,IR_{1px},0.4681856578142147,models/_pretrained_weights/unimatch_weights/gmflow-scale2-things-36579974.pth,GMFlow+ (s2)
VIPER,validation,,C+T,gmflow-scale2-things-36579974.pth,IR_{3px},0.67793613206438,models/_pretrained_weights/unimatch_weights/gmflow-scale2-things-36579974.pth,GMFlow+ (s2)
VIPER,validation,,C+T,gmflow-scale2-things-36579974.pth,IR_{5px},0.7390688591972158,models/_pretrained_weights/unimatch_weights/gmflow-scale2-things-36579974.pth,GMFlow+ (s2)
VIPER,validation,,C+T,gmflow-scale2-things-36579974.pth,fl-kitti,0.3118932850285214,models/_pretrained_weights/unimatch_weights/gmflow-scale2-things-36579974.pth,GMFlow+ (s2)
VIPER,validation,,C+T,gmflow-scale2-things-36579974.pth,MSE,165680.109375,models/_pretrained_weights/unimatch_weights/gmflow-scale2-things-36579974.pth,GMFlow+ (s2)
VIPER,validation,,C+T,gmflow-scale2-things-36579974.pth,WAUC,0.496322022525476,models/_pretrained_weights/unimatch_weights/gmflow-scale2-things-36579974.pth,GMFlow+ (s2)
VIPER,validation,,mixed,gmflow-scale2-mixdata-train320x576-9ff1c094.pth,EPE,33.409217834472656,models/_pretrained_weights/unimatch_weights/gmflow-scale2-mixdata-train320x576-9ff1c094.pth,GMFlow+ (s2)
VIPER,validation,,mixed,gmflow-scale2-mixdata-train320x576-9ff1c094.pth,IR_{1px},0.5875255176115115,models/_pretrained_weights/unimatch_weights/gmflow-scale2-mixdata-train320x576-9ff1c094.pth,GMFlow+ (s2)
VIPER,validation,,mixed,gmflow-scale2-mixdata-train320x576-9ff1c094.pth,IR_{3px},0.7918369599727562,models/_pretrained_weights/unimatch_weights/gmflow-scale2-mixdata-train320x576-9ff1c094.pth,GMFlow+ (s2)
VIPER,validation,,mixed,gmflow-scale2-mixdata-train320x576-9ff1c094.pth,IR_{5px},0.8504246404636293,models/_pretrained_weights/unimatch_weights/gmflow-scale2-mixdata-train320x576-9ff1c094.pth,GMFlow+ (s2)
VIPER,validation,,mixed,gmflow-scale2-mixdata-train320x576-9ff1c094.pth,fl-kitti,0.1719235473212427,models/_pretrained_weights/unimatch_weights/gmflow-scale2-mixdata-train320x576-9ff1c094.pth,GMFlow+ (s2)
VIPER,validation,,mixed,gmflow-scale2-mixdata-train320x576-9ff1c094.pth,MSE,153114.84375,models/_pretrained_weights/unimatch_weights/gmflow-scale2-mixdata-train320x576-9ff1c094.pth,GMFlow+ (s2)
VIPER,validation,,mixed,gmflow-scale2-mixdata-train320x576-9ff1c094.pth,WAUC,0.6062521602423915,models/_pretrained_weights/unimatch_weights/gmflow-scale2-mixdata-train320x576-9ff1c094.pth,GMFlow+ (s2)
VIPER,validation,,S,gmflow-scale2-sintel-3ed1cf48.pth,EPE,51.33422088623047,models/_pretrained_weights/unimatch_weights/gmflow-scale2-sintel-3ed1cf48.pth,GMFlow+ (s2)
VIPER,validation,,S,gmflow-scale2-sintel-3ed1cf48.pth,IR_{1px},0.5215839785298939,models/_pretrained_weights/unimatch_weights/gmflow-scale2-sintel-3ed1cf48.pth,GMFlow+ (s2)
VIPER,validation,,S,gmflow-scale2-sintel-3ed1cf48.pth,IR_{3px},0.7002552442597934,models/_pretrained_weights/unimatch_weights/gmflow-scale2-sintel-3ed1cf48.pth,GMFlow+ (s2)
VIPER,validation,,S,gmflow-scale2-sintel-3ed1cf48.pth,IR_{5px},0.7446562809597546,models/_pretrained_weights/unimatch_weights/gmflow-scale2-sintel-3ed1cf48.pth,GMFlow+ (s2)
VIPER,validation,,S,gmflow-scale2-sintel-3ed1cf48.pth,fl-kitti,0.2762837512484629,models/_pretrained_weights/unimatch_weights/gmflow-scale2-sintel-3ed1cf48.pth,GMFlow+ (s2)
VIPER,validation,,S,gmflow-scale2-sintel-3ed1cf48.pth,MSE,161284.90625,models/_pretrained_weights/unimatch_weights/gmflow-scale2-sintel-3ed1cf48.pth,GMFlow+ (s2)
VIPER,validation,,S,gmflow-scale2-sintel-3ed1cf48.pth,WAUC,0.5300600155941749,models/_pretrained_weights/unimatch_weights/gmflow-scale2-sintel-3ed1cf48.pth,GMFlow+ (s2)
VIPER,validation,,S,pwc_net.pth.tar,EPE,51.883750915527344,models/_pretrained_weights/pwc_net.pth.tar,PWCNet
VIPER,validation,,S,pwc_net.pth.tar,IR_{1px},0.1690026086188359,models/_pretrained_weights/pwc_net.pth.tar,PWCNet
VIPER,validation,,S,pwc_net.pth.tar,IR_{3px},0.7068321693696188,models/_pretrained_weights/pwc_net.pth.tar,PWCNet
VIPER,validation,,S,pwc_net.pth.tar,IR_{5px},0.7909897874108534,models/_pretrained_weights/pwc_net.pth.tar,PWCNet
VIPER,validation,,S,pwc_net.pth.tar,fl-kitti,0.2619574555928939,models/_pretrained_weights/pwc_net.pth.tar,PWCNet
VIPER,validation,,S,pwc_net.pth.tar,MSE,166313.3125,models/_pretrained_weights/pwc_net.pth.tar,PWCNet
VIPER,validation,,S,pwc_net.pth.tar,WAUC,0.3593475868673789,models/_pretrained_weights/pwc_net.pth.tar,PWCNet
VIPER,validation,,C+T,pwc_net_chairs.pth.tar,EPE,54.45757293701172,models/_pretrained_weights/pwc_net_chairs.pth.tar,PWCNet
VIPER,validation,,C+T,pwc_net_chairs.pth.tar,IR_{1px},0.1813836361817448,models/_pretrained_weights/pwc_net_chairs.pth.tar,PWCNet
VIPER,validation,,C+T,pwc_net_chairs.pth.tar,IR_{3px},0.6421695111767,models/_pretrained_weights/pwc_net_chairs.pth.tar,PWCNet
VIPER,validation,,C+T,pwc_net_chairs.pth.tar,IR_{5px},0.7358323746403765,models/_pretrained_weights/pwc_net_chairs.pth.tar,PWCNet
VIPER,validation,,C+T,pwc_net_chairs.pth.tar,fl-kitti,0.3404655301167341,models/_pretrained_weights/pwc_net_chairs.pth.tar,PWCNet
VIPER,validation,,C+T,pwc_net_chairs.pth.tar,MSE,165695.8125,models/_pretrained_weights/pwc_net_chairs.pth.tar,PWCNet
VIPER,validation,,C+T,pwc_net_chairs.pth.tar,WAUC,0.340929410012352,models/_pretrained_weights/pwc_net_chairs.pth.tar,PWCNet
VIPER,validation,,C+T,_things_phase1_100000.pth,EPE,47.6353645324707,models/_pretrained_weights/ms_raft_plus/_things_phase1_100000.pth,MS-RAFT+
VIPER,validation,,C+T,_things_phase1_100000.pth,IR_{1px},0.6939419534761117,models/_pretrained_weights/ms_raft_plus/_things_phase1_100000.pth,MS-RAFT+
VIPER,validation,,C+T,_things_phase1_100000.pth,IR_{3px},0.7832952024423919,models/_pretrained_weights/ms_raft_plus/_things_phase1_100000.pth,MS-RAFT+
VIPER,validation,,C+T,_things_phase1_100000.pth,IR_{5px},0.8105580032063024,models/_pretrained_weights/ms_raft_plus/_things_phase1_100000.pth,MS-RAFT+
VIPER,validation,,C+T,_things_phase1_100000.pth,fl-kitti,0.2028061559824484,models/_pretrained_weights/ms_raft_plus/_things_phase1_100000.pth,MS-RAFT+
VIPER,validation,,C+T,_things_phase1_100000.pth,MSE,164216.25,models/_pretrained_weights/ms_raft_plus/_things_phase1_100000.pth,MS-RAFT+
VIPER,validation,,C+T,_things_phase1_100000.pth,WAUC,0.688331359278517,models/_pretrained_weights/ms_raft_plus/_things_phase1_100000.pth,MS-RAFT+
VIPER,validation,,mixed,mixed.pth,EPE,25.8081169128418,models/_pretrained_weights/ms_raft_plus/mixed.pth,MS-RAFT+
VIPER,validation,,mixed,mixed.pth,IR_{1px},0.8317176199102391,models/_pretrained_weights/ms_raft_plus/mixed.pth,MS-RAFT+
VIPER,validation,,mixed,mixed.pth,IR_{3px},0.919088160413194,models/_pretrained_weights/ms_raft_plus/mixed.pth,MS-RAFT+
VIPER,validation,,mixed,mixed.pth,IR_{5px},0.9388241665545528,models/_pretrained_weights/ms_raft_plus/mixed.pth,MS-RAFT+
VIPER,validation,,mixed,mixed.pth,fl-kitti,0.0523477379548826,models/_pretrained_weights/ms_raft_plus/mixed.pth,MS-RAFT+
VIPER,validation,,mixed,mixed.pth,MSE,149331.390625,models/_pretrained_weights/ms_raft_plus/mixed.pth,MS-RAFT+
VIPER,validation,,mixed,mixed.pth,WAUC,0.8178089031902687,models/_pretrained_weights/ms_raft_plus/mixed.pth,MS-RAFT+
VIPER,validation,,C+T,FlowNet2-C_checkpoint.pth.tar,EPE,56.07674407958984,models/_pretrained_weights/FlowNet/FlowNet2-C_checkpoint.pth.tar,FlowNet2C
VIPER,validation,,C+T,FlowNet2-C_checkpoint.pth.tar,IR_{1px},0.3719809571361291,models/_pretrained_weights/FlowNet/FlowNet2-C_checkpoint.pth.tar,FlowNet2C
VIPER,validation,,C+T,FlowNet2-C_checkpoint.pth.tar,IR_{3px},0.6043178540111288,models/_pretrained_weights/FlowNet/FlowNet2-C_checkpoint.pth.tar,FlowNet2C
VIPER,validation,,C+T,FlowNet2-C_checkpoint.pth.tar,IR_{5px},0.6795365221849972,models/_pretrained_weights/FlowNet/FlowNet2-C_checkpoint.pth.tar,FlowNet2C
VIPER,validation,,C+T,FlowNet2-C_checkpoint.pth.tar,fl-kitti,0.3855424622924723,models/_pretrained_weights/FlowNet/FlowNet2-C_checkpoint.pth.tar,FlowNet2C
VIPER,validation,,C+T,FlowNet2-C_checkpoint.pth.tar,MSE,165725.203125,models/_pretrained_weights/FlowNet/FlowNet2-C_checkpoint.pth.tar,FlowNet2C
VIPER,validation,,C+T,FlowNet2-C_checkpoint.pth.tar,WAUC,0.4143401894432358,models/_pretrained_weights/FlowNet/FlowNet2-C_checkpoint.pth.tar,FlowNet2C
VIPER,validation,,C+T,raft-things.pth,EPE,50.03411865234375,models/_pretrained_weights/raft-things.pth,RAFT
VIPER,validation,,C+T,raft-things.pth,IR_{1px},0.6505547827254268,models/_pretrained_weights/raft-things.pth,RAFT
VIPER,validation,,C+T,raft-things.pth,IR_{3px},0.7621737695649317,models/_pretrained_weights/raft-things.pth,RAFT
VIPER,validation,,C+T,raft-things.pth,IR_{5px},0.7941503814364039,models/_pretrained_weights/raft-things.pth,RAFT
VIPER,validation,,C+T,raft-things.pth,fl-kitti,0.2256179823780858,models/_pretrained_weights/raft-things.pth,RAFT
VIPER,validation,,C+T,raft-things.pth,MSE,164773.390625,models/_pretrained_weights/raft-things.pth,RAFT
VIPER,validation,,C+T,raft-things.pth,WAUC,0.6421871755000379,models/_pretrained_weights/raft-things.pth,RAFT
VIPER,validation,,S,raft-sintel.pth,EPE,45.52259063720703,models/_pretrained_weights/raft-sintel.pth,RAFT
VIPER,validation,,S,raft-sintel.pth,IR_{1px},0.6710682078410366,models/_pretrained_weights/raft-sintel.pth,RAFT
VIPER,validation,,S,raft-sintel.pth,IR_{3px},0.7780053473641662,models/_pretrained_weights/raft-sintel.pth,RAFT
VIPER,validation,,S,raft-sintel.pth,IR_{5px},0.8089678319433439,models/_pretrained_weights/raft-sintel.pth,RAFT
VIPER,validation,,S,raft-sintel.pth,fl-kitti,0.1993417743762022,models/_pretrained_weights/raft-sintel.pth,RAFT
VIPER,validation,,S,raft-sintel.pth,MSE,162450.265625,models/_pretrained_weights/raft-sintel.pth,RAFT
VIPER,validation,,S,raft-sintel.pth,WAUC,0.6643632558023277,models/_pretrained_weights/raft-sintel.pth,RAFT
VIPER,validation,,K,raft-kitti.pth,EPE,48.679500579833984,models/_pretrained_weights/raft-kitti.pth,RAFT
VIPER,validation,,K,raft-kitti.pth,IR_{1px},0.5997226685073214,models/_pretrained_weights/raft-kitti.pth,RAFT
VIPER,validation,,K,raft-kitti.pth,IR_{3px},0.7169503417107507,models/_pretrained_weights/raft-kitti.pth,RAFT
VIPER,validation,,K,raft-kitti.pth,IR_{5px},0.755260436310477,models/_pretrained_weights/raft-kitti.pth,RAFT
VIPER,validation,,K,raft-kitti.pth,fl-kitti,0.2538739774024059,models/_pretrained_weights/raft-kitti.pth,RAFT
VIPER,validation,,K,raft-kitti.pth,MSE,159138.28125,models/_pretrained_weights/raft-kitti.pth,RAFT
VIPER,validation,,K,raft-kitti.pth,WAUC,0.5933002685467859,models/_pretrained_weights/raft-kitti.pth,RAFT
VIPER,validation,,C,raft-chairs.pth,EPE,58.07625198364258,models/_pretrained_weights/raft-chairs.pth,RAFT
VIPER,validation,,C,raft-chairs.pth,IR_{1px},0.4434244067788607,models/_pretrained_weights/raft-chairs.pth,RAFT
VIPER,validation,,C,raft-chairs.pth,IR_{3px},0.6491714280479708,models/_pretrained_weights/raft-chairs.pth,RAFT
VIPER,validation,,C,raft-chairs.pth,IR_{5px},0.7071713627699932,models/_pretrained_weights/raft-chairs.pth,RAFT
VIPER,validation,,C,raft-chairs.pth,fl-kitti,0.3377808387141837,models/_pretrained_weights/raft-chairs.pth,RAFT
VIPER,validation,,C,raft-chairs.pth,MSE,165949.734375,models/_pretrained_weights/raft-chairs.pth,RAFT
VIPER,validation,,C,raft-chairs.pth,WAUC,0.4860525948824324,models/_pretrained_weights/raft-chairs.pth,RAFT
VIPER,validation,,C,gma-chairs.pth,EPE,61.377044677734375,models/_pretrained_weights/gma-chairs.pth,GMA
VIPER,validation,,C,gma-chairs.pth,IR_{1px},0.4612955174562052,models/_pretrained_weights/gma-chairs.pth,GMA
VIPER,validation,,C,gma-chairs.pth,IR_{3px},0.6521845679200492,models/_pretrained_weights/gma-chairs.pth,GMA
VIPER,validation,,C,gma-chairs.pth,IR_{5px},0.7113792758243537,models/_pretrained_weights/gma-chairs.pth,GMA
VIPER,validation,,C,gma-chairs.pth,fl-kitti,0.3399590015913508,models/_pretrained_weights/gma-chairs.pth,GMA
VIPER,validation,,C,gma-chairs.pth,MSE,167796.078125,models/_pretrained_weights/gma-chairs.pth,GMA
VIPER,validation,,C,gma-chairs.pth,WAUC,0.4972398695763516,models/_pretrained_weights/gma-chairs.pth,GMA
VIPER,validation,,C+T,gma-things.pth,EPE,54.27559661865234,models/_pretrained_weights/gma-things.pth,GMA
VIPER,validation,,C+T,gma-things.pth,IR_{1px},0.6259923491586964,models/_pretrained_weights/gma-things.pth,GMA
VIPER,validation,,C+T,gma-things.pth,IR_{3px},0.7472132767934078,models/_pretrained_weights/gma-things.pth,GMA
VIPER,validation,,C+T,gma-things.pth,IR_{5px},0.782938630903251,models/_pretrained_weights/gma-things.pth,GMA
VIPER,validation,,C+T,gma-things.pth,fl-kitti,0.2421018158857676,models/_pretrained_weights/gma-things.pth,GMA
VIPER,validation,,C+T,gma-things.pth,MSE,166756.0625,models/_pretrained_weights/gma-things.pth,GMA
VIPER,validation,,C+T,gma-things.pth,WAUC,0.6204965630289941,models/_pretrained_weights/gma-things.pth,GMA
VIPER,validation,,K,gma-kitti.pth,EPE,59.11026382446289,models/_pretrained_weights/gma-kitti.pth,GMA
VIPER,validation,,K,gma-kitti.pth,IR_{1px},0.5774269827882235,models/_pretrained_weights/gma-kitti.pth,GMA
VIPER,validation,,K,gma-kitti.pth,IR_{3px},0.6875942068853376,models/_pretrained_weights/gma-kitti.pth,GMA
VIPER,validation,,K,gma-kitti.pth,IR_{5px},0.7246311625667484,models/_pretrained_weights/gma-kitti.pth,GMA
VIPER,validation,,K,gma-kitti.pth,fl-kitti,0.2992459254805546,models/_pretrained_weights/gma-kitti.pth,GMA
VIPER,validation,,K,gma-kitti.pth,MSE,166856.84375,models/_pretrained_weights/gma-kitti.pth,GMA
VIPER,validation,,K,gma-kitti.pth,WAUC,0.5706836556695452,models/_pretrained_weights/gma-kitti.pth,GMA
VIPER,validation,,S,gma-sintel.pth,EPE,48.48917388916016,models/_pretrained_weights/gma-sintel.pth,GMA
VIPER,validation,,S,gma-sintel.pth,IR_{1px},0.6674281127873277,models/_pretrained_weights/gma-sintel.pth,GMA
VIPER,validation,,S,gma-sintel.pth,IR_{3px},0.777979020846124,models/_pretrained_weights/gma-sintel.pth,GMA
VIPER,validation,,S,gma-sintel.pth,IR_{5px},0.8108752506200729,models/_pretrained_weights/gma-sintel.pth,GMA
VIPER,validation,,S,gma-sintel.pth,fl-kitti,0.2066168632635845,models/_pretrained_weights/gma-sintel.pth,GMA
VIPER,validation,,S,gma-sintel.pth,MSE,165021.65625,models/_pretrained_weights/gma-sintel.pth,GMA
VIPER,validation,,S,gma-sintel.pth,WAUC,0.6611177457534498,models/_pretrained_weights/gma-sintel.pth,GMA
VIPER,validation,,tartan,Tartan480x640-S.pth,EPE,52.28527069091797,models/_pretrained_weights/SEA-RAFT-models/Tartan480x640-S.pth,SEA-RAFT (S)
VIPER,validation,,tartan,Tartan480x640-S.pth,IR_{1px},0.6685111535418116,models/_pretrained_weights/SEA-RAFT-models/Tartan480x640-S.pth,SEA-RAFT (S)
VIPER,validation,,tartan,Tartan480x640-S.pth,IR_{3px},0.7504155762492017,models/_pretrained_weights/SEA-RAFT-models/Tartan480x640-S.pth,SEA-RAFT (S)
VIPER,validation,,tartan,Tartan480x640-S.pth,IR_{5px},0.7770257371804741,models/_pretrained_weights/SEA-RAFT-models/Tartan480x640-S.pth,SEA-RAFT (S)
VIPER,validation,,tartan,Tartan480x640-S.pth,fl-kitti,0.2297285709820033,models/_pretrained_weights/SEA-RAFT-models/Tartan480x640-S.pth,SEA-RAFT (S)
VIPER,validation,,tartan,Tartan480x640-S.pth,MSE,165166.21875,models/_pretrained_weights/SEA-RAFT-models/Tartan480x640-S.pth,SEA-RAFT (S)
VIPER,validation,,tartan,Tartan480x640-S.pth,WAUC,0.6581356350163217,models/_pretrained_weights/SEA-RAFT-models/Tartan480x640-S.pth,SEA-RAFT (S)
VIPER,validation,,K,Tartan-C-T-TSKH-kitti432x960-S.pth,EPE,50.98081207275391,models/_pretrained_weights/SEA-RAFT-models/Tartan-C-T-TSKH-kitti432x960-S.pth,SEA-RAFT (S)
VIPER,validation,,K,Tartan-C-T-TSKH-kitti432x960-S.pth,IR_{1px},0.651157670042129,models/_pretrained_weights/SEA-RAFT-models/Tartan-C-T-TSKH-kitti432x960-S.pth,SEA-RAFT (S)
VIPER,validation,,K,Tartan-C-T-TSKH-kitti432x960-S.pth,IR_{3px},0.7527750221109072,models/_pretrained_weights/SEA-RAFT-models/Tartan-C-T-TSKH-kitti432x960-S.pth,SEA-RAFT (S)
VIPER,validation,,K,Tartan-C-T-TSKH-kitti432x960-S.pth,IR_{5px},0.7846086352079104,models/_pretrained_weights/SEA-RAFT-models/Tartan-C-T-TSKH-kitti432x960-S.pth,SEA-RAFT (S)
VIPER,validation,,K,Tartan-C-T-TSKH-kitti432x960-S.pth,fl-kitti,0.2229368609036161,models/_pretrained_weights/SEA-RAFT-models/Tartan-C-T-TSKH-kitti432x960-S.pth,SEA-RAFT (S)
VIPER,validation,,K,Tartan-C-T-TSKH-kitti432x960-S.pth,MSE,162042.0625,models/_pretrained_weights/SEA-RAFT-models/Tartan-C-T-TSKH-kitti432x960-S.pth,SEA-RAFT (S)
VIPER,validation,,K,Tartan-C-T-TSKH-kitti432x960-S.pth,WAUC,0.6421496828666899,models/_pretrained_weights/SEA-RAFT-models/Tartan-C-T-TSKH-kitti432x960-S.pth,SEA-RAFT (S)
VIPER,validation,,S,Tartan-C-T-TSKH432x960-S.pth,EPE,46.3345947265625,models/_pretrained_weights/SEA-RAFT-models/Tartan-C-T-TSKH432x960-S.pth,SEA-RAFT (S)
VIPER,validation,,S,Tartan-C-T-TSKH432x960-S.pth,IR_{1px},0.6738035846082937,models/_pretrained_weights/SEA-RAFT-models/Tartan-C-T-TSKH432x960-S.pth,SEA-RAFT (S)
VIPER,validation,,S,Tartan-C-T-TSKH432x960-S.pth,IR_{3px},0.7874658856843723,models/_pretrained_weights/SEA-RAFT-models/Tartan-C-T-TSKH432x960-S.pth,SEA-RAFT (S)
VIPER,validation,,S,Tartan-C-T-TSKH432x960-S.pth,IR_{5px},0.8193879763726406,models/_pretrained_weights/SEA-RAFT-models/Tartan-C-T-TSKH432x960-S.pth,SEA-RAFT (S)
VIPER,validation,,S,Tartan-C-T-TSKH432x960-S.pth,fl-kitti,0.1934777506455108,models/_pretrained_weights/SEA-RAFT-models/Tartan-C-T-TSKH432x960-S.pth,SEA-RAFT (S)
VIPER,validation,,S,Tartan-C-T-TSKH432x960-S.pth,MSE,163423.46875,models/_pretrained_weights/SEA-RAFT-models/Tartan-C-T-TSKH432x960-S.pth,SEA-RAFT (S)
VIPER,validation,,S,Tartan-C-T-TSKH432x960-S.pth,WAUC,0.6681753457371958,models/_pretrained_weights/SEA-RAFT-models/Tartan-C-T-TSKH432x960-S.pth,SEA-RAFT (S)
VIPER,validation,,C+T,Tartan-C-T432x960-S.pth,EPE,51.9098014831543,models/_pretrained_weights/SEA-RAFT-models/Tartan-C-T432x960-S.pth,SEA-RAFT (S)
VIPER,validation,,C+T,Tartan-C-T432x960-S.pth,IR_{1px},0.6297142565443132,models/_pretrained_weights/SEA-RAFT-models/Tartan-C-T432x960-S.pth,SEA-RAFT (S)
VIPER,validation,,C+T,Tartan-C-T432x960-S.pth,IR_{3px},0.7624815143941964,models/_pretrained_weights/SEA-RAFT-models/Tartan-C-T432x960-S.pth,SEA-RAFT (S)
VIPER,validation,,C+T,Tartan-C-T432x960-S.pth,IR_{5px},0.7990261818734159,models/_pretrained_weights/SEA-RAFT-models/Tartan-C-T432x960-S.pth,SEA-RAFT (S)
VIPER,validation,,C+T,Tartan-C-T432x960-S.pth,fl-kitti,0.2229682962448246,models/_pretrained_weights/SEA-RAFT-models/Tartan-C-T432x960-S.pth,SEA-RAFT (S)
VIPER,validation,,C+T,Tartan-C-T432x960-S.pth,MSE,166973.453125,models/_pretrained_weights/SEA-RAFT-models/Tartan-C-T432x960-S.pth,SEA-RAFT (S)
VIPER,validation,,C+T,Tartan-C-T432x960-S.pth,WAUC,0.6282687352966776,models/_pretrained_weights/SEA-RAFT-models/Tartan-C-T432x960-S.pth,SEA-RAFT (S)
VIPER,validation,,C,Tartan-C368x496-S.pth,EPE,56.94961166381836,models/_pretrained_weights/SEA-RAFT-models/Tartan-C368x496-S.pth,SEA-RAFT (S)
VIPER,validation,,C,Tartan-C368x496-S.pth,IR_{1px},0.4804118106316764,models/_pretrained_weights/SEA-RAFT-models/Tartan-C368x496-S.pth,SEA-RAFT (S)
VIPER,validation,,C,Tartan-C368x496-S.pth,IR_{3px},0.6594862293344044,models/_pretrained_weights/SEA-RAFT-models/Tartan-C368x496-S.pth,SEA-RAFT (S)
VIPER,validation,,C,Tartan-C368x496-S.pth,IR_{5px},0.7129548699165715,models/_pretrained_weights/SEA-RAFT-models/Tartan-C368x496-S.pth,SEA-RAFT (S)
VIPER,validation,,C,Tartan-C368x496-S.pth,fl-kitti,0.3268044400888569,models/_pretrained_weights/SEA-RAFT-models/Tartan-C368x496-S.pth,SEA-RAFT (S)
VIPER,validation,,C,Tartan-C368x496-S.pth,MSE,166387.65625,models/_pretrained_weights/SEA-RAFT-models/Tartan-C368x496-S.pth,SEA-RAFT (S)
VIPER,validation,,C,Tartan-C368x496-S.pth,WAUC,0.5097954611437844,models/_pretrained_weights/SEA-RAFT-models/Tartan-C368x496-S.pth,SEA-RAFT (S)
VIPER,validation,,mixed,Tartan-C-T-TSKH-spring540x960-S.pth,EPE,58.62607955932617,models/_pretrained_weights/SEA-RAFT-models/Tartan-C-T-TSKH-spring540x960-S.pth,SEA-RAFT (S)
VIPER,validation,,mixed,Tartan-C-T-TSKH-spring540x960-S.pth,IR_{1px},0.6393383359289553,models/_pretrained_weights/SEA-RAFT-models/Tartan-C-T-TSKH-spring540x960-S.pth,SEA-RAFT (S)
VIPER,validation,,mixed,Tartan-C-T-TSKH-spring540x960-S.pth,IR_{3px},0.7528296050820581,models/_pretrained_weights/SEA-RAFT-models/Tartan-C-T-TSKH-spring540x960-S.pth,SEA-RAFT (S)
VIPER,validation,,mixed,Tartan-C-T-TSKH-spring540x960-S.pth,IR_{5px},0.7847555604349074,models/_pretrained_weights/SEA-RAFT-models/Tartan-C-T-TSKH-spring540x960-S.pth,SEA-RAFT (S)
VIPER,validation,,mixed,Tartan-C-T-TSKH-spring540x960-S.pth,fl-kitti,0.2380892032305727,models/_pretrained_weights/SEA-RAFT-models/Tartan-C-T-TSKH-spring540x960-S.pth,SEA-RAFT (S)
VIPER,validation,,mixed,Tartan-C-T-TSKH-spring540x960-S.pth,MSE,168225.71875,models/_pretrained_weights/SEA-RAFT-models/Tartan-C-T-TSKH-spring540x960-S.pth,SEA-RAFT (S)
VIPER,validation,,mixed,Tartan-C-T-TSKH-spring540x960-S.pth,WAUC,0.6338801355786492,models/_pretrained_weights/SEA-RAFT-models/Tartan-C-T-TSKH-spring540x960-S.pth,SEA-RAFT (S)
VIPER,validation,,C+T,FlowNet2-S_checkpoint.pth.tar,EPE,59.11127471923828,models/_pretrained_weights/FlowNet/FlowNet2-S_checkpoint.pth.tar,FlowNet2S
VIPER,validation,,C+T,FlowNet2-S_checkpoint.pth.tar,IR_{1px},0.347424991578576,models/_pretrained_weights/FlowNet/FlowNet2-S_checkpoint.pth.tar,FlowNet2S
VIPER,validation,,C+T,FlowNet2-S_checkpoint.pth.tar,IR_{3px},0.570328715210933,models/_pretrained_weights/FlowNet/FlowNet2-S_checkpoint.pth.tar,FlowNet2S
VIPER,validation,,C+T,FlowNet2-S_checkpoint.pth.tar,IR_{5px},0.6451341539493304,models/_pretrained_weights/FlowNet/FlowNet2-S_checkpoint.pth.tar,FlowNet2S
VIPER,validation,,C+T,FlowNet2-S_checkpoint.pth.tar,fl-kitti,0.4246288310937504,models/_pretrained_weights/FlowNet/FlowNet2-S_checkpoint.pth.tar,FlowNet2S
VIPER,validation,,C+T,FlowNet2-S_checkpoint.pth.tar,MSE,166437.390625,models/_pretrained_weights/FlowNet/FlowNet2-S_checkpoint.pth.tar,FlowNet2S
VIPER,validation,,C+T,FlowNet2-S_checkpoint.pth.tar,WAUC,0.3884194338766159,models/_pretrained_weights/FlowNet/FlowNet2-S_checkpoint.pth.tar,FlowNet2S
VIPER,validation,,C+T,skflow-things.pth,EPE,44.36481094360352,models/_pretrained_weights/skflow_weights/skflow-things.pth,SKFlow
VIPER,validation,,C+T,skflow-things.pth,IR_{1px},0.6601088995881301,models/_pretrained_weights/skflow_weights/skflow-things.pth,SKFlow
VIPER,validation,,C+T,skflow-things.pth,IR_{3px},0.7780206446878746,models/_pretrained_weights/skflow_weights/skflow-things.pth,SKFlow
VIPER,validation,,C+T,skflow-things.pth,IR_{5px},0.8127346620600178,models/_pretrained_weights/skflow_weights/skflow-things.pth,SKFlow
VIPER,validation,,C+T,skflow-things.pth,fl-kitti,0.2015613806065613,models/_pretrained_weights/skflow_weights/skflow-things.pth,SKFlow
VIPER,validation,,C+T,skflow-things.pth,MSE,162839.09375,models/_pretrained_weights/skflow_weights/skflow-things.pth,SKFlow
VIPER,validation,,C+T,skflow-things.pth,WAUC,0.6545637625884982,models/_pretrained_weights/skflow_weights/skflow-things.pth,SKFlow
VIPER,validation,,K,skflow-kitti.pth,EPE,42.5969123840332,models/_pretrained_weights/skflow_weights/skflow-kitti.pth,SKFlow
VIPER,validation,,K,skflow-kitti.pth,IR_{1px},0.6249937983235382,models/_pretrained_weights/skflow_weights/skflow-kitti.pth,SKFlow
VIPER,validation,,K,skflow-kitti.pth,IR_{3px},0.7465926368658923,models/_pretrained_weights/skflow_weights/skflow-kitti.pth,SKFlow
VIPER,validation,,K,skflow-kitti.pth,IR_{5px},0.788965454746876,models/_pretrained_weights/skflow_weights/skflow-kitti.pth,SKFlow
VIPER,validation,,K,skflow-kitti.pth,fl-kitti,0.2245653007382822,models/_pretrained_weights/skflow_weights/skflow-kitti.pth,SKFlow
VIPER,validation,,K,skflow-kitti.pth,MSE,161289.421875,models/_pretrained_weights/skflow_weights/skflow-kitti.pth,SKFlow
VIPER,validation,,K,skflow-kitti.pth,WAUC,0.6207448918771499,models/_pretrained_weights/skflow_weights/skflow-kitti.pth,SKFlow
VIPER,validation,,S,skflow-sintel.pth,EPE,41.2166862487793,models/_pretrained_weights/skflow_weights/skflow-sintel.pth,SKFlow
VIPER,validation,,S,skflow-sintel.pth,IR_{1px},0.6815398067864623,models/_pretrained_weights/skflow_weights/skflow-sintel.pth,SKFlow
VIPER,validation,,S,skflow-sintel.pth,IR_{3px},0.7859077304072363,models/_pretrained_weights/skflow_weights/skflow-sintel.pth,SKFlow
VIPER,validation,,S,skflow-sintel.pth,IR_{5px},0.820038695006331,models/_pretrained_weights/skflow_weights/skflow-sintel.pth,SKFlow
VIPER,validation,,S,skflow-sintel.pth,fl-kitti,0.1900540522274214,models/_pretrained_weights/skflow_weights/skflow-sintel.pth,SKFlow
VIPER,validation,,S,skflow-sintel.pth,MSE,160897.21875,models/_pretrained_weights/skflow_weights/skflow-sintel.pth,SKFlow
VIPER,validation,,S,skflow-sintel.pth,WAUC,0.6757179484463288,models/_pretrained_weights/skflow_weights/skflow-sintel.pth,SKFlow
VIPER,validation,,C,Tartan-C368x496-M.pth,EPE,56.20547866821289,models/_pretrained_weights/SEA-RAFT-models/Tartan-C368x496-M.pth,SEA-RAFT (M)
VIPER,validation,,C,Tartan-C368x496-M.pth,IR_{1px},0.4960789984956269,models/_pretrained_weights/SEA-RAFT-models/Tartan-C368x496-M.pth,SEA-RAFT (M)
VIPER,validation,,C,Tartan-C368x496-M.pth,IR_{3px},0.66928450769671,models/_pretrained_weights/SEA-RAFT-models/Tartan-C368x496-M.pth,SEA-RAFT (M)
VIPER,validation,,C,Tartan-C368x496-M.pth,IR_{5px},0.7152272855149635,models/_pretrained_weights/SEA-RAFT-models/Tartan-C368x496-M.pth,SEA-RAFT (M)
VIPER,validation,,C,Tartan-C368x496-M.pth,fl-kitti,0.3175925651279516,models/_pretrained_weights/SEA-RAFT-models/Tartan-C368x496-M.pth,SEA-RAFT (M)
VIPER,validation,,C,Tartan-C368x496-M.pth,MSE,166517.59375,models/_pretrained_weights/SEA-RAFT-models/Tartan-C368x496-M.pth,SEA-RAFT (M)
VIPER,validation,,C,Tartan-C368x496-M.pth,WAUC,0.5211395611456865,models/_pretrained_weights/SEA-RAFT-models/Tartan-C368x496-M.pth,SEA-RAFT (M)
VIPER,validation,,S,Tartan-C-T-TSKH432x960-M.pth,EPE,43.223594665527344,models/_pretrained_weights/SEA-RAFT-models/Tartan-C-T-TSKH432x960-M.pth,SEA-RAFT (M)
VIPER,validation,,S,Tartan-C-T-TSKH432x960-M.pth,IR_{1px},0.6885985904292397,models/_pretrained_weights/SEA-RAFT-models/Tartan-C-T-TSKH432x960-M.pth,SEA-RAFT (M)
VIPER,validation,,S,Tartan-C-T-TSKH432x960-M.pth,IR_{3px},0.805398606214179,models/_pretrained_weights/SEA-RAFT-models/Tartan-C-T-TSKH432x960-M.pth,SEA-RAFT (M)
VIPER,validation,,S,Tartan-C-T-TSKH432x960-M.pth,IR_{5px},0.8367401941238755,models/_pretrained_weights/SEA-RAFT-models/Tartan-C-T-TSKH432x960-M.pth,SEA-RAFT (M)
VIPER,validation,,S,Tartan-C-T-TSKH432x960-M.pth,fl-kitti,0.1752708850468959,models/_pretrained_weights/SEA-RAFT-models/Tartan-C-T-TSKH432x960-M.pth,SEA-RAFT (M)
VIPER,validation,,S,Tartan-C-T-TSKH432x960-M.pth,MSE,162809.09375,models/_pretrained_weights/SEA-RAFT-models/Tartan-C-T-TSKH432x960-M.pth,SEA-RAFT (M)
VIPER,validation,,S,Tartan-C-T-TSKH432x960-M.pth,WAUC,0.684171370077984,models/_pretrained_weights/SEA-RAFT-models/Tartan-C-T-TSKH432x960-M.pth,SEA-RAFT (M)
VIPER,validation,,mixed,Tartan-C-T-TSKH-spring540x960-M.pth,EPE,55.76552581787109,models/_pretrained_weights/SEA-RAFT-models/Tartan-C-T-TSKH-spring540x960-M.pth,SEA-RAFT (M)
VIPER,validation,,mixed,Tartan-C-T-TSKH-spring540x960-M.pth,IR_{1px},0.6564325344468642,models/_pretrained_weights/SEA-RAFT-models/Tartan-C-T-TSKH-spring540x960-M.pth,SEA-RAFT (M)
VIPER,validation,,mixed,Tartan-C-T-TSKH-spring540x960-M.pth,IR_{3px},0.7681743089048004,models/_pretrained_weights/SEA-RAFT-models/Tartan-C-T-TSKH-spring540x960-M.pth,SEA-RAFT (M)
VIPER,validation,,mixed,Tartan-C-T-TSKH-spring540x960-M.pth,IR_{5px},0.7991036025162521,models/_pretrained_weights/SEA-RAFT-models/Tartan-C-T-TSKH-spring540x960-M.pth,SEA-RAFT (M)
VIPER,validation,,mixed,Tartan-C-T-TSKH-spring540x960-M.pth,fl-kitti,0.2211052951718015,models/_pretrained_weights/SEA-RAFT-models/Tartan-C-T-TSKH-spring540x960-M.pth,SEA-RAFT (M)
VIPER,validation,,mixed,Tartan-C-T-TSKH-spring540x960-M.pth,MSE,167386.203125,models/_pretrained_weights/SEA-RAFT-models/Tartan-C-T-TSKH-spring540x960-M.pth,SEA-RAFT (M)
VIPER,validation,,mixed,Tartan-C-T-TSKH-spring540x960-M.pth,WAUC,0.653079592702898,models/_pretrained_weights/SEA-RAFT-models/Tartan-C-T-TSKH-spring540x960-M.pth,SEA-RAFT (M)
VIPER,validation,,tartan,Tartan480x640-M.pth,EPE,50.38708114624024,models/_pretrained_weights/SEA-RAFT-models/Tartan480x640-M.pth,SEA-RAFT (M)
VIPER,validation,,tartan,Tartan480x640-M.pth,IR_{1px},0.6782558171155615,models/_pretrained_weights/SEA-RAFT-models/Tartan480x640-M.pth,SEA-RAFT (M)
VIPER,validation,,tartan,Tartan480x640-M.pth,IR_{3px},0.7616207742125305,models/_pretrained_weights/SEA-RAFT-models/Tartan480x640-M.pth,SEA-RAFT (M)
VIPER,validation,,tartan,Tartan480x640-M.pth,IR_{5px},0.787568705051256,models/_pretrained_weights/SEA-RAFT-models/Tartan480x640-M.pth,SEA-RAFT (M)
VIPER,validation,,tartan,Tartan480x640-M.pth,fl-kitti,0.2180045129234446,models/_pretrained_weights/SEA-RAFT-models/Tartan480x640-M.pth,SEA-RAFT (M)
VIPER,validation,,tartan,Tartan480x640-M.pth,MSE,164599.234375,models/_pretrained_weights/SEA-RAFT-models/Tartan480x640-M.pth,SEA-RAFT (M)
VIPER,validation,,tartan,Tartan480x640-M.pth,WAUC,0.6690494178588638,models/_pretrained_weights/SEA-RAFT-models/Tartan480x640-M.pth,SEA-RAFT (M)
VIPER,validation,,C+T,Tartan-C-T432x960-M.pth,EPE,49.26714324951172,models/_pretrained_weights/SEA-RAFT-models/Tartan-C-T432x960-M.pth,SEA-RAFT (M)
VIPER,validation,,C+T,Tartan-C-T432x960-M.pth,IR_{1px},0.6456650245423223,models/_pretrained_weights/SEA-RAFT-models/Tartan-C-T432x960-M.pth,SEA-RAFT (M)
VIPER,validation,,C+T,Tartan-C-T432x960-M.pth,IR_{3px},0.7738322654884662,models/_pretrained_weights/SEA-RAFT-models/Tartan-C-T432x960-M.pth,SEA-RAFT (M)
VIPER,validation,,C+T,Tartan-C-T432x960-M.pth,IR_{5px},0.8092699825584396,models/_pretrained_weights/SEA-RAFT-models/Tartan-C-T432x960-M.pth,SEA-RAFT (M)
VIPER,validation,,C+T,Tartan-C-T432x960-M.pth,fl-kitti,0.2104645117318897,models/_pretrained_weights/SEA-RAFT-models/Tartan-C-T432x960-M.pth,SEA-RAFT (M)
VIPER,validation,,C+T,Tartan-C-T432x960-M.pth,MSE,165884.609375,models/_pretrained_weights/SEA-RAFT-models/Tartan-C-T432x960-M.pth,SEA-RAFT (M)
VIPER,validation,,C+T,Tartan-C-T432x960-M.pth,WAUC,0.6441391751755634,models/_pretrained_weights/SEA-RAFT-models/Tartan-C-T432x960-M.pth,SEA-RAFT (M)
VIPER,validation,,K,Tartan-C-T-TSKH-kitti432x960-M.pth,EPE,43.67005157470703,models/_pretrained_weights/SEA-RAFT-models/Tartan-C-T-TSKH-kitti432x960-M.pth,SEA-RAFT (M)
VIPER,validation,,K,Tartan-C-T-TSKH-kitti432x960-M.pth,IR_{1px},0.6827303135128839,models/_pretrained_weights/SEA-RAFT-models/Tartan-C-T-TSKH-kitti432x960-M.pth,SEA-RAFT (M)
VIPER,validation,,K,Tartan-C-T-TSKH-kitti432x960-M.pth,IR_{3px},0.7920088527153181,models/_pretrained_weights/SEA-RAFT-models/Tartan-C-T-TSKH-kitti432x960-M.pth,SEA-RAFT (M)
VIPER,validation,,K,Tartan-C-T-TSKH-kitti432x960-M.pth,IR_{5px},0.8235306768655571,models/_pretrained_weights/SEA-RAFT-models/Tartan-C-T-TSKH-kitti432x960-M.pth,SEA-RAFT (M)
VIPER,validation,,K,Tartan-C-T-TSKH-kitti432x960-M.pth,fl-kitti,0.1846499378203633,models/_pretrained_weights/SEA-RAFT-models/Tartan-C-T-TSKH-kitti432x960-M.pth,SEA-RAFT (M)
VIPER,validation,,K,Tartan-C-T-TSKH-kitti432x960-M.pth,MSE,161684.546875,models/_pretrained_weights/SEA-RAFT-models/Tartan-C-T-TSKH-kitti432x960-M.pth,SEA-RAFT (M)
VIPER,validation,,K,Tartan-C-T-TSKH-kitti432x960-M.pth,WAUC,0.6742784926836214,models/_pretrained_weights/SEA-RAFT-models/Tartan-C-T-TSKH-kitti432x960-M.pth,SEA-RAFT (M)
VIPER,validation,,mixed,MemFlowNet_spring.pth,EPE,39.36626434326172,models/_pretrained_weights/memflow_weights/MemFlowNet_spring.pth,MemFlow
VIPER,validation,,mixed,MemFlowNet_spring.pth,IR_{1px},0.6858373823504922,models/_pretrained_weights/memflow_weights/MemFlowNet_spring.pth,MemFlow
VIPER,validation,,mixed,MemFlowNet_spring.pth,IR_{3px},0.8074527293178172,models/_pretrained_weights/memflow_weights/MemFlowNet_spring.pth,MemFlow
VIPER,validation,,mixed,MemFlowNet_spring.pth,IR_{5px},0.8409448724663985,models/_pretrained_weights/memflow_weights/MemFlowNet_spring.pth,MemFlow
VIPER,validation,,mixed,MemFlowNet_spring.pth,fl-kitti,0.1679526088671763,models/_pretrained_weights/memflow_weights/MemFlowNet_spring.pth,MemFlow
VIPER,validation,,mixed,MemFlowNet_spring.pth,MSE,160937.8125,models/_pretrained_weights/memflow_weights/MemFlowNet_spring.pth,MemFlow
VIPER,validation,,mixed,MemFlowNet_spring.pth,WAUC,0.6849363116562173,models/_pretrained_weights/memflow_weights/MemFlowNet_spring.pth,MemFlow
VIPER,validation,,S,MemFlowNet_sintel.pth,EPE,38.10860061645508,models/_pretrained_weights/memflow_weights/MemFlowNet_sintel.pth,MemFlow
VIPER,validation,,S,MemFlowNet_sintel.pth,IR_{1px},0.7020683897750011,models/_pretrained_weights/memflow_weights/MemFlowNet_sintel.pth,MemFlow
VIPER,validation,,S,MemFlowNet_sintel.pth,IR_{3px},0.8147250008409195,models/_pretrained_weights/memflow_weights/MemFlowNet_sintel.pth,MemFlow
VIPER,validation,,S,MemFlowNet_sintel.pth,IR_{5px},0.8467859397670524,models/_pretrained_weights/memflow_weights/MemFlowNet_sintel.pth,MemFlow
VIPER,validation,,S,MemFlowNet_sintel.pth,fl-kitti,0.1592996433786057,models/_pretrained_weights/memflow_weights/MemFlowNet_sintel.pth,MemFlow
VIPER,validation,,S,MemFlowNet_sintel.pth,MSE,159617.703125,models/_pretrained_weights/memflow_weights/MemFlowNet_sintel.pth,MemFlow
VIPER,validation,,S,MemFlowNet_sintel.pth,WAUC,0.69844713815182,models/_pretrained_weights/memflow_weights/MemFlowNet_sintel.pth,MemFlow
VIPER,validation,,K,MemFlowNet_kitti.pth,EPE,39.09264755249024,models/_pretrained_weights/memflow_weights/MemFlowNet_kitti.pth,MemFlow
VIPER,validation,,K,MemFlowNet_kitti.pth,IR_{1px},0.6618733100200909,models/_pretrained_weights/memflow_weights/MemFlowNet_kitti.pth,MemFlow
VIPER,validation,,K,MemFlowNet_kitti.pth,IR_{3px},0.7802402261914455,models/_pretrained_weights/memflow_weights/MemFlowNet_kitti.pth,MemFlow
VIPER,validation,,K,MemFlowNet_kitti.pth,IR_{5px},0.8181381578023667,models/_pretrained_weights/memflow_weights/MemFlowNet_kitti.pth,MemFlow
VIPER,validation,,K,MemFlowNet_kitti.pth,fl-kitti,0.1890740493367623,models/_pretrained_weights/memflow_weights/MemFlowNet_kitti.pth,MemFlow
VIPER,validation,,K,MemFlowNet_kitti.pth,MSE,157596.359375,models/_pretrained_weights/memflow_weights/MemFlowNet_kitti.pth,MemFlow
VIPER,validation,,K,MemFlowNet_kitti.pth,WAUC,0.6554868161814977,models/_pretrained_weights/memflow_weights/MemFlowNet_kitti.pth,MemFlow
VIPER,validation,,C+T,MemFlowNet_things.pth,EPE,43.53629684448242,models/_pretrained_weights/memflow_weights/MemFlowNet_things.pth,MemFlow
VIPER,validation,,C+T,MemFlowNet_things.pth,IR_{1px},0.6417579704395496,models/_pretrained_weights/memflow_weights/MemFlowNet_things.pth,MemFlow
VIPER,validation,,C+T,MemFlowNet_things.pth,IR_{3px},0.7707512896664082,models/_pretrained_weights/memflow_weights/MemFlowNet_things.pth,MemFlow
VIPER,validation,,C+T,MemFlowNet_things.pth,IR_{5px},0.8112301467621355,models/_pretrained_weights/memflow_weights/MemFlowNet_things.pth,MemFlow
VIPER,validation,,C+T,MemFlowNet_things.pth,fl-kitti,0.2083324109006556,models/_pretrained_weights/memflow_weights/MemFlowNet_things.pth,MemFlow
VIPER,validation,,C+T,MemFlowNet_things.pth,MSE,162389.65625,models/_pretrained_weights/memflow_weights/MemFlowNet_things.pth,MemFlow
VIPER,validation,,C+T,MemFlowNet_things.pth,WAUC,0.6402451087527933,models/_pretrained_weights/memflow_weights/MemFlowNet_things.pth,MemFlow
VIPER,validation,,C+T,gmflow-scale2-regrefine6-things-776ed612.pth,EPE,50.23915481567383,models/_pretrained_weights/unimatch_weights/gmflow-scale2-regrefine6-things-776ed612.pth,GMFlow+
VIPER,validation,,C+T,gmflow-scale2-regrefine6-things-776ed612.pth,IR_{1px},0.5657171860038024,models/_pretrained_weights/unimatch_weights/gmflow-scale2-regrefine6-things-776ed612.pth,GMFlow+
VIPER,validation,,C+T,gmflow-scale2-regrefine6-things-776ed612.pth,IR_{3px},0.7135223368601435,models/_pretrained_weights/unimatch_weights/gmflow-scale2-regrefine6-things-776ed612.pth,GMFlow+
VIPER,validation,,C+T,gmflow-scale2-regrefine6-things-776ed612.pth,IR_{5px},0.76456934175362,models/_pretrained_weights/unimatch_weights/gmflow-scale2-regrefine6-things-776ed612.pth,GMFlow+
VIPER,validation,,C+T,gmflow-scale2-regrefine6-things-776ed612.pth,fl-kitti,0.2749400641498354,models/_pretrained_weights/unimatch_weights/gmflow-scale2-regrefine6-things-776ed612.pth,GMFlow+
VIPER,validation,,C+T,gmflow-scale2-regrefine6-things-776ed612.pth,MSE,164674.546875,models/_pretrained_weights/unimatch_weights/gmflow-scale2-regrefine6-things-776ed612.pth,GMFlow+
VIPER,validation,,C+T,gmflow-scale2-regrefine6-things-776ed612.pth,WAUC,0.5702668165778935,models/_pretrained_weights/unimatch_weights/gmflow-scale2-regrefine6-things-776ed612.pth,GMFlow+
VIPER,validation,,S,gmflow-scale2-regrefine6-sintelft-6e39e2b9.pth,EPE,43.658817291259766,models/_pretrained_weights/unimatch_weights/gmflow-scale2-regrefine6-sintelft-6e39e2b9.pth,GMFlow+
VIPER,validation,,S,gmflow-scale2-regrefine6-sintelft-6e39e2b9.pth,IR_{1px},0.6442789260265005,models/_pretrained_weights/unimatch_weights/gmflow-scale2-regrefine6-sintelft-6e39e2b9.pth,GMFlow+
VIPER,validation,,S,gmflow-scale2-regrefine6-sintelft-6e39e2b9.pth,IR_{3px},0.7735506294769575,models/_pretrained_weights/unimatch_weights/gmflow-scale2-regrefine6-sintelft-6e39e2b9.pth,GMFlow+
VIPER,validation,,S,gmflow-scale2-regrefine6-sintelft-6e39e2b9.pth,IR_{5px},0.809098657870279,models/_pretrained_weights/unimatch_weights/gmflow-scale2-regrefine6-sintelft-6e39e2b9.pth,GMFlow+
VIPER,validation,,S,gmflow-scale2-regrefine6-sintelft-6e39e2b9.pth,fl-kitti,0.2065955660146202,models/_pretrained_weights/unimatch_weights/gmflow-scale2-regrefine6-sintelft-6e39e2b9.pth,GMFlow+
VIPER,validation,,S,gmflow-scale2-regrefine6-sintelft-6e39e2b9.pth,MSE,160159.40625,models/_pretrained_weights/unimatch_weights/gmflow-scale2-regrefine6-sintelft-6e39e2b9.pth,GMFlow+
VIPER,validation,,S,gmflow-scale2-regrefine6-sintelft-6e39e2b9.pth,WAUC,0.6387717423608817,models/_pretrained_weights/unimatch_weights/gmflow-scale2-regrefine6-sintelft-6e39e2b9.pth,GMFlow+
VIPER,validation,,mixed,gmflow-scale2-regrefine6-mixdata-train320x576-4e7b215d.pth,EPE,35.51823043823242,models/_pretrained_weights/unimatch_weights/gmflow-scale2-regrefine6-mixdata-train320x576-4e7b215d.pth,GMFlow+
VIPER,validation,,mixed,gmflow-scale2-regrefine6-mixdata-train320x576-4e7b215d.pth,IR_{1px},0.5896905222758605,models/_pretrained_weights/unimatch_weights/gmflow-scale2-regrefine6-mixdata-train320x576-4e7b215d.pth,GMFlow+
VIPER,validation,,mixed,gmflow-scale2-regrefine6-mixdata-train320x576-4e7b215d.pth,IR_{3px},0.7660579152577396,models/_pretrained_weights/unimatch_weights/gmflow-scale2-regrefine6-mixdata-train320x576-4e7b215d.pth,GMFlow+
VIPER,validation,,mixed,gmflow-scale2-regrefine6-mixdata-train320x576-4e7b215d.pth,IR_{5px},0.8187083742228244,models/_pretrained_weights/unimatch_weights/gmflow-scale2-regrefine6-mixdata-train320x576-4e7b215d.pth,GMFlow+
VIPER,validation,,mixed,gmflow-scale2-regrefine6-mixdata-train320x576-4e7b215d.pth,fl-kitti,0.2141755220791809,models/_pretrained_weights/unimatch_weights/gmflow-scale2-regrefine6-mixdata-train320x576-4e7b215d.pth,GMFlow+
VIPER,validation,,mixed,gmflow-scale2-regrefine6-mixdata-train320x576-4e7b215d.pth,MSE,154726.0,models/_pretrained_weights/unimatch_weights/gmflow-scale2-regrefine6-mixdata-train320x576-4e7b215d.pth,GMFlow+
VIPER,validation,,mixed,gmflow-scale2-regrefine6-mixdata-train320x576-4e7b215d.pth,WAUC,0.5961001529786942,models/_pretrained_weights/unimatch_weights/gmflow-scale2-regrefine6-mixdata-train320x576-4e7b215d.pth,GMFlow+
VIPER,validation,,K,gmflow-scale2-regrefine6-kitti15-25b554d7.pth,EPE,49.58159255981445,models/_pretrained_weights/unimatch_weights/gmflow-scale2-regrefine6-kitti15-25b554d7.pth,GMFlow+
VIPER,validation,,K,gmflow-scale2-regrefine6-kitti15-25b554d7.pth,IR_{1px},0.5390863822728487,models/_pretrained_weights/unimatch_weights/gmflow-scale2-regrefine6-kitti15-25b554d7.pth,GMFlow+
VIPER,validation,,K,gmflow-scale2-regrefine6-kitti15-25b554d7.pth,IR_{3px},0.6943719046350113,models/_pretrained_weights/unimatch_weights/gmflow-scale2-regrefine6-kitti15-25b554d7.pth,GMFlow+
VIPER,validation,,K,gmflow-scale2-regrefine6-kitti15-25b554d7.pth,IR_{5px},0.7392885109645031,models/_pretrained_weights/unimatch_weights/gmflow-scale2-regrefine6-kitti15-25b554d7.pth,GMFlow+
VIPER,validation,,K,gmflow-scale2-regrefine6-kitti15-25b554d7.pth,fl-kitti,0.2763856186593101,models/_pretrained_weights/unimatch_weights/gmflow-scale2-regrefine6-kitti15-25b554d7.pth,GMFlow+
VIPER,validation,,K,gmflow-scale2-regrefine6-kitti15-25b554d7.pth,MSE,159980.5,models/_pretrained_weights/unimatch_weights/gmflow-scale2-regrefine6-kitti15-25b554d7.pth,GMFlow+
VIPER,validation,,K,gmflow-scale2-regrefine6-kitti15-25b554d7.pth,WAUC,0.5427097220112155,models/_pretrained_weights/unimatch_weights/gmflow-scale2-regrefine6-kitti15-25b554d7.pth,GMFlow+
VIPER,validation,,S,sintel,EPE,41.80245208740234,sintel,RPKNet
VIPER,validation,,S,sintel,IR_{1px},0.6915304777159533,sintel,RPKNet
VIPER,validation,,S,sintel,IR_{3px},0.8002776183784726,sintel,RPKNet
VIPER,validation,,S,sintel,IR_{5px},0.8289573377250176,sintel,RPKNet
VIPER,validation,,S,sintel,fl-kitti,0.1714235411467761,sintel,RPKNet
VIPER,validation,,S,sintel,MSE,155804.5,sintel,RPKNet
VIPER,validation,,S,sintel,WAUC,0.6814891096288921,sintel,RPKNet
VIPER,validation,,C,chairs,EPE,56.71962738037109,chairs,RPKNet
VIPER,validation,,C,chairs,IR_{1px},0.5131502570725727,chairs,RPKNet
VIPER,validation,,C,chairs,IR_{3px},0.7055949985324034,chairs,RPKNet
VIPER,validation,,C,chairs,IR_{5px},0.7567552508315858,chairs,RPKNet
VIPER,validation,,C,chairs,fl-kitti,0.280406805464598,chairs,RPKNet
VIPER,validation,,C,chairs,MSE,167041.40625,chairs,RPKNet
VIPER,validation,,C,chairs,WAUC,0.5442559499398301,chairs,RPKNet
VIPER,validation,,K,kitti,EPE,46.73147964477539,kitti,RPKNet
VIPER,validation,,K,kitti,IR_{1px},0.6548974854016257,kitti,RPKNet
VIPER,validation,,K,kitti,IR_{3px},0.7696230941035493,kitti,RPKNet
VIPER,validation,,K,kitti,IR_{5px},0.8033349503556378,kitti,RPKNet
VIPER,validation,,K,kitti,fl-kitti,0.1986179516802712,kitti,RPKNet
VIPER,validation,,K,kitti,MSE,156953.890625,kitti,RPKNet
VIPER,validation,,K,kitti,WAUC,0.6466208196647628,kitti,RPKNet
VIPER,validation,,C+T,things,EPE,40.10154724121094,things,RPKNet
VIPER,validation,,C+T,things,IR_{1px},0.6829421989494376,things,RPKNet
VIPER,validation,,C+T,things,IR_{3px},0.8024212623304205,things,RPKNet
VIPER,validation,,C+T,things,IR_{5px},0.8363777947969218,things,RPKNet
VIPER,validation,,C+T,things,fl-kitti,0.1769242028476378,things,RPKNet
VIPER,validation,,C+T,things,MSE,161687.453125,things,RPKNet
VIPER,validation,,C+T,things,WAUC,0.6742022757430811,things,RPKNet
VIPER,validation,,C,Tartan-C368x496-M.pth,EPE,55.51988220214844,models/_pretrained_weights/SEA-RAFT-models/Tartan-C368x496-M.pth,SEA-RAFT (L)
VIPER,validation,,C,Tartan-C368x496-M.pth,IR_{1px},0.4898834302060909,models/_pretrained_weights/SEA-RAFT-models/Tartan-C368x496-M.pth,SEA-RAFT (L)
VIPER,validation,,C,Tartan-C368x496-M.pth,IR_{3px},0.6581073780201638,models/_pretrained_weights/SEA-RAFT-models/Tartan-C368x496-M.pth,SEA-RAFT (L)
VIPER,validation,,C,Tartan-C368x496-M.pth,IR_{5px},0.7034338989234485,models/_pretrained_weights/SEA-RAFT-models/Tartan-C368x496-M.pth,SEA-RAFT (L)
VIPER,validation,,C,Tartan-C368x496-M.pth,fl-kitti,0.3280553723485011,models/_pretrained_weights/SEA-RAFT-models/Tartan-C368x496-M.pth,SEA-RAFT (L)
VIPER,validation,,C,Tartan-C368x496-M.pth,MSE,164902.75,models/_pretrained_weights/SEA-RAFT-models/Tartan-C368x496-M.pth,SEA-RAFT (L)
VIPER,validation,,C,Tartan-C368x496-M.pth,WAUC,0.5122302874938852,models/_pretrained_weights/SEA-RAFT-models/Tartan-C368x496-M.pth,SEA-RAFT (L)
VIPER,validation,,S,Tartan-C-T-TSKH432x960-M.pth,EPE,35.92070388793945,models/_pretrained_weights/SEA-RAFT-models/Tartan-C-T-TSKH432x960-M.pth,SEA-RAFT (L)
VIPER,validation,,S,Tartan-C-T-TSKH432x960-M.pth,IR_{1px},0.7028113741473501,models/_pretrained_weights/SEA-RAFT-models/Tartan-C-T-TSKH432x960-M.pth,SEA-RAFT (L)
VIPER,validation,,S,Tartan-C-T-TSKH432x960-M.pth,IR_{3px},0.8242103601871897,models/_pretrained_weights/SEA-RAFT-models/Tartan-C-T-TSKH432x960-M.pth,SEA-RAFT (L)
VIPER,validation,,S,Tartan-C-T-TSKH432x960-M.pth,IR_{5px},0.8564939625124666,models/_pretrained_weights/SEA-RAFT-models/Tartan-C-T-TSKH432x960-M.pth,SEA-RAFT (L)
VIPER,validation,,S,Tartan-C-T-TSKH432x960-M.pth,fl-kitti,0.1491763561060885,models/_pretrained_weights/SEA-RAFT-models/Tartan-C-T-TSKH432x960-M.pth,SEA-RAFT (L)
VIPER,validation,,S,Tartan-C-T-TSKH432x960-M.pth,MSE,156311.953125,models/_pretrained_weights/SEA-RAFT-models/Tartan-C-T-TSKH432x960-M.pth,SEA-RAFT (L)
VIPER,validation,,S,Tartan-C-T-TSKH432x960-M.pth,WAUC,0.6987420144868371,models/_pretrained_weights/SEA-RAFT-models/Tartan-C-T-TSKH432x960-M.pth,SEA-RAFT (L)
VIPER,validation,,mixed,Tartan-C-T-TSKH-spring540x960-M.pth,EPE,47.12760543823242,models/_pretrained_weights/SEA-RAFT-models/Tartan-C-T-TSKH-spring540x960-M.pth,SEA-RAFT (L)
VIPER,validation,,mixed,Tartan-C-T-TSKH-spring540x960-M.pth,IR_{1px},0.6769085298913746,models/_pretrained_weights/SEA-RAFT-models/Tartan-C-T-TSKH-spring540x960-M.pth,SEA-RAFT (L)
VIPER,validation,,mixed,Tartan-C-T-TSKH-spring540x960-M.pth,IR_{3px},0.7962839180404537,models/_pretrained_weights/SEA-RAFT-models/Tartan-C-T-TSKH-spring540x960-M.pth,SEA-RAFT (L)
VIPER,validation,,mixed,Tartan-C-T-TSKH-spring540x960-M.pth,IR_{5px},0.8287144865237711,models/_pretrained_weights/SEA-RAFT-models/Tartan-C-T-TSKH-spring540x960-M.pth,SEA-RAFT (L)
VIPER,validation,,mixed,Tartan-C-T-TSKH-spring540x960-M.pth,fl-kitti,0.1853814076151034,models/_pretrained_weights/SEA-RAFT-models/Tartan-C-T-TSKH-spring540x960-M.pth,SEA-RAFT (L)
VIPER,validation,,mixed,Tartan-C-T-TSKH-spring540x960-M.pth,MSE,165026.75,models/_pretrained_weights/SEA-RAFT-models/Tartan-C-T-TSKH-spring540x960-M.pth,SEA-RAFT (L)
VIPER,validation,,mixed,Tartan-C-T-TSKH-spring540x960-M.pth,WAUC,0.6742869644265459,models/_pretrained_weights/SEA-RAFT-models/Tartan-C-T-TSKH-spring540x960-M.pth,SEA-RAFT (L)
VIPER,validation,,tartan,Tartan480x640-M.pth,EPE,55.73942947387695,models/_pretrained_weights/SEA-RAFT-models/Tartan480x640-M.pth,SEA-RAFT (L)
VIPER,validation,,tartan,Tartan480x640-M.pth,IR_{1px},0.6903106236284223,models/_pretrained_weights/SEA-RAFT-models/Tartan480x640-M.pth,SEA-RAFT (L)
VIPER,validation,,tartan,Tartan480x640-M.pth,IR_{3px},0.7735887270564668,models/_pretrained_weights/SEA-RAFT-models/Tartan480x640-M.pth,SEA-RAFT (L)
VIPER,validation,,tartan,Tartan480x640-M.pth,IR_{5px},0.7970287504828252,models/_pretrained_weights/SEA-RAFT-models/Tartan480x640-M.pth,SEA-RAFT (L)
VIPER,validation,,tartan,Tartan480x640-M.pth,fl-kitti,0.2036827243707348,models/_pretrained_weights/SEA-RAFT-models/Tartan480x640-M.pth,SEA-RAFT (L)
VIPER,validation,,tartan,Tartan480x640-M.pth,MSE,162930.921875,models/_pretrained_weights/SEA-RAFT-models/Tartan480x640-M.pth,SEA-RAFT (L)
VIPER,validation,,tartan,Tartan480x640-M.pth,WAUC,0.6800721704796099,models/_pretrained_weights/SEA-RAFT-models/Tartan480x640-M.pth,SEA-RAFT (L)
VIPER,validation,,C+T,Tartan-C-T432x960-M.pth,EPE,45.59675216674805,models/_pretrained_weights/SEA-RAFT-models/Tartan-C-T432x960-M.pth,SEA-RAFT (L)
VIPER,validation,,C+T,Tartan-C-T432x960-M.pth,IR_{1px},0.6563379843108471,models/_pretrained_weights/SEA-RAFT-models/Tartan-C-T432x960-M.pth,SEA-RAFT (L)
VIPER,validation,,C+T,Tartan-C-T432x960-M.pth,IR_{3px},0.7882961867219866,models/_pretrained_weights/SEA-RAFT-models/Tartan-C-T432x960-M.pth,SEA-RAFT (L)
VIPER,validation,,C+T,Tartan-C-T432x960-M.pth,IR_{5px},0.8238915704387441,models/_pretrained_weights/SEA-RAFT-models/Tartan-C-T432x960-M.pth,SEA-RAFT (L)
VIPER,validation,,C+T,Tartan-C-T432x960-M.pth,fl-kitti,0.1901750431291007,models/_pretrained_weights/SEA-RAFT-models/Tartan-C-T432x960-M.pth,SEA-RAFT (L)
VIPER,validation,,C+T,Tartan-C-T432x960-M.pth,MSE,163290.671875,models/_pretrained_weights/SEA-RAFT-models/Tartan-C-T432x960-M.pth,SEA-RAFT (L)
VIPER,validation,,C+T,Tartan-C-T432x960-M.pth,WAUC,0.6543458780398581,models/_pretrained_weights/SEA-RAFT-models/Tartan-C-T432x960-M.pth,SEA-RAFT (L)
VIPER,validation,,K,Tartan-C-T-TSKH-kitti432x960-M.pth,EPE,38.13389587402344,models/_pretrained_weights/SEA-RAFT-models/Tartan-C-T-TSKH-kitti432x960-M.pth,SEA-RAFT (L)
VIPER,validation,,K,Tartan-C-T-TSKH-kitti432x960-M.pth,IR_{1px},0.6929424816977013,models/_pretrained_weights/SEA-RAFT-models/Tartan-C-T-TSKH-kitti432x960-M.pth,SEA-RAFT (L)
VIPER,validation,,K,Tartan-C-T-TSKH-kitti432x960-M.pth,IR_{3px},0.8064851239599117,models/_pretrained_weights/SEA-RAFT-models/Tartan-C-T-TSKH-kitti432x960-M.pth,SEA-RAFT (L)
VIPER,validation,,K,Tartan-C-T-TSKH-kitti432x960-M.pth,IR_{5px},0.8390990340428504,models/_pretrained_weights/SEA-RAFT-models/Tartan-C-T-TSKH-kitti432x960-M.pth,SEA-RAFT (L)
VIPER,validation,,K,Tartan-C-T-TSKH-kitti432x960-M.pth,fl-kitti,0.1633600977791548,models/_pretrained_weights/SEA-RAFT-models/Tartan-C-T-TSKH-kitti432x960-M.pth,SEA-RAFT (L)
VIPER,validation,,K,Tartan-C-T-TSKH-kitti432x960-M.pth,MSE,156885.53125,models/_pretrained_weights/SEA-RAFT-models/Tartan-C-T-TSKH-kitti432x960-M.pth,SEA-RAFT (L)
VIPER,validation,,K,Tartan-C-T-TSKH-kitti432x960-M.pth,WAUC,0.6845905957056316,models/_pretrained_weights/SEA-RAFT-models/Tartan-C-T-TSKH-kitti432x960-M.pth,SEA-RAFT (L)
VIPER,validation,,C+T,gmflow-scale1-things-e9887eda.pth,EPE,58.408935546875,models/_pretrained_weights/unimatch_weights/gmflow-scale1-things-e9887eda.pth,GMFlow+ (s1)
VIPER,validation,,C+T,gmflow-scale1-things-e9887eda.pth,IR_{1px},0.2891596201932583,models/_pretrained_weights/unimatch_weights/gmflow-scale1-things-e9887eda.pth,GMFlow+ (s1)
VIPER,validation,,C+T,gmflow-scale1-things-e9887eda.pth,IR_{3px},0.5901779205351457,models/_pretrained_weights/unimatch_weights/gmflow-scale1-things-e9887eda.pth,GMFlow+ (s1)
VIPER,validation,,C+T,gmflow-scale1-things-e9887eda.pth,IR_{5px},0.6733214697685177,models/_pretrained_weights/unimatch_weights/gmflow-scale1-things-e9887eda.pth,GMFlow+ (s1)
VIPER,validation,,C+T,gmflow-scale1-things-e9887eda.pth,fl-kitti,0.400587689968665,models/_pretrained_weights/unimatch_weights/gmflow-scale1-things-e9887eda.pth,GMFlow+ (s1)
VIPER,validation,,C+T,gmflow-scale1-things-e9887eda.pth,MSE,166536.25,models/_pretrained_weights/unimatch_weights/gmflow-scale1-things-e9887eda.pth,GMFlow+ (s1)
VIPER,validation,,C+T,gmflow-scale1-things-e9887eda.pth,WAUC,0.3823989154289546,models/_pretrained_weights/unimatch_weights/gmflow-scale1-things-e9887eda.pth,GMFlow+ (s1)
VIPER,validation,,mixed,gmflow-scale1-mixdata-train320x576-4c3a6e9a.pth,EPE,37.25991821289063,models/_pretrained_weights/unimatch_weights/gmflow-scale1-mixdata-train320x576-4c3a6e9a.pth,GMFlow+ (s1)
VIPER,validation,,mixed,gmflow-scale1-mixdata-train320x576-4c3a6e9a.pth,IR_{1px},0.2188364929949906,models/_pretrained_weights/unimatch_weights/gmflow-scale1-mixdata-train320x576-4c3a6e9a.pth,GMFlow+ (s1)
VIPER,validation,,mixed,gmflow-scale1-mixdata-train320x576-4c3a6e9a.pth,IR_{3px},0.6159005608508236,models/_pretrained_weights/unimatch_weights/gmflow-scale1-mixdata-train320x576-4c3a6e9a.pth,GMFlow+ (s1)
VIPER,validation,,mixed,gmflow-scale1-mixdata-train320x576-4c3a6e9a.pth,IR_{5px},0.7797748104049306,models/_pretrained_weights/unimatch_weights/gmflow-scale1-mixdata-train320x576-4c3a6e9a.pth,GMFlow+ (s1)
VIPER,validation,,mixed,gmflow-scale1-mixdata-train320x576-4c3a6e9a.pth,fl-kitti,0.3506123326213007,models/_pretrained_weights/unimatch_weights/gmflow-scale1-mixdata-train320x576-4c3a6e9a.pth,GMFlow+ (s1)
VIPER,validation,,mixed,gmflow-scale1-mixdata-train320x576-4c3a6e9a.pth,MSE,154095.140625,models/_pretrained_weights/unimatch_weights/gmflow-scale1-mixdata-train320x576-4c3a6e9a.pth,GMFlow+ (s1)
VIPER,validation,,mixed,gmflow-scale1-mixdata-train320x576-4c3a6e9a.pth,WAUC,0.3586171942237687,models/_pretrained_weights/unimatch_weights/gmflow-scale1-mixdata-train320x576-4c3a6e9a.pth,GMFlow+ (s1)
VIPER,validation,,C+T,matchflow-r-things.pth,EPE,63.88029098510742,models/_pretrained_weights/matchflow_weights/matchflow-r/matchflow-r-things.pth,MatchFlow (R)
VIPER,validation,,C+T,matchflow-r-things.pth,IR_{1px},0.6331041584724881,models/_pretrained_weights/matchflow_weights/matchflow-r/matchflow-r-things.pth,MatchFlow (R)
VIPER,validation,,C+T,matchflow-r-things.pth,IR_{3px},0.7284270632841157,models/_pretrained_weights/matchflow_weights/matchflow-r/matchflow-r-things.pth,MatchFlow (R)
VIPER,validation,,C+T,matchflow-r-things.pth,IR_{5px},0.7542394637921223,models/_pretrained_weights/matchflow_weights/matchflow-r/matchflow-r-things.pth,MatchFlow (R)
VIPER,validation,,C+T,matchflow-r-things.pth,fl-kitti,0.2672972499435837,models/_pretrained_weights/matchflow_weights/matchflow-r/matchflow-r-things.pth,MatchFlow (R)
VIPER,validation,,C+T,matchflow-r-things.pth,MSE,168350.09375,models/_pretrained_weights/matchflow_weights/matchflow-r/matchflow-r-things.pth,MatchFlow (R)
VIPER,validation,,C+T,matchflow-r-things.pth,WAUC,0.6249061602045815,models/_pretrained_weights/matchflow_weights/matchflow-r/matchflow-r-things.pth,MatchFlow (R)
Sintel,train,final,K,kitti.pth,EPE,4.222512722015381,models/_pretrained_weights/FlowFormer-Models/kitti.pth,FlowFormer
Sintel,train,final,K,kitti.pth,IR_{1px},0.7678090891874928,models/_pretrained_weights/FlowFormer-Models/kitti.pth,FlowFormer
Sintel,train,final,K,kitti.pth,IR_{3px},0.8711197478599606,models/_pretrained_weights/FlowFormer-Models/kitti.pth,FlowFormer
Sintel,train,final,K,kitti.pth,IR_{5px},0.8996361706756085,models/_pretrained_weights/FlowFormer-Models/kitti.pth,FlowFormer
Sintel,train,final,K,kitti.pth,fl-kitti,0.1262452529538629,models/_pretrained_weights/FlowFormer-Models/kitti.pth,FlowFormer
Sintel,train,final,K,kitti.pth,MSE,164.3170623779297,models/_pretrained_weights/FlowFormer-Models/kitti.pth,FlowFormer
Sintel,train,final,K,kitti.pth,WAUC,0.7355774597358317,models/_pretrained_weights/FlowFormer-Models/kitti.pth,FlowFormer
Sintel,train,final,C,chairs.pth,EPE,4.501387596130371,models/_pretrained_weights/FlowFormer-Models/chairs.pth,FlowFormer
Sintel,train,final,C,chairs.pth,IR_{1px},0.7773267910384665,models/_pretrained_weights/FlowFormer-Models/chairs.pth,FlowFormer
Sintel,train,final,C,chairs.pth,IR_{3px},0.8885728666805471,models/_pretrained_weights/FlowFormer-Models/chairs.pth,FlowFormer
Sintel,train,final,C,chairs.pth,IR_{5px},0.9138124446090452,models/_pretrained_weights/FlowFormer-Models/chairs.pth,FlowFormer
Sintel,train,final,C,chairs.pth,fl-kitti,0.1086939778499524,models/_pretrained_weights/FlowFormer-Models/chairs.pth,FlowFormer
Sintel,train,final,C,chairs.pth,MSE,213.0469970703125,models/_pretrained_weights/FlowFormer-Models/chairs.pth,FlowFormer
Sintel,train,final,C,chairs.pth,WAUC,0.744638457427161,models/_pretrained_weights/FlowFormer-Models/chairs.pth,FlowFormer
Sintel,train,final,S,sintel.pth,EPE,0.6539643406867981,models/_pretrained_weights/FlowFormer-Models/sintel.pth,FlowFormer
Sintel,train,final,S,sintel.pth,IR_{1px},0.912521568993376,models/_pretrained_weights/FlowFormer-Models/sintel.pth,FlowFormer
Sintel,train,final,S,sintel.pth,IR_{3px},0.9635393257189188,models/_pretrained_weights/FlowFormer-Models/sintel.pth,FlowFormer
Sintel,train,final,S,sintel.pth,IR_{5px},0.9771827736953485,models/_pretrained_weights/FlowFormer-Models/sintel.pth,FlowFormer
Sintel,train,final,S,sintel.pth,fl-kitti,0.0310398353914395,models/_pretrained_weights/FlowFormer-Models/sintel.pth,FlowFormer
Sintel,train,final,S,sintel.pth,MSE,9.467962265014648,models/_pretrained_weights/FlowFormer-Models/sintel.pth,FlowFormer
Sintel,train,final,S,sintel.pth,WAUC,0.8963168674272727,models/_pretrained_weights/FlowFormer-Models/sintel.pth,FlowFormer
Sintel,train,final,C+T,things.pth,EPE,2.359242677688598,models/_pretrained_weights/FlowFormer-Models/things.pth,FlowFormer
Sintel,train,final,C+T,things.pth,IR_{1px},0.8602777860686344,models/_pretrained_weights/FlowFormer-Models/things.pth,FlowFormer
Sintel,train,final,C+T,things.pth,IR_{3px},0.92547907624756,models/_pretrained_weights/FlowFormer-Models/things.pth,FlowFormer
Sintel,train,final,C+T,things.pth,IR_{5px},0.944582425527567,models/_pretrained_weights/FlowFormer-Models/things.pth,FlowFormer
Sintel,train,final,C+T,things.pth,fl-kitti,0.0705041866129185,models/_pretrained_weights/FlowFormer-Models/things.pth,FlowFormer
Sintel,train,final,C+T,things.pth,MSE,93.89695739746094,models/_pretrained_weights/FlowFormer-Models/things.pth,FlowFormer
Sintel,train,final,C+T,things.pth,WAUC,0.8342434739688063,models/_pretrained_weights/FlowFormer-Models/things.pth,FlowFormer
Sintel,train,final,K,matchflow-g-kitti.pth,EPE,4.9151930809021,models/_pretrained_weights/matchflow_weights/matchflow-g/matchflow-g-kitti.pth,MatchFlow (G)
Sintel,train,final,K,matchflow-g-kitti.pth,IR_{1px},0.7406716309045588,models/_pretrained_weights/matchflow_weights/matchflow-g/matchflow-g-kitti.pth,MatchFlow (G)
Sintel,train,final,K,matchflow-g-kitti.pth,IR_{3px},0.8611014919961619,models/_pretrained_weights/matchflow_weights/matchflow-g/matchflow-g-kitti.pth,MatchFlow (G)
Sintel,train,final,K,matchflow-g-kitti.pth,IR_{5px},0.893801498268525,models/_pretrained_weights/matchflow_weights/matchflow-g/matchflow-g-kitti.pth,MatchFlow (G)
Sintel,train,final,K,matchflow-g-kitti.pth,fl-kitti,0.1362124468949118,models/_pretrained_weights/matchflow_weights/matchflow-g/matchflow-g-kitti.pth,MatchFlow (G)
Sintel,train,final,K,matchflow-g-kitti.pth,MSE,250.6279144287109,models/_pretrained_weights/matchflow_weights/matchflow-g/matchflow-g-kitti.pth,MatchFlow (G)
Sintel,train,final,K,matchflow-g-kitti.pth,WAUC,0.7143970101945384,models/_pretrained_weights/matchflow_weights/matchflow-g/matchflow-g-kitti.pth,MatchFlow (G)
Sintel,train,final,S,matchflow-g-sintel.pth,EPE,0.8182060122489929,models/_pretrained_weights/matchflow_weights/matchflow-g/matchflow-g-sintel.pth,MatchFlow (G)
Sintel,train,final,S,matchflow-g-sintel.pth,IR_{1px},0.905284277292972,models/_pretrained_weights/matchflow_weights/matchflow-g/matchflow-g-sintel.pth,MatchFlow (G)
Sintel,train,final,S,matchflow-g-sintel.pth,IR_{3px},0.9582573299893584,models/_pretrained_weights/matchflow_weights/matchflow-g/matchflow-g-sintel.pth,MatchFlow (G)
Sintel,train,final,S,matchflow-g-sintel.pth,IR_{5px},0.9723882028764465,models/_pretrained_weights/matchflow_weights/matchflow-g/matchflow-g-sintel.pth,MatchFlow (G)
Sintel,train,final,S,matchflow-g-sintel.pth,fl-kitti,0.0372348566844248,models/_pretrained_weights/matchflow_weights/matchflow-g/matchflow-g-sintel.pth,MatchFlow (G)
Sintel,train,final,S,matchflow-g-sintel.pth,MSE,16.437623977661133,models/_pretrained_weights/matchflow_weights/matchflow-g/matchflow-g-sintel.pth,MatchFlow (G)
Sintel,train,final,S,matchflow-g-sintel.pth,WAUC,0.890593824336339,models/_pretrained_weights/matchflow_weights/matchflow-g/matchflow-g-sintel.pth,MatchFlow (G)
Sintel,train,final,C,matchflow-g-chairs.pth,EPE,4.903726100921631,models/_pretrained_weights/matchflow_weights/matchflow-g/matchflow-g-chairs.pth,MatchFlow (G)
Sintel,train,final,C,matchflow-g-chairs.pth,IR_{1px},0.7666776992435709,models/_pretrained_weights/matchflow_weights/matchflow-g/matchflow-g-chairs.pth,MatchFlow (G)
Sintel,train,final,C,matchflow-g-chairs.pth,IR_{3px},0.878544655334001,models/_pretrained_weights/matchflow_weights/matchflow-g/matchflow-g-chairs.pth,MatchFlow (G)
Sintel,train,final,C,matchflow-g-chairs.pth,IR_{5px},0.9025682572167288,models/_pretrained_weights/matchflow_weights/matchflow-g/matchflow-g-chairs.pth,MatchFlow (G)
Sintel,train,final,C,matchflow-g-chairs.pth,fl-kitti,0.1193773468861814,models/_pretrained_weights/matchflow_weights/matchflow-g/matchflow-g-chairs.pth,MatchFlow (G)
Sintel,train,final,C,matchflow-g-chairs.pth,MSE,218.09825134277344,models/_pretrained_weights/matchflow_weights/matchflow-g/matchflow-g-chairs.pth,MatchFlow (G)
Sintel,train,final,C,matchflow-g-chairs.pth,WAUC,0.7398160726093024,models/_pretrained_weights/matchflow_weights/matchflow-g/matchflow-g-chairs.pth,MatchFlow (G)
Sintel,train,final,C+T,matchflow-g-things.pth,EPE,2.4488096237182617,models/_pretrained_weights/matchflow_weights/matchflow-g/matchflow-g-things.pth,MatchFlow (G)
Sintel,train,final,C+T,matchflow-g-things.pth,IR_{1px},0.8654316557895219,models/_pretrained_weights/matchflow_weights/matchflow-g/matchflow-g-things.pth,MatchFlow (G)
Sintel,train,final,C+T,matchflow-g-things.pth,IR_{3px},0.9260565609467124,models/_pretrained_weights/matchflow_weights/matchflow-g/matchflow-g-things.pth,MatchFlow (G)
Sintel,train,final,C+T,matchflow-g-things.pth,IR_{5px},0.9437617877907458,models/_pretrained_weights/matchflow_weights/matchflow-g/matchflow-g-things.pth,MatchFlow (G)
Sintel,train,final,C+T,matchflow-g-things.pth,fl-kitti,0.070403624833655,models/_pretrained_weights/matchflow_weights/matchflow-g/matchflow-g-things.pth,MatchFlow (G)
Sintel,train,final,C+T,matchflow-g-things.pth,MSE,103.86739349365234,models/_pretrained_weights/matchflow_weights/matchflow-g/matchflow-g-things.pth,MatchFlow (G)
Sintel,train,final,C+T,matchflow-g-things.pth,WAUC,0.8449694324765934,models/_pretrained_weights/matchflow_weights/matchflow-g/matchflow-g-things.pth,MatchFlow (G)
Sintel,train,final,K,CCMR+_kitti.pth,EPE,2.720487356185913,models/_pretrained_weights/ccmr_weights/CCMR+_kitti.pth,CCMR+
Sintel,train,final,K,CCMR+_kitti.pth,IR_{1px},0.8745075510884305,models/_pretrained_weights/ccmr_weights/CCMR+_kitti.pth,CCMR+
Sintel,train,final,K,CCMR+_kitti.pth,IR_{3px},0.9262803559817272,models/_pretrained_weights/ccmr_weights/CCMR+_kitti.pth,CCMR+
Sintel,train,final,K,CCMR+_kitti.pth,IR_{5px},0.941354684601356,models/_pretrained_weights/ccmr_weights/CCMR+_kitti.pth,CCMR+
Sintel,train,final,K,CCMR+_kitti.pth,fl-kitti,0.0703793181363136,models/_pretrained_weights/ccmr_weights/CCMR+_kitti.pth,CCMR+
Sintel,train,final,K,CCMR+_kitti.pth,MSE,125.07817840576172,models/_pretrained_weights/ccmr_weights/CCMR+_kitti.pth,CCMR+
Sintel,train,final,K,CCMR+_kitti.pth,WAUC,0.8584317477442364,models/_pretrained_weights/ccmr_weights/CCMR+_kitti.pth,CCMR+
Sintel,train,final,C+T,CCMR+_things.pth,EPE,2.485847234725952,models/_pretrained_weights/ccmr_weights/CCMR+_things.pth,CCMR+
Sintel,train,final,C+T,CCMR+_things.pth,IR_{1px},0.8839997155232101,models/_pretrained_weights/ccmr_weights/CCMR+_things.pth,CCMR+
Sintel,train,final,C+T,CCMR+_things.pth,IR_{3px},0.93177503369932,models/_pretrained_weights/ccmr_weights/CCMR+_things.pth,CCMR+
Sintel,train,final,C+T,CCMR+_things.pth,IR_{5px},0.946325076087687,models/_pretrained_weights/ccmr_weights/CCMR+_things.pth,CCMR+
Sintel,train,final,C+T,CCMR+_things.pth,fl-kitti,0.0646578460444042,models/_pretrained_weights/ccmr_weights/CCMR+_things.pth,CCMR+
Sintel,train,final,C+T,CCMR+_things.pth,MSE,123.44508361816406,models/_pretrained_weights/ccmr_weights/CCMR+_things.pth,CCMR+
Sintel,train,final,C+T,CCMR+_things.pth,WAUC,0.870939639162858,models/_pretrained_weights/ccmr_weights/CCMR+_things.pth,CCMR+
Sintel,train,final,S,CCMR+_sintel.pth,EPE,0.7389118671417236,models/_pretrained_weights/ccmr_weights/CCMR+_sintel.pth,CCMR+
Sintel,train,final,S,CCMR+_sintel.pth,IR_{1px},0.9254141041895254,models/_pretrained_weights/ccmr_weights/CCMR+_sintel.pth,CCMR+
Sintel,train,final,S,CCMR+_sintel.pth,IR_{3px},0.963958981483241,models/_pretrained_weights/ccmr_weights/CCMR+_sintel.pth,CCMR+
Sintel,train,final,S,CCMR+_sintel.pth,IR_{5px},0.9754385546141732,models/_pretrained_weights/ccmr_weights/CCMR+_sintel.pth,CCMR+
Sintel,train,final,S,CCMR+_sintel.pth,fl-kitti,0.0313010231938348,models/_pretrained_weights/ccmr_weights/CCMR+_sintel.pth,CCMR+
Sintel,train,final,S,CCMR+_sintel.pth,MSE,17.336650848388672,models/_pretrained_weights/ccmr_weights/CCMR+_sintel.pth,CCMR+
Sintel,train,final,S,CCMR+_sintel.pth,WAUC,0.9154853348355286,models/_pretrained_weights/ccmr_weights/CCMR+_sintel.pth,CCMR+
Sintel,train,final,C+T,FlowNet2_checkpoint.pth.tar,EPE,3.548449993133545,models/_pretrained_weights/FlowNet/FlowNet2_checkpoint.pth.tar,FlowNet2
Sintel,train,final,C+T,FlowNet2_checkpoint.pth.tar,IR_{1px},0.804272678895227,models/_pretrained_weights/FlowNet/FlowNet2_checkpoint.pth.tar,FlowNet2
Sintel,train,final,C+T,FlowNet2_checkpoint.pth.tar,IR_{3px},0.8863716227353395,models/_pretrained_weights/FlowNet/FlowNet2_checkpoint.pth.tar,FlowNet2
Sintel,train,final,C+T,FlowNet2_checkpoint.pth.tar,IR_{5px},0.9126648315529736,models/_pretrained_weights/FlowNet/FlowNet2_checkpoint.pth.tar,FlowNet2
Sintel,train,final,C+T,FlowNet2_checkpoint.pth.tar,fl-kitti,0.1093426570528073,models/_pretrained_weights/FlowNet/FlowNet2_checkpoint.pth.tar,FlowNet2
Sintel,train,final,C+T,FlowNet2_checkpoint.pth.tar,MSE,153.669677734375,models/_pretrained_weights/FlowNet/FlowNet2_checkpoint.pth.tar,FlowNet2
Sintel,train,final,C+T,FlowNet2_checkpoint.pth.tar,WAUC,0.7816229152475608,models/_pretrained_weights/FlowNet/FlowNet2_checkpoint.pth.tar,FlowNet2
Sintel,train,final,C+T,gmflow-scale2-things-36579974.pth,EPE,2.474464178085327,models/_pretrained_weights/unimatch_weights/gmflow-scale2-things-36579974.pth,GMFlow+ (s2)
Sintel,train,final,C+T,gmflow-scale2-things-36579974.pth,IR_{1px},0.8532712175758083,models/_pretrained_weights/unimatch_weights/gmflow-scale2-things-36579974.pth,GMFlow+ (s2)
Sintel,train,final,C+T,gmflow-scale2-things-36579974.pth,IR_{3px},0.9226905664005698,models/_pretrained_weights/unimatch_weights/gmflow-scale2-things-36579974.pth,GMFlow+ (s2)
Sintel,train,final,C+T,gmflow-scale2-things-36579974.pth,IR_{5px},0.94219353783784,models/_pretrained_weights/unimatch_weights/gmflow-scale2-things-36579974.pth,GMFlow+ (s2)
Sintel,train,final,C+T,gmflow-scale2-things-36579974.pth,fl-kitti,0.0733147009384171,models/_pretrained_weights/unimatch_weights/gmflow-scale2-things-36579974.pth,GMFlow+ (s2)
Sintel,train,final,C+T,gmflow-scale2-things-36579974.pth,MSE,97.26874542236328,models/_pretrained_weights/unimatch_weights/gmflow-scale2-things-36579974.pth,GMFlow+ (s2)
Sintel,train,final,C+T,gmflow-scale2-things-36579974.pth,WAUC,0.8129164978682458,models/_pretrained_weights/unimatch_weights/gmflow-scale2-things-36579974.pth,GMFlow+ (s2)
Sintel,train,final,mixed,gmflow-scale2-mixdata-train320x576-9ff1c094.pth,EPE,1.4224566221237185,models/_pretrained_weights/unimatch_weights/gmflow-scale2-mixdata-train320x576-9ff1c094.pth,GMFlow+ (s2)
Sintel,train,final,mixed,gmflow-scale2-mixdata-train320x576-9ff1c094.pth,IR_{1px},0.8562277506686848,models/_pretrained_weights/unimatch_weights/gmflow-scale2-mixdata-train320x576-9ff1c094.pth,GMFlow+ (s2)
Sintel,train,final,mixed,gmflow-scale2-mixdata-train320x576-9ff1c094.pth,IR_{3px},0.9375827766008776,models/_pretrained_weights/unimatch_weights/gmflow-scale2-mixdata-train320x576-9ff1c094.pth,GMFlow+ (s2)
Sintel,train,final,mixed,gmflow-scale2-mixdata-train320x576-9ff1c094.pth,IR_{5px},0.9570528800989972,models/_pretrained_weights/unimatch_weights/gmflow-scale2-mixdata-train320x576-9ff1c094.pth,GMFlow+ (s2)
Sintel,train,final,mixed,gmflow-scale2-mixdata-train320x576-9ff1c094.pth,fl-kitti,0.0574851520225237,models/_pretrained_weights/unimatch_weights/gmflow-scale2-mixdata-train320x576-9ff1c094.pth,GMFlow+ (s2)
Sintel,train,final,mixed,gmflow-scale2-mixdata-train320x576-9ff1c094.pth,MSE,31.562143325805664,models/_pretrained_weights/unimatch_weights/gmflow-scale2-mixdata-train320x576-9ff1c094.pth,GMFlow+ (s2)
Sintel,train,final,mixed,gmflow-scale2-mixdata-train320x576-9ff1c094.pth,WAUC,0.8001228343901076,models/_pretrained_weights/unimatch_weights/gmflow-scale2-mixdata-train320x576-9ff1c094.pth,GMFlow+ (s2)
Sintel,train,final,S,gmflow-scale2-sintel-3ed1cf48.pth,EPE,1.109680414199829,models/_pretrained_weights/unimatch_weights/gmflow-scale2-sintel-3ed1cf48.pth,GMFlow+ (s2)
Sintel,train,final,S,gmflow-scale2-sintel-3ed1cf48.pth,IR_{1px},0.885722973654974,models/_pretrained_weights/unimatch_weights/gmflow-scale2-sintel-3ed1cf48.pth,GMFlow+ (s2)
Sintel,train,final,S,gmflow-scale2-sintel-3ed1cf48.pth,IR_{3px},0.95245176021025,models/_pretrained_weights/unimatch_weights/gmflow-scale2-sintel-3ed1cf48.pth,GMFlow+ (s2)
Sintel,train,final,S,gmflow-scale2-sintel-3ed1cf48.pth,IR_{5px},0.9684551911962188,models/_pretrained_weights/unimatch_weights/gmflow-scale2-sintel-3ed1cf48.pth,GMFlow+ (s2)
Sintel,train,final,S,gmflow-scale2-sintel-3ed1cf48.pth,fl-kitti,0.0427918685906227,models/_pretrained_weights/unimatch_weights/gmflow-scale2-sintel-3ed1cf48.pth,GMFlow+ (s2)
Sintel,train,final,S,gmflow-scale2-sintel-3ed1cf48.pth,MSE,17.117752075195312,models/_pretrained_weights/unimatch_weights/gmflow-scale2-sintel-3ed1cf48.pth,GMFlow+ (s2)
Sintel,train,final,S,gmflow-scale2-sintel-3ed1cf48.pth,WAUC,0.806081711243329,models/_pretrained_weights/unimatch_weights/gmflow-scale2-sintel-3ed1cf48.pth,GMFlow+ (s2)
Sintel,train,final,S,pwc_net.pth.tar,EPE,3.6116151809692383,models/_pretrained_weights/pwc_net.pth.tar,PWCNet
Sintel,train,final,S,pwc_net.pth.tar,IR_{1px},0.1548776129280078,models/_pretrained_weights/pwc_net.pth.tar,PWCNet
Sintel,train,final,S,pwc_net.pth.tar,IR_{3px},0.8760364524637512,models/_pretrained_weights/pwc_net.pth.tar,PWCNet
Sintel,train,final,S,pwc_net.pth.tar,IR_{5px},0.9289400491543944,models/_pretrained_weights/pwc_net.pth.tar,PWCNet
Sintel,train,final,S,pwc_net.pth.tar,fl-kitti,0.1185955284317743,models/_pretrained_weights/pwc_net.pth.tar,PWCNet
Sintel,train,final,S,pwc_net.pth.tar,MSE,77.61812591552734,models/_pretrained_weights/pwc_net.pth.tar,PWCNet
Sintel,train,final,S,pwc_net.pth.tar,WAUC,0.4205641140908855,models/_pretrained_weights/pwc_net.pth.tar,PWCNet
Sintel,train,final,C+T,pwc_net_chairs.pth.tar,EPE,5.286744594573975,models/_pretrained_weights/pwc_net_chairs.pth.tar,PWCNet
Sintel,train,final,C+T,pwc_net_chairs.pth.tar,IR_{1px},0.1676891831758564,models/_pretrained_weights/pwc_net_chairs.pth.tar,PWCNet
Sintel,train,final,C+T,pwc_net_chairs.pth.tar,IR_{3px},0.7990434362510356,models/_pretrained_weights/pwc_net_chairs.pth.tar,PWCNet
Sintel,train,final,C+T,pwc_net_chairs.pth.tar,IR_{5px},0.8910813664724783,models/_pretrained_weights/pwc_net_chairs.pth.tar,PWCNet
Sintel,train,final,C+T,pwc_net_chairs.pth.tar,fl-kitti,0.1958679952818886,models/_pretrained_weights/pwc_net_chairs.pth.tar,PWCNet
Sintel,train,final,C+T,pwc_net_chairs.pth.tar,MSE,193.9095764160156,models/_pretrained_weights/pwc_net_chairs.pth.tar,PWCNet
Sintel,train,final,C+T,pwc_net_chairs.pth.tar,WAUC,0.4003263172600234,models/_pretrained_weights/pwc_net_chairs.pth.tar,PWCNet
Sintel,train,final,C+T,_things_phase1_100000.pth,EPE,2.6269896030426025,models/_pretrained_weights/ms_raft_plus/_things_phase1_100000.pth,MS-RAFT+
Sintel,train,final,C+T,_things_phase1_100000.pth,IR_{1px},0.8831658626199667,models/_pretrained_weights/ms_raft_plus/_things_phase1_100000.pth,MS-RAFT+
Sintel,train,final,C+T,_things_phase1_100000.pth,IR_{3px},0.9286320660647126,models/_pretrained_weights/ms_raft_plus/_things_phase1_100000.pth,MS-RAFT+
Sintel,train,final,C+T,_things_phase1_100000.pth,IR_{5px},0.942945324170313,models/_pretrained_weights/ms_raft_plus/_things_phase1_100000.pth,MS-RAFT+
Sintel,train,final,C+T,_things_phase1_100000.pth,fl-kitti,0.0682119361724072,models/_pretrained_weights/ms_raft_plus/_things_phase1_100000.pth,MS-RAFT+
Sintel,train,final,C+T,_things_phase1_100000.pth,MSE,121.48590850830078,models/_pretrained_weights/ms_raft_plus/_things_phase1_100000.pth,MS-RAFT+
Sintel,train,final,C+T,_things_phase1_100000.pth,WAUC,0.8686913544640298,models/_pretrained_weights/ms_raft_plus/_things_phase1_100000.pth,MS-RAFT+
Sintel,train,final,mixed,mixed.pth,EPE,1.1066906452178955,models/_pretrained_weights/ms_raft_plus/mixed.pth,MS-RAFT+
Sintel,train,final,mixed,mixed.pth,IR_{1px},0.912578375705176,models/_pretrained_weights/ms_raft_plus/mixed.pth,MS-RAFT+
Sintel,train,final,mixed,mixed.pth,IR_{3px},0.9542623283775468,models/_pretrained_weights/ms_raft_plus/mixed.pth,MS-RAFT+
Sintel,train,final,mixed,mixed.pth,IR_{5px},0.9666962594305768,models/_pretrained_weights/ms_raft_plus/mixed.pth,MS-RAFT+
Sintel,train,final,mixed,mixed.pth,fl-kitti,0.0417240327961271,models/_pretrained_weights/ms_raft_plus/mixed.pth,MS-RAFT+
Sintel,train,final,mixed,mixed.pth,MSE,35.87446594238281,models/_pretrained_weights/ms_raft_plus/mixed.pth,MS-RAFT+
Sintel,train,final,mixed,mixed.pth,WAUC,0.902131072513299,models/_pretrained_weights/ms_raft_plus/mixed.pth,MS-RAFT+
Sintel,train,final,C+T,FlowNet2-C_checkpoint.pth.tar,EPE,4.596867561340332,models/_pretrained_weights/FlowNet/FlowNet2-C_checkpoint.pth.tar,FlowNet2C
Sintel,train,final,C+T,FlowNet2-C_checkpoint.pth.tar,IR_{1px},0.6026066853371019,models/_pretrained_weights/FlowNet/FlowNet2-C_checkpoint.pth.tar,FlowNet2C
Sintel,train,final,C+T,FlowNet2-C_checkpoint.pth.tar,IR_{3px},0.8165720678493411,models/_pretrained_weights/FlowNet/FlowNet2-C_checkpoint.pth.tar,FlowNet2C
Sintel,train,final,C+T,FlowNet2-C_checkpoint.pth.tar,IR_{5px},0.8690620397283619,models/_pretrained_weights/FlowNet/FlowNet2-C_checkpoint.pth.tar,FlowNet2C
Sintel,train,final,C+T,FlowNet2-C_checkpoint.pth.tar,fl-kitti,0.1803329991286166,models/_pretrained_weights/FlowNet/FlowNet2-C_checkpoint.pth.tar,FlowNet2C
Sintel,train,final,C+T,FlowNet2-C_checkpoint.pth.tar,MSE,157.95281982421875,models/_pretrained_weights/FlowNet/FlowNet2-C_checkpoint.pth.tar,FlowNet2C
Sintel,train,final,C+T,FlowNet2-C_checkpoint.pth.tar,WAUC,0.6035838992054718,models/_pretrained_weights/FlowNet/FlowNet2-C_checkpoint.pth.tar,FlowNet2C
Sintel,train,final,C+T,raft-things.pth,EPE,2.82270884513855,models/_pretrained_weights/raft-things.pth,RAFT
Sintel,train,final,C+T,raft-things.pth,IR_{1px},0.8502901583217387,models/_pretrained_weights/raft-things.pth,RAFT
Sintel,train,final,C+T,raft-things.pth,IR_{3px},0.9172408809241124,models/_pretrained_weights/raft-things.pth,RAFT
Sintel,train,final,C+T,raft-things.pth,IR_{5px},0.936580409885492,models/_pretrained_weights/raft-things.pth,RAFT
Sintel,train,final,C+T,raft-things.pth,fl-kitti,0.0790034621584419,models/_pretrained_weights/raft-things.pth,RAFT
Sintel,train,final,C+T,raft-things.pth,MSE,126.04324340820312,models/_pretrained_weights/raft-things.pth,RAFT
Sintel,train,final,C+T,raft-things.pth,WAUC,0.825053612088016,models/_pretrained_weights/raft-things.pth,RAFT
Sintel,train,final,S,raft-sintel.pth,EPE,1.1918882131576538,models/_pretrained_weights/raft-sintel.pth,RAFT
Sintel,train,final,S,raft-sintel.pth,IR_{1px},0.8877201721601825,models/_pretrained_weights/raft-sintel.pth,RAFT
Sintel,train,final,S,raft-sintel.pth,IR_{3px},0.9470410704479308,models/_pretrained_weights/raft-sintel.pth,RAFT
Sintel,train,final,S,raft-sintel.pth,IR_{5px},0.9633955166512992,models/_pretrained_weights/raft-sintel.pth,RAFT
Sintel,train,final,S,raft-sintel.pth,fl-kitti,0.0485022986385598,models/_pretrained_weights/raft-sintel.pth,RAFT
Sintel,train,final,S,raft-sintel.pth,MSE,33.97209930419922,models/_pretrained_weights/raft-sintel.pth,RAFT
Sintel,train,final,S,raft-sintel.pth,WAUC,0.8701818120851068,models/_pretrained_weights/raft-sintel.pth,RAFT
Sintel,train,final,K,raft-kitti.pth,EPE,5.974913597106934,models/_pretrained_weights/raft-kitti.pth,RAFT
Sintel,train,final,K,raft-kitti.pth,IR_{1px},0.7615441772642748,models/_pretrained_weights/raft-kitti.pth,RAFT
Sintel,train,final,K,raft-kitti.pth,IR_{3px},0.8574884586112177,models/_pretrained_weights/raft-kitti.pth,RAFT
Sintel,train,final,K,raft-kitti.pth,IR_{5px},0.8854614889308974,models/_pretrained_weights/raft-kitti.pth,RAFT
Sintel,train,final,K,raft-kitti.pth,fl-kitti,0.1403852852293357,models/_pretrained_weights/raft-kitti.pth,RAFT
Sintel,train,final,K,raft-kitti.pth,MSE,325.6479797363281,models/_pretrained_weights/raft-kitti.pth,RAFT
Sintel,train,final,K,raft-kitti.pth,WAUC,0.7300862720626928,models/_pretrained_weights/raft-kitti.pth,RAFT
Sintel,train,final,C,raft-chairs.pth,EPE,4.275734901428223,models/_pretrained_weights/raft-chairs.pth,RAFT
Sintel,train,final,C,raft-chairs.pth,IR_{1px},0.731607567289166,models/_pretrained_weights/raft-chairs.pth,RAFT
Sintel,train,final,C,raft-chairs.pth,IR_{3px},0.880779752654084,models/_pretrained_weights/raft-chairs.pth,RAFT
Sintel,train,final,C,raft-chairs.pth,IR_{5px},0.9097347309445476,models/_pretrained_weights/raft-chairs.pth,RAFT
Sintel,train,final,C,raft-chairs.pth,fl-kitti,0.1158696991820178,models/_pretrained_weights/raft-chairs.pth,RAFT
Sintel,train,final,C,raft-chairs.pth,MSE,184.27130126953125,models/_pretrained_weights/raft-chairs.pth,RAFT
Sintel,train,final,C,raft-chairs.pth,WAUC,0.7147758396115691,models/_pretrained_weights/raft-chairs.pth,RAFT
Sintel,train,final,C,gma-chairs.pth,EPE,4.033838272094727,models/_pretrained_weights/gma-chairs.pth,GMA
Sintel,train,final,C,gma-chairs.pth,IR_{1px},0.756234105222985,models/_pretrained_weights/gma-chairs.pth,GMA
Sintel,train,final,C,gma-chairs.pth,IR_{3px},0.8852286012072956,models/_pretrained_weights/gma-chairs.pth,GMA
Sintel,train,final,C,gma-chairs.pth,IR_{5px},0.9113559190209716,models/_pretrained_weights/gma-chairs.pth,GMA
Sintel,train,final,C,gma-chairs.pth,fl-kitti,0.1115261158196291,models/_pretrained_weights/gma-chairs.pth,GMA
Sintel,train,final,C,gma-chairs.pth,MSE,164.5238037109375,models/_pretrained_weights/gma-chairs.pth,GMA
Sintel,train,final,C,gma-chairs.pth,WAUC,0.7244603566385358,models/_pretrained_weights/gma-chairs.pth,GMA
Sintel,train,final,C+T,gma-things.pth,EPE,2.8644373416900635,models/_pretrained_weights/gma-things.pth,GMA
Sintel,train,final,C+T,gma-things.pth,IR_{1px},0.8452351398530381,models/_pretrained_weights/gma-things.pth,GMA
Sintel,train,final,C+T,gma-things.pth,IR_{3px},0.9130338169869084,models/_pretrained_weights/gma-things.pth,GMA
Sintel,train,final,C+T,gma-things.pth,IR_{5px},0.9325923106269663,models/_pretrained_weights/gma-things.pth,GMA
Sintel,train,final,C+T,gma-things.pth,fl-kitti,0.0835037405590954,models/_pretrained_weights/gma-things.pth,GMA
Sintel,train,final,C+T,gma-things.pth,MSE,116.82917785644533,models/_pretrained_weights/gma-things.pth,GMA
Sintel,train,final,C+T,gma-things.pth,WAUC,0.8186528809498745,models/_pretrained_weights/gma-things.pth,GMA
Sintel,train,final,K,gma-kitti.pth,EPE,5.712840557098389,models/_pretrained_weights/gma-kitti.pth,GMA
Sintel,train,final,K,gma-kitti.pth,IR_{1px},0.765940214638745,models/_pretrained_weights/gma-kitti.pth,GMA
Sintel,train,final,K,gma-kitti.pth,IR_{3px},0.8601646373920135,models/_pretrained_weights/gma-kitti.pth,GMA
Sintel,train,final,K,gma-kitti.pth,IR_{5px},0.8869369401003798,models/_pretrained_weights/gma-kitti.pth,GMA
Sintel,train,final,K,gma-kitti.pth,fl-kitti,0.137768940470525,models/_pretrained_weights/gma-kitti.pth,GMA
Sintel,train,final,K,gma-kitti.pth,MSE,287.2575378417969,models/_pretrained_weights/gma-kitti.pth,GMA
Sintel,train,final,K,gma-kitti.pth,WAUC,0.7343521974216612,models/_pretrained_weights/gma-kitti.pth,GMA
Sintel,train,final,S,gma-sintel.pth,EPE,1.1328260898590088,models/_pretrained_weights/gma-sintel.pth,GMA
Sintel,train,final,S,gma-sintel.pth,IR_{1px},0.8901440966082972,models/_pretrained_weights/gma-sintel.pth,GMA
Sintel,train,final,S,gma-sintel.pth,IR_{3px},0.9480478479564076,models/_pretrained_weights/gma-sintel.pth,GMA
Sintel,train,final,S,gma-sintel.pth,IR_{5px},0.9646692202964026,models/_pretrained_weights/gma-sintel.pth,GMA
Sintel,train,final,S,gma-sintel.pth,fl-kitti,0.0472159413963009,models/_pretrained_weights/gma-sintel.pth,GMA
Sintel,train,final,S,gma-sintel.pth,MSE,31.01687240600586,models/_pretrained_weights/gma-sintel.pth,GMA
Sintel,train,final,S,gma-sintel.pth,WAUC,0.8722694495327564,models/_pretrained_weights/gma-sintel.pth,GMA
Sintel,train,final,tartan,Tartan480x640-S.pth,EPE,4.96303129196167,models/_pretrained_weights/SEA-RAFT-models/Tartan480x640-S.pth,SEA-RAFT (S)
Sintel,train,final,tartan,Tartan480x640-S.pth,IR_{1px},0.7976569303379393,models/_pretrained_weights/SEA-RAFT-models/Tartan480x640-S.pth,SEA-RAFT (S)
Sintel,train,final,tartan,Tartan480x640-S.pth,IR_{3px},0.8560973095315406,models/_pretrained_weights/SEA-RAFT-models/Tartan480x640-S.pth,SEA-RAFT (S)
Sintel,train,final,tartan,Tartan480x640-S.pth,IR_{5px},0.8790884609383951,models/_pretrained_weights/SEA-RAFT-models/Tartan480x640-S.pth,SEA-RAFT (S)
Sintel,train,final,tartan,Tartan480x640-S.pth,fl-kitti,0.1416030858373212,models/_pretrained_weights/SEA-RAFT-models/Tartan480x640-S.pth,SEA-RAFT (S)
Sintel,train,final,tartan,Tartan480x640-S.pth,MSE,221.6593780517578,models/_pretrained_weights/SEA-RAFT-models/Tartan480x640-S.pth,SEA-RAFT (S)
Sintel,train,final,tartan,Tartan480x640-S.pth,WAUC,0.7825744146664155,models/_pretrained_weights/SEA-RAFT-models/Tartan480x640-S.pth,SEA-RAFT (S)
Sintel,train,final,K,Tartan-C-T-TSKH-kitti432x960-S.pth,EPE,1.755113124847412,models/_pretrained_weights/SEA-RAFT-models/Tartan-C-T-TSKH-kitti432x960-S.pth,SEA-RAFT (S)
Sintel,train,final,K,Tartan-C-T-TSKH-kitti432x960-S.pth,IR_{1px},0.8863820816939812,models/_pretrained_weights/SEA-RAFT-models/Tartan-C-T-TSKH-kitti432x960-S.pth,SEA-RAFT (S)
Sintel,train,final,K,Tartan-C-T-TSKH-kitti432x960-S.pth,IR_{3px},0.940948429041605,models/_pretrained_weights/SEA-RAFT-models/Tartan-C-T-TSKH-kitti432x960-S.pth,SEA-RAFT (S)
Sintel,train,final,K,Tartan-C-T-TSKH-kitti432x960-S.pth,IR_{5px},0.9558743377011288,models/_pretrained_weights/SEA-RAFT-models/Tartan-C-T-TSKH-kitti432x960-S.pth,SEA-RAFT (S)
Sintel,train,final,K,Tartan-C-T-TSKH-kitti432x960-S.pth,fl-kitti,0.0555409260665357,models/_pretrained_weights/SEA-RAFT-models/Tartan-C-T-TSKH-kitti432x960-S.pth,SEA-RAFT (S)
Sintel,train,final,K,Tartan-C-T-TSKH-kitti432x960-S.pth,MSE,69.1829605102539,models/_pretrained_weights/SEA-RAFT-models/Tartan-C-T-TSKH-kitti432x960-S.pth,SEA-RAFT (S)
Sintel,train,final,K,Tartan-C-T-TSKH-kitti432x960-S.pth,WAUC,0.8652886334454865,models/_pretrained_weights/SEA-RAFT-models/Tartan-C-T-TSKH-kitti432x960-S.pth,SEA-RAFT (S)
Sintel,train,final,S,Tartan-C-T-TSKH432x960-S.pth,EPE,0.7833939790725708,models/_pretrained_weights/SEA-RAFT-models/Tartan-C-T-TSKH432x960-S.pth,SEA-RAFT (S)
Sintel,train,final,S,Tartan-C-T-TSKH432x960-S.pth,IR_{1px},0.9237225327650064,models/_pretrained_weights/SEA-RAFT-models/Tartan-C-T-TSKH432x960-S.pth,SEA-RAFT (S)
Sintel,train,final,S,Tartan-C-T-TSKH432x960-S.pth,IR_{3px},0.9659540262304572,models/_pretrained_weights/SEA-RAFT-models/Tartan-C-T-TSKH432x960-S.pth,SEA-RAFT (S)
Sintel,train,final,S,Tartan-C-T-TSKH432x960-S.pth,IR_{5px},0.9763449381686848,models/_pretrained_weights/SEA-RAFT-models/Tartan-C-T-TSKH432x960-S.pth,SEA-RAFT (S)
Sintel,train,final,S,Tartan-C-T-TSKH432x960-S.pth,fl-kitti,0.0300945744611413,models/_pretrained_weights/SEA-RAFT-models/Tartan-C-T-TSKH432x960-S.pth,SEA-RAFT (S)
Sintel,train,final,S,Tartan-C-T-TSKH432x960-S.pth,MSE,18.361665725708008,models/_pretrained_weights/SEA-RAFT-models/Tartan-C-T-TSKH432x960-S.pth,SEA-RAFT (S)
Sintel,train,final,S,Tartan-C-T-TSKH432x960-S.pth,WAUC,0.9075762201590072,models/_pretrained_weights/SEA-RAFT-models/Tartan-C-T-TSKH432x960-S.pth,SEA-RAFT (S)
Sintel,train,final,C+T,Tartan-C-T432x960-S.pth,EPE,3.708941698074341,models/_pretrained_weights/SEA-RAFT-models/Tartan-C-T432x960-S.pth,SEA-RAFT (S)
Sintel,train,final,C+T,Tartan-C-T432x960-S.pth,IR_{1px},0.8680434154751243,models/_pretrained_weights/SEA-RAFT-models/Tartan-C-T432x960-S.pth,SEA-RAFT (S)
Sintel,train,final,C+T,Tartan-C-T432x960-S.pth,IR_{3px},0.9236031293686215,models/_pretrained_weights/SEA-RAFT-models/Tartan-C-T432x960-S.pth,SEA-RAFT (S)
Sintel,train,final,C+T,Tartan-C-T432x960-S.pth,IR_{5px},0.9393237316951656,models/_pretrained_weights/SEA-RAFT-models/Tartan-C-T432x960-S.pth,SEA-RAFT (S)
Sintel,train,final,C+T,Tartan-C-T432x960-S.pth,fl-kitti,0.0730226892229375,models/_pretrained_weights/SEA-RAFT-models/Tartan-C-T432x960-S.pth,SEA-RAFT (S)
Sintel,train,final,C+T,Tartan-C-T432x960-S.pth,MSE,257.7496643066406,models/_pretrained_weights/SEA-RAFT-models/Tartan-C-T432x960-S.pth,SEA-RAFT (S)
Sintel,train,final,C+T,Tartan-C-T432x960-S.pth,WAUC,0.8475231638015225,models/_pretrained_weights/SEA-RAFT-models/Tartan-C-T432x960-S.pth,SEA-RAFT (S)
Sintel,train,final,C,Tartan-C368x496-S.pth,EPE,4.718313694000244,models/_pretrained_weights/SEA-RAFT-models/Tartan-C368x496-S.pth,SEA-RAFT (S)
Sintel,train,final,C,Tartan-C368x496-S.pth,IR_{1px},0.7121963489546154,models/_pretrained_weights/SEA-RAFT-models/Tartan-C368x496-S.pth,SEA-RAFT (S)
Sintel,train,final,C,Tartan-C368x496-S.pth,IR_{3px},0.8907243568796874,models/_pretrained_weights/SEA-RAFT-models/Tartan-C368x496-S.pth,SEA-RAFT (S)
Sintel,train,final,C,Tartan-C368x496-S.pth,IR_{5px},0.9138328934761366,models/_pretrained_weights/SEA-RAFT-models/Tartan-C368x496-S.pth,SEA-RAFT (S)
Sintel,train,final,C,Tartan-C368x496-S.pth,fl-kitti,0.1062476250568712,models/_pretrained_weights/SEA-RAFT-models/Tartan-C368x496-S.pth,SEA-RAFT (S)
Sintel,train,final,C,Tartan-C368x496-S.pth,MSE,246.17898559570312,models/_pretrained_weights/SEA-RAFT-models/Tartan-C368x496-S.pth,SEA-RAFT (S)
Sintel,train,final,C,Tartan-C368x496-S.pth,WAUC,0.7104232342858129,models/_pretrained_weights/SEA-RAFT-models/Tartan-C368x496-S.pth,SEA-RAFT (S)
Sintel,train,final,mixed,Tartan-C-T-TSKH-spring540x960-S.pth,EPE,2.5738391876220703,models/_pretrained_weights/SEA-RAFT-models/Tartan-C-T-TSKH-spring540x960-S.pth,SEA-RAFT (S)
Sintel,train,final,mixed,Tartan-C-T-TSKH-spring540x960-S.pth,IR_{1px},0.8658122104109932,models/_pretrained_weights/SEA-RAFT-models/Tartan-C-T-TSKH-spring540x960-S.pth,SEA-RAFT (S)
Sintel,train,final,mixed,Tartan-C-T-TSKH-spring540x960-S.pth,IR_{3px},0.92507945193869,models/_pretrained_weights/SEA-RAFT-models/Tartan-C-T-TSKH-spring540x960-S.pth,SEA-RAFT (S)
Sintel,train,final,mixed,Tartan-C-T-TSKH-spring540x960-S.pth,IR_{5px},0.942192679346892,models/_pretrained_weights/SEA-RAFT-models/Tartan-C-T-TSKH-spring540x960-S.pth,SEA-RAFT (S)
Sintel,train,final,mixed,Tartan-C-T-TSKH-spring540x960-S.pth,fl-kitti,0.0709647939015832,models/_pretrained_weights/SEA-RAFT-models/Tartan-C-T-TSKH-spring540x960-S.pth,SEA-RAFT (S)
Sintel,train,final,mixed,Tartan-C-T-TSKH-spring540x960-S.pth,MSE,115.9255142211914,models/_pretrained_weights/SEA-RAFT-models/Tartan-C-T-TSKH-spring540x960-S.pth,SEA-RAFT (S)
Sintel,train,final,mixed,Tartan-C-T-TSKH-spring540x960-S.pth,WAUC,0.8497581684116557,models/_pretrained_weights/SEA-RAFT-models/Tartan-C-T-TSKH-spring540x960-S.pth,SEA-RAFT (S)
Sintel,train,final,C+T,FlowNet2-S_checkpoint.pth.tar,EPE,5.052349090576172,models/_pretrained_weights/FlowNet/FlowNet2-S_checkpoint.pth.tar,FlowNet2S
Sintel,train,final,C+T,FlowNet2-S_checkpoint.pth.tar,IR_{1px},0.5735344638630651,models/_pretrained_weights/FlowNet/FlowNet2-S_checkpoint.pth.tar,FlowNet2S
Sintel,train,final,C+T,FlowNet2-S_checkpoint.pth.tar,IR_{3px},0.796931281719842,models/_pretrained_weights/FlowNet/FlowNet2-S_checkpoint.pth.tar,FlowNet2S
Sintel,train,final,C+T,FlowNet2-S_checkpoint.pth.tar,IR_{5px},0.8535994386751558,models/_pretrained_weights/FlowNet/FlowNet2-S_checkpoint.pth.tar,FlowNet2S
Sintel,train,final,C+T,FlowNet2-S_checkpoint.pth.tar,fl-kitti,0.200860892571016,models/_pretrained_weights/FlowNet/FlowNet2-S_checkpoint.pth.tar,FlowNet2S
Sintel,train,final,C+T,FlowNet2-S_checkpoint.pth.tar,MSE,168.9212646484375,models/_pretrained_weights/FlowNet/FlowNet2-S_checkpoint.pth.tar,FlowNet2S
Sintel,train,final,C+T,FlowNet2-S_checkpoint.pth.tar,WAUC,0.5789942690622671,models/_pretrained_weights/FlowNet/FlowNet2-S_checkpoint.pth.tar,FlowNet2S
Sintel,train,final,C+T,skflow-things.pth,EPE,2.438002586364746,models/_pretrained_weights/skflow_weights/skflow-things.pth,SKFlow
Sintel,train,final,C+T,skflow-things.pth,IR_{1px},0.8584846351550314,models/_pretrained_weights/skflow_weights/skflow-things.pth,SKFlow
Sintel,train,final,C+T,skflow-things.pth,IR_{3px},0.9243879450107244,models/_pretrained_weights/skflow_weights/skflow-things.pth,SKFlow
Sintel,train,final,C+T,skflow-things.pth,IR_{5px},0.9428270374576426,models/_pretrained_weights/skflow_weights/skflow-things.pth,SKFlow
Sintel,train,final,C+T,skflow-things.pth,fl-kitti,0.0720291354873082,models/_pretrained_weights/skflow_weights/skflow-things.pth,SKFlow
Sintel,train,final,C+T,skflow-things.pth,MSE,98.32062530517578,models/_pretrained_weights/skflow_weights/skflow-things.pth,SKFlow
Sintel,train,final,C+T,skflow-things.pth,WAUC,0.8353141841573297,models/_pretrained_weights/skflow_weights/skflow-things.pth,SKFlow
Sintel,train,final,K,skflow-kitti.pth,EPE,3.9382383823394775,models/_pretrained_weights/skflow_weights/skflow-kitti.pth,SKFlow
Sintel,train,final,K,skflow-kitti.pth,IR_{1px},0.7720622900204296,models/_pretrained_weights/skflow_weights/skflow-kitti.pth,SKFlow
Sintel,train,final,K,skflow-kitti.pth,IR_{3px},0.8743528871665941,models/_pretrained_weights/skflow_weights/skflow-kitti.pth,SKFlow
Sintel,train,final,K,skflow-kitti.pth,IR_{5px},0.9040716061146106,models/_pretrained_weights/skflow_weights/skflow-kitti.pth,SKFlow
Sintel,train,final,K,skflow-kitti.pth,fl-kitti,0.1222170219330279,models/_pretrained_weights/skflow_weights/skflow-kitti.pth,SKFlow
Sintel,train,final,K,skflow-kitti.pth,MSE,159.81472778320312,models/_pretrained_weights/skflow_weights/skflow-kitti.pth,SKFlow
Sintel,train,final,K,skflow-kitti.pth,WAUC,0.7469014052570433,models/_pretrained_weights/skflow_weights/skflow-kitti.pth,SKFlow
Sintel,train,final,S,skflow-sintel.pth,EPE,0.7749019861221313,models/_pretrained_weights/skflow_weights/skflow-sintel.pth,SKFlow
Sintel,train,final,S,skflow-sintel.pth,IR_{1px},0.9015964734345118,models/_pretrained_weights/skflow_weights/skflow-sintel.pth,SKFlow
Sintel,train,final,S,skflow-sintel.pth,IR_{3px},0.9584236964983276,models/_pretrained_weights/skflow_weights/skflow-sintel.pth,SKFlow
Sintel,train,final,S,skflow-sintel.pth,IR_{5px},0.973275957822869,models/_pretrained_weights/skflow_weights/skflow-sintel.pth,SKFlow
Sintel,train,final,S,skflow-sintel.pth,fl-kitti,0.0361478328641798,models/_pretrained_weights/skflow_weights/skflow-sintel.pth,SKFlow
Sintel,train,final,S,skflow-sintel.pth,MSE,13.498881340026855,models/_pretrained_weights/skflow_weights/skflow-sintel.pth,SKFlow
Sintel,train,final,S,skflow-sintel.pth,WAUC,0.886155386251804,models/_pretrained_weights/skflow_weights/skflow-sintel.pth,SKFlow
Sintel,train,final,C,Tartan-C368x496-M.pth,EPE,5.749391555786133,models/_pretrained_weights/SEA-RAFT-models/Tartan-C368x496-M.pth,SEA-RAFT (M)
Sintel,train,final,C,Tartan-C368x496-M.pth,IR_{1px},0.7235480929985557,models/_pretrained_weights/SEA-RAFT-models/Tartan-C368x496-M.pth,SEA-RAFT (M)
Sintel,train,final,C,Tartan-C368x496-M.pth,IR_{3px},0.8848521776700851,models/_pretrained_weights/SEA-RAFT-models/Tartan-C368x496-M.pth,SEA-RAFT (M)
Sintel,train,final,C,Tartan-C368x496-M.pth,IR_{5px},0.9064464696339144,models/_pretrained_weights/SEA-RAFT-models/Tartan-C368x496-M.pth,SEA-RAFT (M)
Sintel,train,final,C,Tartan-C368x496-M.pth,fl-kitti,0.1125865178140615,models/_pretrained_weights/SEA-RAFT-models/Tartan-C368x496-M.pth,SEA-RAFT (M)
Sintel,train,final,C,Tartan-C368x496-M.pth,MSE,354.532958984375,models/_pretrained_weights/SEA-RAFT-models/Tartan-C368x496-M.pth,SEA-RAFT (M)
Sintel,train,final,C,Tartan-C368x496-M.pth,WAUC,0.7151249576451384,models/_pretrained_weights/SEA-RAFT-models/Tartan-C368x496-M.pth,SEA-RAFT (M)
Sintel,train,final,S,Tartan-C-T-TSKH432x960-M.pth,EPE,0.5846877098083496,models/_pretrained_weights/SEA-RAFT-models/Tartan-C-T-TSKH432x960-M.pth,SEA-RAFT (M)
Sintel,train,final,S,Tartan-C-T-TSKH432x960-M.pth,IR_{1px},0.9391955389866946,models/_pretrained_weights/SEA-RAFT-models/Tartan-C-T-TSKH432x960-M.pth,SEA-RAFT (M)
Sintel,train,final,S,Tartan-C-T-TSKH432x960-M.pth,IR_{3px},0.9745665730941656,models/_pretrained_weights/SEA-RAFT-models/Tartan-C-T-TSKH432x960-M.pth,SEA-RAFT (M)
Sintel,train,final,S,Tartan-C-T-TSKH432x960-M.pth,IR_{5px},0.9828468280192444,models/_pretrained_weights/SEA-RAFT-models/Tartan-C-T-TSKH432x960-M.pth,SEA-RAFT (M)
Sintel,train,final,S,Tartan-C-T-TSKH432x960-M.pth,fl-kitti,0.0219774285129638,models/_pretrained_weights/SEA-RAFT-models/Tartan-C-T-TSKH432x960-M.pth,SEA-RAFT (M)
Sintel,train,final,S,Tartan-C-T-TSKH432x960-M.pth,MSE,12.378650665283203,models/_pretrained_weights/SEA-RAFT-models/Tartan-C-T-TSKH432x960-M.pth,SEA-RAFT (M)
Sintel,train,final,S,Tartan-C-T-TSKH432x960-M.pth,WAUC,0.9226796550630638,models/_pretrained_weights/SEA-RAFT-models/Tartan-C-T-TSKH432x960-M.pth,SEA-RAFT (M)
Sintel,train,final,mixed,Tartan-C-T-TSKH-spring540x960-M.pth,EPE,2.2965176105499268,models/_pretrained_weights/SEA-RAFT-models/Tartan-C-T-TSKH-spring540x960-M.pth,SEA-RAFT (M)
Sintel,train,final,mixed,Tartan-C-T-TSKH-spring540x960-M.pth,IR_{1px},0.8693215363681379,models/_pretrained_weights/SEA-RAFT-models/Tartan-C-T-TSKH-spring540x960-M.pth,SEA-RAFT (M)
Sintel,train,final,mixed,Tartan-C-T-TSKH-spring540x960-M.pth,IR_{3px},0.9317478761235172,models/_pretrained_weights/SEA-RAFT-models/Tartan-C-T-TSKH-spring540x960-M.pth,SEA-RAFT (M)
Sintel,train,final,mixed,Tartan-C-T-TSKH-spring540x960-M.pth,IR_{5px},0.9472473428005392,models/_pretrained_weights/SEA-RAFT-models/Tartan-C-T-TSKH-spring540x960-M.pth,SEA-RAFT (M)
Sintel,train,final,mixed,Tartan-C-T-TSKH-spring540x960-M.pth,fl-kitti,0.0645179873261088,models/_pretrained_weights/SEA-RAFT-models/Tartan-C-T-TSKH-spring540x960-M.pth,SEA-RAFT (M)
Sintel,train,final,mixed,Tartan-C-T-TSKH-spring540x960-M.pth,MSE,93.9093780517578,models/_pretrained_weights/SEA-RAFT-models/Tartan-C-T-TSKH-spring540x960-M.pth,SEA-RAFT (M)
Sintel,train,final,mixed,Tartan-C-T-TSKH-spring540x960-M.pth,WAUC,0.8575712066971329,models/_pretrained_weights/SEA-RAFT-models/Tartan-C-T-TSKH-spring540x960-M.pth,SEA-RAFT (M)
Sintel,train,final,tartan,Tartan480x640-M.pth,EPE,5.202643394470215,models/_pretrained_weights/SEA-RAFT-models/Tartan480x640-M.pth,SEA-RAFT (M)
Sintel,train,final,tartan,Tartan480x640-M.pth,IR_{1px},0.7932887627209854,models/_pretrained_weights/SEA-RAFT-models/Tartan480x640-M.pth,SEA-RAFT (M)
Sintel,train,final,tartan,Tartan480x640-M.pth,IR_{3px},0.8548443968589438,models/_pretrained_weights/SEA-RAFT-models/Tartan480x640-M.pth,SEA-RAFT (M)
Sintel,train,final,tartan,Tartan480x640-M.pth,IR_{5px},0.8796483153748215,models/_pretrained_weights/SEA-RAFT-models/Tartan480x640-M.pth,SEA-RAFT (M)
Sintel,train,final,tartan,Tartan480x640-M.pth,fl-kitti,0.1428846966358928,models/_pretrained_weights/SEA-RAFT-models/Tartan480x640-M.pth,SEA-RAFT (M)
Sintel,train,final,tartan,Tartan480x640-M.pth,MSE,241.7939910888672,models/_pretrained_weights/SEA-RAFT-models/Tartan480x640-M.pth,SEA-RAFT (M)
Sintel,train,final,tartan,Tartan480x640-M.pth,WAUC,0.7817742553891555,models/_pretrained_weights/SEA-RAFT-models/Tartan480x640-M.pth,SEA-RAFT (M)
Sintel,train,final,C+T,Tartan-C-T432x960-M.pth,EPE,3.871281385421753,models/_pretrained_weights/SEA-RAFT-models/Tartan-C-T432x960-M.pth,SEA-RAFT (M)
Sintel,train,final,C+T,Tartan-C-T432x960-M.pth,IR_{1px},0.8691251915273941,models/_pretrained_weights/SEA-RAFT-models/Tartan-C-T432x960-M.pth,SEA-RAFT (M)
Sintel,train,final,C+T,Tartan-C-T432x960-M.pth,IR_{3px},0.923429993905962,models/_pretrained_weights/SEA-RAFT-models/Tartan-C-T432x960-M.pth,SEA-RAFT (M)
Sintel,train,final,C+T,Tartan-C-T432x960-M.pth,IR_{5px},0.938879724049768,models/_pretrained_weights/SEA-RAFT-models/Tartan-C-T432x960-M.pth,SEA-RAFT (M)
Sintel,train,final,C+T,Tartan-C-T432x960-M.pth,fl-kitti,0.0734518400262406,models/_pretrained_weights/SEA-RAFT-models/Tartan-C-T432x960-M.pth,SEA-RAFT (M)
Sintel,train,final,C+T,Tartan-C-T432x960-M.pth,MSE,270.69989013671875,models/_pretrained_weights/SEA-RAFT-models/Tartan-C-T432x960-M.pth,SEA-RAFT (M)
Sintel,train,final,C+T,Tartan-C-T432x960-M.pth,WAUC,0.8498855661058278,models/_pretrained_weights/SEA-RAFT-models/Tartan-C-T432x960-M.pth,SEA-RAFT (M)
Sintel,train,final,K,Tartan-C-T-TSKH-kitti432x960-M.pth,EPE,0.9575742483139038,models/_pretrained_weights/SEA-RAFT-models/Tartan-C-T-TSKH-kitti432x960-M.pth,SEA-RAFT (M)
Sintel,train,final,K,Tartan-C-T-TSKH-kitti432x960-M.pth,IR_{1px},0.9131587758309816,models/_pretrained_weights/SEA-RAFT-models/Tartan-C-T-TSKH-kitti432x960-M.pth,SEA-RAFT (M)
Sintel,train,final,K,Tartan-C-T-TSKH-kitti432x960-M.pth,IR_{3px},0.961225109528814,models/_pretrained_weights/SEA-RAFT-models/Tartan-C-T-TSKH-kitti432x960-M.pth,SEA-RAFT (M)
Sintel,train,final,K,Tartan-C-T-TSKH-kitti432x960-M.pth,IR_{5px},0.9733357251450562,models/_pretrained_weights/SEA-RAFT-models/Tartan-C-T-TSKH-kitti432x960-M.pth,SEA-RAFT (M)
Sintel,train,final,K,Tartan-C-T-TSKH-kitti432x960-M.pth,fl-kitti,0.0348824796034599,models/_pretrained_weights/SEA-RAFT-models/Tartan-C-T-TSKH-kitti432x960-M.pth,SEA-RAFT (M)
Sintel,train,final,K,Tartan-C-T-TSKH-kitti432x960-M.pth,MSE,25.116174697875977,models/_pretrained_weights/SEA-RAFT-models/Tartan-C-T-TSKH-kitti432x960-M.pth,SEA-RAFT (M)
Sintel,train,final,K,Tartan-C-T-TSKH-kitti432x960-M.pth,WAUC,0.8911395415173191,models/_pretrained_weights/SEA-RAFT-models/Tartan-C-T-TSKH-kitti432x960-M.pth,SEA-RAFT (M)
Sintel,train,final,mixed,MemFlowNet_spring.pth,EPE,1.6381478309631348,models/_pretrained_weights/memflow_weights/MemFlowNet_spring.pth,MemFlow
Sintel,train,final,mixed,MemFlowNet_spring.pth,IR_{1px},0.8792281776506689,models/_pretrained_weights/memflow_weights/MemFlowNet_spring.pth,MemFlow
Sintel,train,final,mixed,MemFlowNet_spring.pth,IR_{3px},0.9393426034347762,models/_pretrained_weights/memflow_weights/MemFlowNet_spring.pth,MemFlow
Sintel,train,final,mixed,MemFlowNet_spring.pth,IR_{5px},0.9564569432234796,models/_pretrained_weights/memflow_weights/MemFlowNet_spring.pth,MemFlow
Sintel,train,final,mixed,MemFlowNet_spring.pth,fl-kitti,0.0560776227634309,models/_pretrained_weights/memflow_weights/MemFlowNet_spring.pth,MemFlow
Sintel,train,final,mixed,MemFlowNet_spring.pth,MSE,58.16645050048828,models/_pretrained_weights/memflow_weights/MemFlowNet_spring.pth,MemFlow
Sintel,train,final,mixed,MemFlowNet_spring.pth,WAUC,0.862994008796801,models/_pretrained_weights/memflow_weights/MemFlowNet_spring.pth,MemFlow
Sintel,train,final,S,MemFlowNet_sintel.pth,EPE,0.509925901889801,models/_pretrained_weights/memflow_weights/MemFlowNet_sintel.pth,MemFlow
Sintel,train,final,S,MemFlowNet_sintel.pth,IR_{1px},0.9230702732891252,models/_pretrained_weights/memflow_weights/MemFlowNet_sintel.pth,MemFlow
Sintel,train,final,S,MemFlowNet_sintel.pth,IR_{3px},0.9722223635110416,models/_pretrained_weights/memflow_weights/MemFlowNet_sintel.pth,MemFlow
Sintel,train,final,S,MemFlowNet_sintel.pth,IR_{5px},0.9838625476038608,models/_pretrained_weights/memflow_weights/MemFlowNet_sintel.pth,MemFlow
Sintel,train,final,S,MemFlowNet_sintel.pth,fl-kitti,0.0228514712718892,models/_pretrained_weights/memflow_weights/MemFlowNet_sintel.pth,MemFlow
Sintel,train,final,S,MemFlowNet_sintel.pth,MSE,6.220344543457031,models/_pretrained_weights/memflow_weights/MemFlowNet_sintel.pth,MemFlow
Sintel,train,final,S,MemFlowNet_sintel.pth,WAUC,0.9075406924692292,models/_pretrained_weights/memflow_weights/MemFlowNet_sintel.pth,MemFlow
Sintel,train,final,K,MemFlowNet_kitti.pth,EPE,4.063944816589356,models/_pretrained_weights/memflow_weights/MemFlowNet_kitti.pth,MemFlow
Sintel,train,final,K,MemFlowNet_kitti.pth,IR_{1px},0.7892367994817142,models/_pretrained_weights/memflow_weights/MemFlowNet_kitti.pth,MemFlow
Sintel,train,final,K,MemFlowNet_kitti.pth,IR_{3px},0.8819199835486454,models/_pretrained_weights/memflow_weights/MemFlowNet_kitti.pth,MemFlow
Sintel,train,final,K,MemFlowNet_kitti.pth,IR_{5px},0.9082644629948488,models/_pretrained_weights/memflow_weights/MemFlowNet_kitti.pth,MemFlow
Sintel,train,final,K,MemFlowNet_kitti.pth,fl-kitti,0.1151190725653868,models/_pretrained_weights/memflow_weights/MemFlowNet_kitti.pth,MemFlow
Sintel,train,final,K,MemFlowNet_kitti.pth,MSE,174.35507202148438,models/_pretrained_weights/memflow_weights/MemFlowNet_kitti.pth,MemFlow
Sintel,train,final,K,MemFlowNet_kitti.pth,WAUC,0.7639168568251276,models/_pretrained_weights/memflow_weights/MemFlowNet_kitti.pth,MemFlow
Sintel,train,final,C+T,MemFlowNet_things.pth,EPE,2.3329548835754395,models/_pretrained_weights/memflow_weights/MemFlowNet_things.pth,MemFlow
Sintel,train,final,C+T,MemFlowNet_things.pth,IR_{1px},0.8699161478541221,models/_pretrained_weights/memflow_weights/MemFlowNet_things.pth,MemFlow
Sintel,train,final,C+T,MemFlowNet_things.pth,IR_{3px},0.9296092245596816,models/_pretrained_weights/memflow_weights/MemFlowNet_things.pth,MemFlow
Sintel,train,final,C+T,MemFlowNet_things.pth,IR_{5px},0.9470090437868768,models/_pretrained_weights/memflow_weights/MemFlowNet_things.pth,MemFlow
Sintel,train,final,C+T,MemFlowNet_things.pth,fl-kitti,0.0667028489402942,models/_pretrained_weights/memflow_weights/MemFlowNet_things.pth,MemFlow
Sintel,train,final,C+T,MemFlowNet_things.pth,MSE,116.61802673339844,models/_pretrained_weights/memflow_weights/MemFlowNet_things.pth,MemFlow
Sintel,train,final,C+T,MemFlowNet_things.pth,WAUC,0.8483663998708663,models/_pretrained_weights/memflow_weights/MemFlowNet_things.pth,MemFlow
Sintel,train,final,C+T,gmflow-scale2-regrefine6-things-776ed612.pth,EPE,2.740129232406616,models/_pretrained_weights/unimatch_weights/gmflow-scale2-regrefine6-things-776ed612.pth,GMFlow+
Sintel,train,final,C+T,gmflow-scale2-regrefine6-things-776ed612.pth,IR_{1px},0.8695714131757627,models/_pretrained_weights/unimatch_weights/gmflow-scale2-regrefine6-things-776ed612.pth,GMFlow+
Sintel,train,final,C+T,gmflow-scale2-regrefine6-things-776ed612.pth,IR_{3px},0.928481533227137,models/_pretrained_weights/unimatch_weights/gmflow-scale2-regrefine6-things-776ed612.pth,GMFlow+
Sintel,train,final,C+T,gmflow-scale2-regrefine6-things-776ed612.pth,IR_{5px},0.945594037695593,models/_pretrained_weights/unimatch_weights/gmflow-scale2-regrefine6-things-776ed612.pth,GMFlow+
Sintel,train,final,C+T,gmflow-scale2-regrefine6-things-776ed612.pth,fl-kitti,0.0675307698647317,models/_pretrained_weights/unimatch_weights/gmflow-scale2-regrefine6-things-776ed612.pth,GMFlow+
Sintel,train,final,C+T,gmflow-scale2-regrefine6-things-776ed612.pth,MSE,181.98097229003903,models/_pretrained_weights/unimatch_weights/gmflow-scale2-regrefine6-things-776ed612.pth,GMFlow+
Sintel,train,final,C+T,gmflow-scale2-regrefine6-things-776ed612.pth,WAUC,0.8438786672471766,models/_pretrained_weights/unimatch_weights/gmflow-scale2-regrefine6-things-776ed612.pth,GMFlow+
Sintel,train,final,S,gmflow-scale2-regrefine6-sintelft-6e39e2b9.pth,EPE,0.6275843381881714,models/_pretrained_weights/unimatch_weights/gmflow-scale2-regrefine6-sintelft-6e39e2b9.pth,GMFlow+
Sintel,train,final,S,gmflow-scale2-regrefine6-sintelft-6e39e2b9.pth,IR_{1px},0.9187130014069096,models/_pretrained_weights/unimatch_weights/gmflow-scale2-regrefine6-sintelft-6e39e2b9.pth,GMFlow+
Sintel,train,final,S,gmflow-scale2-regrefine6-sintelft-6e39e2b9.pth,IR_{3px},0.9664517358196402,models/_pretrained_weights/unimatch_weights/gmflow-scale2-regrefine6-sintelft-6e39e2b9.pth,GMFlow+
Sintel,train,final,S,gmflow-scale2-regrefine6-sintelft-6e39e2b9.pth,IR_{5px},0.9786317730159227,models/_pretrained_weights/unimatch_weights/gmflow-scale2-regrefine6-sintelft-6e39e2b9.pth,GMFlow+
Sintel,train,final,S,gmflow-scale2-regrefine6-sintelft-6e39e2b9.pth,fl-kitti,0.0281592109718568,models/_pretrained_weights/unimatch_weights/gmflow-scale2-regrefine6-sintelft-6e39e2b9.pth,GMFlow+
Sintel,train,final,S,gmflow-scale2-regrefine6-sintelft-6e39e2b9.pth,MSE,10.121074676513672,models/_pretrained_weights/unimatch_weights/gmflow-scale2-regrefine6-sintelft-6e39e2b9.pth,GMFlow+
Sintel,train,final,S,gmflow-scale2-regrefine6-sintelft-6e39e2b9.pth,WAUC,0.9018982769640884,models/_pretrained_weights/unimatch_weights/gmflow-scale2-regrefine6-sintelft-6e39e2b9.pth,GMFlow+
Sintel,train,final,mixed,gmflow-scale2-regrefine6-mixdata-train320x576-4e7b215d.pth,EPE,1.0707257986068726,models/_pretrained_weights/unimatch_weights/gmflow-scale2-regrefine6-mixdata-train320x576-4e7b215d.pth,GMFlow+
Sintel,train,final,mixed,gmflow-scale2-regrefine6-mixdata-train320x576-4e7b215d.pth,IR_{1px},0.9006915508207363,models/_pretrained_weights/unimatch_weights/gmflow-scale2-regrefine6-mixdata-train320x576-4e7b215d.pth,GMFlow+
Sintel,train,final,mixed,gmflow-scale2-regrefine6-mixdata-train320x576-4e7b215d.pth,IR_{3px},0.9516364455476276,models/_pretrained_weights/unimatch_weights/gmflow-scale2-regrefine6-mixdata-train320x576-4e7b215d.pth,GMFlow+
Sintel,train,final,mixed,gmflow-scale2-regrefine6-mixdata-train320x576-4e7b215d.pth,IR_{5px},0.965769997184666,models/_pretrained_weights/unimatch_weights/gmflow-scale2-regrefine6-mixdata-train320x576-4e7b215d.pth,GMFlow+
Sintel,train,final,mixed,gmflow-scale2-regrefine6-mixdata-train320x576-4e7b215d.pth,fl-kitti,0.0439407661557066,models/_pretrained_weights/unimatch_weights/gmflow-scale2-regrefine6-mixdata-train320x576-4e7b215d.pth,GMFlow+
Sintel,train,final,mixed,gmflow-scale2-regrefine6-mixdata-train320x576-4e7b215d.pth,MSE,25.1485652923584,models/_pretrained_weights/unimatch_weights/gmflow-scale2-regrefine6-mixdata-train320x576-4e7b215d.pth,GMFlow+
Sintel,train,final,mixed,gmflow-scale2-regrefine6-mixdata-train320x576-4e7b215d.pth,WAUC,0.8649296962621933,models/_pretrained_weights/unimatch_weights/gmflow-scale2-regrefine6-mixdata-train320x576-4e7b215d.pth,GMFlow+
Sintel,train,final,K,gmflow-scale2-regrefine6-kitti15-25b554d7.pth,EPE,5.0533647537231445,models/_pretrained_weights/unimatch_weights/gmflow-scale2-regrefine6-kitti15-25b554d7.pth,GMFlow+
Sintel,train,final,K,gmflow-scale2-regrefine6-kitti15-25b554d7.pth,IR_{1px},0.7582982466576774,models/_pretrained_weights/unimatch_weights/gmflow-scale2-regrefine6-kitti15-25b554d7.pth,GMFlow+
Sintel,train,final,K,gmflow-scale2-regrefine6-kitti15-25b554d7.pth,IR_{3px},0.8509757806062394,models/_pretrained_weights/unimatch_weights/gmflow-scale2-regrefine6-kitti15-25b554d7.pth,GMFlow+
Sintel,train,final,K,gmflow-scale2-regrefine6-kitti15-25b554d7.pth,IR_{5px},0.8775512027238718,models/_pretrained_weights/unimatch_weights/gmflow-scale2-regrefine6-kitti15-25b554d7.pth,GMFlow+
Sintel,train,final,K,gmflow-scale2-regrefine6-kitti15-25b554d7.pth,fl-kitti,0.1462750753372066,models/_pretrained_weights/unimatch_weights/gmflow-scale2-regrefine6-kitti15-25b554d7.pth,GMFlow+
Sintel,train,final,K,gmflow-scale2-regrefine6-kitti15-25b554d7.pth,MSE,209.93707275390625,models/_pretrained_weights/unimatch_weights/gmflow-scale2-regrefine6-kitti15-25b554d7.pth,GMFlow+
Sintel,train,final,K,gmflow-scale2-regrefine6-kitti15-25b554d7.pth,WAUC,0.725387932271425,models/_pretrained_weights/unimatch_weights/gmflow-scale2-regrefine6-kitti15-25b554d7.pth,GMFlow+
Sintel,train,final,S,sintel,EPE,1.460019588470459,sintel,RPKNet
Sintel,train,final,S,sintel,IR_{1px},0.8903102242889579,sintel,RPKNet
Sintel,train,final,S,sintel,IR_{3px},0.9469525555128218,sintel,RPKNet
Sintel,train,final,S,sintel,IR_{5px},0.9621564086852742,sintel,RPKNet
Sintel,train,final,S,sintel,fl-kitti,0.0488533934653958,sintel,RPKNet
Sintel,train,final,S,sintel,MSE,48.66133499145508,sintel,RPKNet
Sintel,train,final,S,sintel,WAUC,0.871826340941839,sintel,RPKNet
Sintel,train,final,C,chairs,EPE,3.771849393844605,chairs,RPKNet
Sintel,train,final,C,chairs,IR_{1px},0.743075726148221,chairs,RPKNet
Sintel,train,final,C,chairs,IR_{3px},0.8867172395723171,chairs,RPKNet
Sintel,train,final,C,chairs,IR_{5px},0.9163072214554472,chairs,RPKNet
Sintel,train,final,C,chairs,fl-kitti,0.1095181227051827,chairs,RPKNet
Sintel,train,final,C,chairs,MSE,155.35494995117188,chairs,RPKNet
Sintel,train,final,C,chairs,WAUC,0.7296689762105051,chairs,RPKNet
Sintel,train,final,K,kitti,EPE,1.9298748970031736,kitti,RPKNet
Sintel,train,final,K,kitti,IR_{1px},0.8499606957455064,kitti,RPKNet
Sintel,train,final,K,kitti,IR_{3px},0.9238145698797688,kitti,RPKNet
Sintel,train,final,K,kitti,IR_{5px},0.9443063464573748,kitti,RPKNet
Sintel,train,final,K,kitti,fl-kitti,0.0723314985811102,kitti,RPKNet
Sintel,train,final,K,kitti,MSE,58.30265426635742,kitti,RPKNet
Sintel,train,final,K,kitti,WAUC,0.8242861431345867,kitti,RPKNet
Sintel,train,final,C+T,things,EPE,2.5456817150115967,things,RPKNet
Sintel,train,final,C+T,things,IR_{1px},0.8566145879808031,things,RPKNet
Sintel,train,final,C+T,things,IR_{3px},0.9237038955504918,things,RPKNet
Sintel,train,final,C+T,things,IR_{5px},0.9420506216868704,things,RPKNet
Sintel,train,final,C+T,things,fl-kitti,0.0726291561117463,things,RPKNet
Sintel,train,final,C+T,things,MSE,110.0610122680664,things,RPKNet
Sintel,train,final,C+T,things,WAUC,0.8327503317364621,things,RPKNet
Sintel,train,final,C,Tartan-C368x496-M.pth,EPE,9.26237964630127,models/_pretrained_weights/SEA-RAFT-models/Tartan-C368x496-M.pth,SEA-RAFT (L)
Sintel,train,final,C,Tartan-C368x496-M.pth,IR_{1px},0.6864314154464821,models/_pretrained_weights/SEA-RAFT-models/Tartan-C368x496-M.pth,SEA-RAFT (L)
Sintel,train,final,C,Tartan-C368x496-M.pth,IR_{3px},0.8783311923128508,models/_pretrained_weights/SEA-RAFT-models/Tartan-C368x496-M.pth,SEA-RAFT (L)
Sintel,train,final,C,Tartan-C368x496-M.pth,IR_{5px},0.9004478620330774,models/_pretrained_weights/SEA-RAFT-models/Tartan-C368x496-M.pth,SEA-RAFT (L)
Sintel,train,final,C,Tartan-C368x496-M.pth,fl-kitti,0.1195786662408896,models/_pretrained_weights/SEA-RAFT-models/Tartan-C368x496-M.pth,SEA-RAFT (L)
Sintel,train,final,C,Tartan-C368x496-M.pth,MSE,1012.0059814453124,models/_pretrained_weights/SEA-RAFT-models/Tartan-C368x496-M.pth,SEA-RAFT (L)
Sintel,train,final,C,Tartan-C368x496-M.pth,WAUC,0.697902184300373,models/_pretrained_weights/SEA-RAFT-models/Tartan-C368x496-M.pth,SEA-RAFT (L)
Sintel,train,final,S,Tartan-C-T-TSKH432x960-M.pth,EPE,0.613023579120636,models/_pretrained_weights/SEA-RAFT-models/Tartan-C-T-TSKH432x960-M.pth,SEA-RAFT (L)
Sintel,train,final,S,Tartan-C-T-TSKH432x960-M.pth,IR_{1px},0.9363184432015847,models/_pretrained_weights/SEA-RAFT-models/Tartan-C-T-TSKH432x960-M.pth,SEA-RAFT (L)
Sintel,train,final,S,Tartan-C-T-TSKH432x960-M.pth,IR_{3px},0.9736482954595528,models/_pretrained_weights/SEA-RAFT-models/Tartan-C-T-TSKH432x960-M.pth,SEA-RAFT (L)
Sintel,train,final,S,Tartan-C-T-TSKH432x960-M.pth,IR_{5px},0.9821445888786254,models/_pretrained_weights/SEA-RAFT-models/Tartan-C-T-TSKH432x960-M.pth,SEA-RAFT (L)
Sintel,train,final,S,Tartan-C-T-TSKH432x960-M.pth,fl-kitti,0.0229228034784004,models/_pretrained_weights/SEA-RAFT-models/Tartan-C-T-TSKH432x960-M.pth,SEA-RAFT (L)
Sintel,train,final,S,Tartan-C-T-TSKH432x960-M.pth,MSE,13.210723876953123,models/_pretrained_weights/SEA-RAFT-models/Tartan-C-T-TSKH432x960-M.pth,SEA-RAFT (L)
Sintel,train,final,S,Tartan-C-T-TSKH432x960-M.pth,WAUC,0.9198634614651424,models/_pretrained_weights/SEA-RAFT-models/Tartan-C-T-TSKH432x960-M.pth,SEA-RAFT (L)
Sintel,train,final,mixed,Tartan-C-T-TSKH-spring540x960-M.pth,EPE,2.2151124477386475,models/_pretrained_weights/SEA-RAFT-models/Tartan-C-T-TSKH-spring540x960-M.pth,SEA-RAFT (L)
Sintel,train,final,mixed,Tartan-C-T-TSKH-spring540x960-M.pth,IR_{1px},0.8738867502495175,models/_pretrained_weights/SEA-RAFT-models/Tartan-C-T-TSKH-spring540x960-M.pth,SEA-RAFT (L)
Sintel,train,final,mixed,Tartan-C-T-TSKH-spring540x960-M.pth,IR_{3px},0.9346695338284852,models/_pretrained_weights/SEA-RAFT-models/Tartan-C-T-TSKH-spring540x960-M.pth,SEA-RAFT (L)
Sintel,train,final,mixed,Tartan-C-T-TSKH-spring540x960-M.pth,IR_{5px},0.9498578588576504,models/_pretrained_weights/SEA-RAFT-models/Tartan-C-T-TSKH-spring540x960-M.pth,SEA-RAFT (L)
Sintel,train,final,mixed,Tartan-C-T-TSKH-spring540x960-M.pth,fl-kitti,0.0613075539216658,models/_pretrained_weights/SEA-RAFT-models/Tartan-C-T-TSKH-spring540x960-M.pth,SEA-RAFT (L)
Sintel,train,final,mixed,Tartan-C-T-TSKH-spring540x960-M.pth,MSE,95.00785064697266,models/_pretrained_weights/SEA-RAFT-models/Tartan-C-T-TSKH-spring540x960-M.pth,SEA-RAFT (L)
Sintel,train,final,mixed,Tartan-C-T-TSKH-spring540x960-M.pth,WAUC,0.8607712983999435,models/_pretrained_weights/SEA-RAFT-models/Tartan-C-T-TSKH-spring540x960-M.pth,SEA-RAFT (L)
Sintel,train,final,tartan,Tartan480x640-M.pth,EPE,5.56234073638916,models/_pretrained_weights/SEA-RAFT-models/Tartan480x640-M.pth,SEA-RAFT (L)
Sintel,train,final,tartan,Tartan480x640-M.pth,IR_{1px},0.7829940361946325,models/_pretrained_weights/SEA-RAFT-models/Tartan480x640-M.pth,SEA-RAFT (L)
Sintel,train,final,tartan,Tartan480x640-M.pth,IR_{3px},0.8428769319187674,models/_pretrained_weights/SEA-RAFT-models/Tartan480x640-M.pth,SEA-RAFT (L)
Sintel,train,final,tartan,Tartan480x640-M.pth,IR_{5px},0.8677545687726385,models/_pretrained_weights/SEA-RAFT-models/Tartan480x640-M.pth,SEA-RAFT (L)
Sintel,train,final,tartan,Tartan480x640-M.pth,fl-kitti,0.1550386520595658,models/_pretrained_weights/SEA-RAFT-models/Tartan480x640-M.pth,SEA-RAFT (L)
Sintel,train,final,tartan,Tartan480x640-M.pth,MSE,262.8363647460937,models/_pretrained_weights/SEA-RAFT-models/Tartan480x640-M.pth,SEA-RAFT (L)
Sintel,train,final,tartan,Tartan480x640-M.pth,WAUC,0.7722891146608185,models/_pretrained_weights/SEA-RAFT-models/Tartan480x640-M.pth,SEA-RAFT (L)
Sintel,train,final,C+T,Tartan-C-T432x960-M.pth,EPE,3.4631035327911377,models/_pretrained_weights/SEA-RAFT-models/Tartan-C-T432x960-M.pth,SEA-RAFT (L)
Sintel,train,final,C+T,Tartan-C-T432x960-M.pth,IR_{1px},0.8665185182392878,models/_pretrained_weights/SEA-RAFT-models/Tartan-C-T432x960-M.pth,SEA-RAFT (L)
Sintel,train,final,C+T,Tartan-C-T432x960-M.pth,IR_{3px},0.9258288865653836,models/_pretrained_weights/SEA-RAFT-models/Tartan-C-T432x960-M.pth,SEA-RAFT (L)
Sintel,train,final,C+T,Tartan-C-T432x960-M.pth,IR_{5px},0.9420484033806866,models/_pretrained_weights/SEA-RAFT-models/Tartan-C-T432x960-M.pth,SEA-RAFT (L)
Sintel,train,final,C+T,Tartan-C-T432x960-M.pth,fl-kitti,0.070693788319249,models/_pretrained_weights/SEA-RAFT-models/Tartan-C-T432x960-M.pth,SEA-RAFT (L)
Sintel,train,final,C+T,Tartan-C-T432x960-M.pth,MSE,216.90354919433597,models/_pretrained_weights/SEA-RAFT-models/Tartan-C-T432x960-M.pth,SEA-RAFT (L)
Sintel,train,final,C+T,Tartan-C-T432x960-M.pth,WAUC,0.847541900799446,models/_pretrained_weights/SEA-RAFT-models/Tartan-C-T432x960-M.pth,SEA-RAFT (L)
Sintel,train,final,K,Tartan-C-T-TSKH-kitti432x960-M.pth,EPE,0.930163323879242,models/_pretrained_weights/SEA-RAFT-models/Tartan-C-T-TSKH-kitti432x960-M.pth,SEA-RAFT (L)
Sintel,train,final,K,Tartan-C-T-TSKH-kitti432x960-M.pth,IR_{1px},0.9135156089920484,models/_pretrained_weights/SEA-RAFT-models/Tartan-C-T-TSKH-kitti432x960-M.pth,SEA-RAFT (L)
Sintel,train,final,K,Tartan-C-T-TSKH-kitti432x960-M.pth,IR_{3px},0.9626814372207386,models/_pretrained_weights/SEA-RAFT-models/Tartan-C-T-TSKH-kitti432x960-M.pth,SEA-RAFT (L)
Sintel,train,final,K,Tartan-C-T-TSKH-kitti432x960-M.pth,IR_{5px},0.9745393165444692,models/_pretrained_weights/SEA-RAFT-models/Tartan-C-T-TSKH-kitti432x960-M.pth,SEA-RAFT (L)
Sintel,train,final,K,Tartan-C-T-TSKH-kitti432x960-M.pth,fl-kitti,0.0332361457032041,models/_pretrained_weights/SEA-RAFT-models/Tartan-C-T-TSKH-kitti432x960-M.pth,SEA-RAFT (L)
Sintel,train,final,K,Tartan-C-T-TSKH-kitti432x960-M.pth,MSE,24.77904319763184,models/_pretrained_weights/SEA-RAFT-models/Tartan-C-T-TSKH-kitti432x960-M.pth,SEA-RAFT (L)
Sintel,train,final,K,Tartan-C-T-TSKH-kitti432x960-M.pth,WAUC,0.8913828976742999,models/_pretrained_weights/SEA-RAFT-models/Tartan-C-T-TSKH-kitti432x960-M.pth,SEA-RAFT (L)
Sintel,train,final,C+T,gmflow-scale1-things-e9887eda.pth,EPE,2.954622268676758,models/_pretrained_weights/unimatch_weights/gmflow-scale1-things-e9887eda.pth,GMFlow+ (s1)
Sintel,train,final,C+T,gmflow-scale1-things-e9887eda.pth,IR_{1px},0.7904993556541324,models/_pretrained_weights/unimatch_weights/gmflow-scale1-things-e9887eda.pth,GMFlow+ (s1)
Sintel,train,final,C+T,gmflow-scale1-things-e9887eda.pth,IR_{3px},0.9020646651356868,models/_pretrained_weights/unimatch_weights/gmflow-scale1-things-e9887eda.pth,GMFlow+ (s1)
Sintel,train,final,C+T,gmflow-scale1-things-e9887eda.pth,IR_{5px},0.9289784230542868,models/_pretrained_weights/unimatch_weights/gmflow-scale1-things-e9887eda.pth,GMFlow+ (s1)
Sintel,train,final,C+T,gmflow-scale1-things-e9887eda.pth,fl-kitti,0.0941238932481008,models/_pretrained_weights/unimatch_weights/gmflow-scale1-things-e9887eda.pth,GMFlow+ (s1)
Sintel,train,final,C+T,gmflow-scale1-things-e9887eda.pth,MSE,122.9593276977539,models/_pretrained_weights/unimatch_weights/gmflow-scale1-things-e9887eda.pth,GMFlow+ (s1)
Sintel,train,final,C+T,gmflow-scale1-things-e9887eda.pth,WAUC,0.7519512153828669,models/_pretrained_weights/unimatch_weights/gmflow-scale1-things-e9887eda.pth,GMFlow+ (s1)
Sintel,train,final,mixed,gmflow-scale1-mixdata-train320x576-4c3a6e9a.pth,EPE,2.014445304870605,models/_pretrained_weights/unimatch_weights/gmflow-scale1-mixdata-train320x576-4c3a6e9a.pth,GMFlow+ (s1)
Sintel,train,final,mixed,gmflow-scale1-mixdata-train320x576-4c3a6e9a.pth,IR_{1px},0.6869908718357272,models/_pretrained_weights/unimatch_weights/gmflow-scale1-mixdata-train320x576-4c3a6e9a.pth,GMFlow+ (s1)
Sintel,train,final,mixed,gmflow-scale1-mixdata-train320x576-4c3a6e9a.pth,IR_{3px},0.9204273303721724,models/_pretrained_weights/unimatch_weights/gmflow-scale1-mixdata-train320x576-4c3a6e9a.pth,GMFlow+ (s1)
Sintel,train,final,mixed,gmflow-scale1-mixdata-train320x576-4c3a6e9a.pth,IR_{5px},0.9451605535570288,models/_pretrained_weights/unimatch_weights/gmflow-scale1-mixdata-train320x576-4c3a6e9a.pth,GMFlow+ (s1)
Sintel,train,final,mixed,gmflow-scale1-mixdata-train320x576-4c3a6e9a.pth,fl-kitti,0.0751154125968601,models/_pretrained_weights/unimatch_weights/gmflow-scale1-mixdata-train320x576-4c3a6e9a.pth,GMFlow+ (s1)
Sintel,train,final,mixed,gmflow-scale1-mixdata-train320x576-4c3a6e9a.pth,MSE,41.05946731567383,models/_pretrained_weights/unimatch_weights/gmflow-scale1-mixdata-train320x576-4c3a6e9a.pth,GMFlow+ (s1)
Sintel,train,final,mixed,gmflow-scale1-mixdata-train320x576-4c3a6e9a.pth,WAUC,0.6894207376206443,models/_pretrained_weights/unimatch_weights/gmflow-scale1-mixdata-train320x576-4c3a6e9a.pth,GMFlow+ (s1)
Sintel,train,final,C+T,matchflow-r-things.pth,EPE,2.614349365234375,models/_pretrained_weights/matchflow_weights/matchflow-r/matchflow-r-things.pth,MatchFlow (R)
Sintel,train,final,C+T,matchflow-r-things.pth,IR_{1px},0.863737276518669,models/_pretrained_weights/matchflow_weights/matchflow-r/matchflow-r-things.pth,MatchFlow (R)
Sintel,train,final,C+T,matchflow-r-things.pth,IR_{3px},0.924779741775562,models/_pretrained_weights/matchflow_weights/matchflow-r/matchflow-r-things.pth,MatchFlow (R)
Sintel,train,final,C+T,matchflow-r-things.pth,IR_{5px},0.942584366379804,models/_pretrained_weights/matchflow_weights/matchflow-r/matchflow-r-things.pth,MatchFlow (R)
Sintel,train,final,C+T,matchflow-r-things.pth,fl-kitti,0.071891140060143,models/_pretrained_weights/matchflow_weights/matchflow-r/matchflow-r-things.pth,MatchFlow (R)
Sintel,train,final,C+T,matchflow-r-things.pth,MSE,112.55964660644533,models/_pretrained_weights/matchflow_weights/matchflow-r/matchflow-r-things.pth,MatchFlow (R)
Sintel,train,final,C+T,matchflow-r-things.pth,WAUC,0.842739668222684,models/_pretrained_weights/matchflow_weights/matchflow-r/matchflow-r-things.pth,MatchFlow (R)
